HIERARCHY
ROOT mixamorig:Hips
{
	OFFSET 0.000000 99.791901 0.000000
	CHANNELS 6 Xposition Yposition Zposition Yrotation Xrotation Zrotation
	JOINT mixamorig:Spine
	{
		OFFSET 0.000038 9.923500 -1.227300
		CHANNELS 3 Yrotation Xrotation Zrotation
		JOINT mixamorig:Spine1
		{
			OFFSET -0.001154 11.645462 -1.422353
			CHANNELS 3 Yrotation Xrotation Zrotation
			JOINT mixamorig:Spine2
			{
				OFFSET -0.001065 13.360161 -1.626458
				CHANNELS 3 Yrotation Xrotation Zrotation
				JOINT mixamorig:Neck
				{
					OFFSET -0.001308 15.032516 0.792905
					CHANNELS 3 Yrotation Xrotation Zrotation
					JOINT mixamorig:Head
					{
						OFFSET -0.000902 10.321808 3.142400
						CHANNELS 3 Yrotation Xrotation Zrotation
						End Site
						{
							OFFSET -0.001707 19.630493 -0.000000
						}
					}
				}
				JOINT mixamorig:LeftShoulder
				{
					OFFSET 6.105007 9.110962 0.705601
					CHANNELS 3 Yrotation Xrotation Zrotation
					JOINT mixamorig:LeftArm
					{
						OFFSET 12.655048 -0.266434 -2.600898
						CHANNELS 3 Yrotation Xrotation Zrotation
						JOINT mixamorig:LeftForeArm
						{
							OFFSET 27.404696 0.000000 0.000000
							CHANNELS 3 Yrotation Xrotation Zrotation
							JOINT mixamorig:LeftHand
							{
								OFFSET 27.614513 0.000000 0.000000
								CHANNELS 3 Yrotation Xrotation Zrotation
								JOINT mixamorig:LeftHandThumb1
								{
									OFFSET 3.788795 -2.167099 3.003002
									CHANNELS 3 Yrotation Xrotation Zrotation
									JOINT mixamorig:LeftHandThumb2
									{
										OFFSET 3.675461 -2.122025 2.122029
										CHANNELS 3 Yrotation Xrotation Zrotation
										JOINT mixamorig:LeftHandThumb3
										{
											OFFSET 3.394363 -1.959732 1.959735
											CHANNELS 3 Yrotation Xrotation Zrotation
											End Site
											{
												OFFSET 2.679413 -1.546967 1.546960
											}
										}
									}
								}
								JOINT mixamorig:LeftHandIndex1
								{
									OFFSET 12.266594 -0.231796 2.822001
									CHANNELS 3 Yrotation Xrotation Zrotation
									JOINT mixamorig:LeftHandIndex2
									{
										OFFSET 3.891998 0.000000 0.000000
										CHANNELS 3 Yrotation Xrotation Zrotation
										JOINT mixamorig:LeftHandIndex3
										{
											OFFSET 3.415207 0.000000 0.000000
											CHANNELS 3 Yrotation Xrotation Zrotation
											End Site
											{
												OFFSET 3.077995 0.000000 0.000000
											}
										}
									}
								}
								JOINT mixamorig:LeftHandMiddle1
								{
									OFFSET 12.775497 0.000000 0.000000
									CHANNELS 3 Yrotation Xrotation Zrotation
									JOINT mixamorig:LeftHandMiddle2
									{
										OFFSET 3.613998 0.000000 0.000000
										CHANNELS 3 Yrotation Xrotation Zrotation
										JOINT mixamorig:LeftHandMiddle3
										{
											OFFSET 3.459793 0.000000 0.000000
											CHANNELS 3 Yrotation Xrotation Zrotation
											End Site
											{
												OFFSET 3.680214 0.000000 0.000000
											}
										}
									}
								}
								JOINT mixamorig:LeftHandRing1
								{
									OFFSET 12.146996 0.009995 -2.216599
									CHANNELS 3 Yrotation Xrotation Zrotation
									JOINT mixamorig:LeftHandRing2
									{
										OFFSET 3.601196 0.000000 0.000000
										CHANNELS 3 Yrotation Xrotation Zrotation
										JOINT mixamorig:LeftHandRing3
										{
											OFFSET 3.307304 0.000000 0.000000
											CHANNELS 3 Yrotation Xrotation Zrotation
											End Site
											{
												OFFSET 3.660095 0.000000 0.000000
											}
										}
									}
								}
								JOINT mixamorig:LeftHandPinky1
								{
									OFFSET 10.908195 -0.226105 -4.725800
									CHANNELS 3 Yrotation Xrotation Zrotation
									JOINT mixamorig:LeftHandPinky2
									{
										OFFSET 4.136703 0.000000 0.000000
										CHANNELS 3 Yrotation Xrotation Zrotation
										JOINT mixamorig:LeftHandPinky3
										{
											OFFSET 2.594803 0.000000 0.000000
											CHANNELS 3 Yrotation Xrotation Zrotation
											End Site
											{
												OFFSET 2.923904 0.000000 0.000000
											}
										}
									}
								}
							}
						}
					}
				}
				JOINT mixamorig:RightShoulder
				{
					OFFSET -6.106493 9.110001 0.705582
					CHANNELS 3 Yrotation Xrotation Zrotation
					JOINT mixamorig:RightArm
					{
						OFFSET -12.655064 -0.265533 -2.600914
						CHANNELS 3 Yrotation Xrotation Zrotation
						JOINT mixamorig:RightForeArm
						{
							OFFSET -27.404697 0.000000 -0.000000
							CHANNELS 3 Yrotation Xrotation Zrotation
							JOINT mixamorig:RightHand
							{
								OFFSET -27.614510 0.000000 -0.000000
								CHANNELS 3 Yrotation Xrotation Zrotation
								JOINT mixamorig:RightHandThumb1
								{
									OFFSET -3.788803 -2.167099 3.003001
									CHANNELS 3 Yrotation Xrotation Zrotation
									JOINT mixamorig:RightHandThumb2
									{
										OFFSET -3.675461 -2.122025 2.122028
										CHANNELS 3 Yrotation Xrotation Zrotation
										JOINT mixamorig:RightHandThumb3
										{
											OFFSET -3.394363 -1.959732 1.959735
											CHANNELS 3 Yrotation Xrotation Zrotation
											End Site
											{
												OFFSET -2.679413 -1.546967 1.546959
											}
										}
									}
								}
								JOINT mixamorig:RightHandIndex1
								{
									OFFSET -12.266602 -0.231796 2.822000
									CHANNELS 3 Yrotation Xrotation Zrotation
									JOINT mixamorig:RightHandIndex2
									{
										OFFSET -3.891998 0.000000 0.000000
										CHANNELS 3 Yrotation Xrotation Zrotation
										JOINT mixamorig:RightHandIndex3
										{
											OFFSET -3.415207 0.000000 0.000000
											CHANNELS 3 Yrotation Xrotation Zrotation
											End Site
											{
												OFFSET -3.077995 0.000000 0.000000
											}
										}
									}
								}
								JOINT mixamorig:RightHandMiddle1
								{
									OFFSET -12.775505 0.000000 -0.000000
									CHANNELS 3 Yrotation Xrotation Zrotation
									JOINT mixamorig:RightHandMiddle2
									{
										OFFSET -3.613998 0.000000 0.000000
										CHANNELS 3 Yrotation Xrotation Zrotation
										JOINT mixamorig:RightHandMiddle3
										{
											OFFSET -3.459793 0.000000 0.000000
											CHANNELS 3 Yrotation Xrotation Zrotation
											End Site
											{
												OFFSET -3.680214 0.000000 0.000000
											}
										}
									}
								}
								JOINT mixamorig:RightHandRing1
								{
									OFFSET -12.147003 0.009995 -2.216600
									CHANNELS 3 Yrotation Xrotation Zrotation
									JOINT mixamorig:RightHandRing2
									{
										OFFSET -3.601196 0.000000 0.000000
										CHANNELS 3 Yrotation Xrotation Zrotation
										JOINT mixamorig:RightHandRing3
										{
											OFFSET -3.307304 0.000000 0.000000
											CHANNELS 3 Yrotation Xrotation Zrotation
											End Site
											{
												OFFSET -3.660103 0.000000 0.000000
											}
										}
									}
								}
								JOINT mixamorig:RightHandPinky1
								{
									OFFSET -10.908203 -0.226105 -4.725801
									CHANNELS 3 Yrotation Xrotation Zrotation
									JOINT mixamorig:RightHandPinky2
									{
										OFFSET -4.136703 0.000000 0.000000
										CHANNELS 3 Yrotation Xrotation Zrotation
										JOINT mixamorig:RightHandPinky3
										{
											OFFSET -2.594803 0.000000 0.000000
											CHANNELS 3 Yrotation Xrotation Zrotation
											End Site
											{
												OFFSET -2.923904 0.000000 0.000000
											}
										}
									}
								}
							}
						}
					}
				}
			}
		}
	}
	JOINT mixamorig:LeftUpLeg
	{
		OFFSET 9.124481 -6.656403 -0.055368
		CHANNELS 3 Yrotation Xrotation Zrotation
		JOINT mixamorig:LeftLeg
		{
			OFFSET 0.244688 -40.595383 -0.515629
			CHANNELS 3 Yrotation Xrotation Zrotation
			JOINT mixamorig:LeftFoot
			{
				OFFSET -0.244684 -42.047905 -2.059130
				CHANNELS 3 Yrotation Xrotation Zrotation
				JOINT mixamorig:LeftToeBase
				{
					OFFSET 0.373535 -7.208565 13.966596
					CHANNELS 3 Yrotation Xrotation Zrotation
					End Site
					{
						OFFSET -0.142057 -0.175231 9.997458
					}
				}
			}
		}
	}
	JOINT mixamorig:RightUpLeg
	{
		OFFSET -9.124419 -6.656395 -0.055432
		CHANNELS 3 Yrotation Xrotation Zrotation
		JOINT mixamorig:RightLeg
		{
			OFFSET -0.244683 -40.595413 -0.514284
			CHANNELS 3 Yrotation Xrotation Zrotation
			JOINT mixamorig:RightFoot
			{
				OFFSET 0.244687 -42.047836 -2.060526
				CHANNELS 3 Yrotation Xrotation Zrotation
				JOINT mixamorig:RightToeBase
				{
					OFFSET -0.373540 -7.208565 13.966594
					CHANNELS 3 Yrotation Xrotation Zrotation
					End Site
					{
						OFFSET 0.141792 -0.175015 9.997463
					}
				}
			}
		}
	}
}
MOTION
Frames: 299
Frame Time: 0.033333
0.086475 97.979553 0.279287 -0.104678 -1.521154 -1.114765 -0.130144 0.968033 0.063534 -2.478659 1.019963 0.102041 -2.475043 1.014864 0.145512 0.881354 -2.749804 -1.469786 -1.531474 5.575648 3.545593 7.381448 -0.353787 -0.503704 -24.563343 2.237698 -71.557112 -29.295037 -0.000005 -0.000013 13.895275 8.164039 -11.383859 12.796045 -12.442055 4.268388 13.518490 8.883197 4.584584 2.515402 -0.231060 2.844660 1.133581 -0.057746 -21.120400 4.007553 1.278970 -35.388627 2.059110 0.313663 -17.321660 2.229044 0.285227 -27.270546 2.800152 0.592194 -23.879192 1.768810 0.230051 -14.819431 1.775253 -0.193510 -33.464683 2.050428 0.310962 -17.246226 1.319657 0.127084 -11.001645 6.562765 3.790510 -46.506072 -1.571869 0.466576 -21.580415 0.921701 0.061699 -7.660016 2.418615 0.993913 -3.672725 25.519533 -2.448434 73.746638 27.096023 0.000001 0.000008 -14.800820 -1.951551 1.341043 -23.260424 5.410218 -8.449131 1.189561 5.588220 -0.062865 1.067677 -2.062533 -2.970396 -5.091338 0.878215 11.033369 -4.347778 1.517552 38.467677 -0.975138 0.068415 8.027525 -7.101038 2.197390 20.297458 -3.403490 0.885280 29.153221 -0.800934 -1.554692 5.361327 -4.970538 1.773079 29.418963 -2.614805 0.507954 21.984243 -1.290132 -1.740900 8.415781 -7.149982 3.689181 37.519233 -2.070241 0.313908 17.243117 -0.942869 0.063952 7.760270 4.066380 -10.107799 2.088944 10.141120 22.691546 4.885519 2.734687 -11.018417 -4.115140 0.000002 -0.464216 -0.000001 -13.491584 -10.320510 -4.056553 -4.453578 18.388316 -2.783723 -4.396001 -5.475791 6.957281 -0.000008 -0.000027 0.000004 
0.265532 97.941681 0.243125 -0.119954 -1.544078 -1.214411 -0.115439 1.005494 0.055933 -2.459171 1.089721 0.086816 -2.455574 1.085220 0.131699 0.859657 -2.719343 -1.418959 -1.546486 5.532411 3.590657 7.241735 -0.344925 -0.440412 -24.690832 2.164066 -71.602560 -29.273067 -0.000016 -0.000012 13.881084 8.227548 -11.407535 12.801408 -12.444996 4.276857 13.512313 8.871163 4.580824 2.514325 -0.230868 2.843011 1.153494 -0.052982 -21.227825 3.988761 1.265681 -35.198137 2.048261 0.310282 -17.227617 2.221605 0.278943 -27.388138 2.785848 0.585912 -23.749789 1.761123 0.228005 -14.753601 1.734444 -0.224629 -33.551272 2.044132 0.309004 -17.191653 1.316090 0.126394 -10.971625 6.507011 3.739002 -46.652586 -1.571858 0.466576 -21.580408 0.921829 0.061718 -7.661170 2.663832 1.040180 -3.521133 25.597961 -2.443490 73.630607 27.155941 0.000002 0.000002 -14.757138 -1.984144 1.278100 -23.269778 5.361427 -8.565882 1.224322 5.530657 -0.026792 1.067720 -2.060964 -2.966218 -5.044951 0.872263 11.086457 -4.346104 1.516221 38.450219 -0.968913 0.067535 7.975947 -7.049732 2.194112 20.478750 -3.395378 0.880763 29.077259 -0.789654 -1.573729 5.274629 -4.898685 1.736156 29.539554 -2.606002 0.504420 21.906397 -1.283065 -1.751823 8.359991 -7.071550 3.643726 37.725857 -2.067336 0.313021 17.218205 -0.930193 0.062225 7.655202 4.110088 -10.288650 2.099172 10.102483 23.058220 4.878569 2.757683 -11.210878 -4.000696 0.000014 -0.445760 0.000000 -13.593567 -10.361719 -4.044991 -4.486062 18.429252 -2.854631 -4.264767 -5.426585 7.072733 0.000002 -0.000010 -0.000003 
0.438613 97.911888 0.230470 -0.124299 -1.570652 -1.305635 -0.100488 1.037693 0.046608 -2.435042 1.150866 0.069361 -2.431499 1.147048 0.115556 0.841027 -2.665763 -1.374194 -1.559334 5.534622 3.633804 7.179846 -0.341144 -0.400153 -24.730694 2.125126 -71.610709 -29.243653 0.000011 -0.000029 13.873659 8.306480 -11.407561 12.807670 -12.447219 4.284478 13.505466 8.857592 4.577107 2.509842 -0.232318 2.841047 1.176169 -0.047058 -21.333343 3.971460 1.253531 -35.023403 2.038210 0.307171 -17.140522 2.217830 0.274251 -27.518100 2.772717 0.580118 -23.631070 1.754014 0.226154 -14.692625 1.697521 -0.254427 -33.656997 2.038419 0.307252 -17.142105 1.312764 0.125737 -10.943511 6.454794 3.692939 -46.842896 -1.571837 0.466571 -21.580401 0.921935 0.061737 -7.661949 2.810089 1.066971 -3.445867 25.669009 -2.453481 73.619426 27.188225 -0.000002 0.000029 -14.708324 -2.144865 1.260413 -23.282286 5.335008 -8.645474 1.251160 5.486235 0.001437 1.069046 -2.060666 -2.963831 -5.046773 0.880245 11.201288 -4.340822 1.512021 38.395068 -0.957999 0.066025 7.885567 -7.023233 2.185000 20.491985 -3.398478 0.882495 29.106308 -0.777014 -1.565932 5.195342 -4.849156 1.706784 29.507466 -2.615904 0.508398 21.993979 -1.275688 -1.736722 8.326789 -7.014764 3.599794 37.737304 -2.077616 0.316204 17.306417 -0.924412 0.061446 7.607456 4.150817 -10.414065 2.110064 10.038388 23.358455 4.840456 2.788924 -11.384815 -3.880173 0.000002 -0.439525 0.000001 -13.685420 -10.354368 -4.043021 -4.538849 18.417050 -2.928697 -4.134623 -5.369670 7.191419 0.000002 -0.000014 0.000001 
0.591843 97.905540 0.282302 -0.100474 -1.615296 -1.367430 -0.086071 1.057137 0.032650 -2.400374 1.191508 0.044732 -2.396959 1.188637 0.092128 0.834424 -2.549125 -1.356816 -1.565941 5.642963 3.672202 7.162313 -0.338828 -0.395300 -24.718381 2.118311 -71.576134 -29.208378 -0.000004 0.000007 13.880453 8.387363 -11.392702 12.814467 -12.447888 4.289815 13.497264 8.840413 4.573979 2.496171 -0.237977 2.837723 1.189382 -0.043185 -21.381938 3.963561 1.248000 -34.943801 2.033641 0.305773 -17.100883 2.214919 0.270308 -27.630805 2.766719 0.577513 -23.576949 1.750756 0.225287 -14.664833 1.672053 -0.277923 -33.782744 2.035945 0.306481 -17.120747 1.311146 0.125430 -10.929970 6.418315 3.666706 -47.102730 -1.571854 0.466580 -21.580425 0.921920 0.061726 -7.661822 2.896208 1.082974 -3.413476 25.747339 -2.462823 73.673931 27.212502 -0.000000 0.000008 -14.659674 -2.377082 1.271576 -23.261434 5.327269 -8.573098 1.211734 5.558314 -0.024386 1.043231 -2.050179 -2.968866 -5.179998 0.926769 11.477830 -4.325322 1.499772 38.233446 -0.934943 0.062883 7.694440 -7.054540 2.147111 19.942745 -3.437118 0.904149 29.469179 -0.762690 -1.473651 5.155079 -4.850727 1.690731 28.985438 -2.683976 0.536312 22.597003 -1.267711 -1.638446 8.368092 -7.006189 3.546226 37.118417 -2.129368 0.332556 17.751484 -0.940389 0.063616 7.739783 4.154737 -10.376507 2.121793 9.927890 23.475224 4.720817 2.847458 -11.507609 -3.748104 -0.000001 -0.454436 0.000001 -13.737145 -10.207000 -4.074509 -4.640547 18.262575 -3.007700 -4.021159 -5.294392 7.318228 -0.000001 -0.000055 -0.000001 
0.732624 97.891762 0.334693 -0.069696 -1.670078 -1.418553 -0.072120 1.079121 0.014642 -2.368264 1.236871 0.014800 -2.364973 1.235152 0.063632 0.830236 -2.415978 -1.347076 -1.574591 5.723681 3.716183 7.145578 -0.335837 -0.412266 -24.648305 2.139054 -71.517675 -29.165485 0.000010 -0.000018 13.907799 8.461421 -11.358238 12.817731 -12.448843 4.294094 13.490161 8.824504 4.572024 2.480824 -0.244336 2.833528 1.150322 -0.056709 -21.321603 3.967293 1.250596 -34.981302 2.036237 0.306583 -17.123414 2.181670 0.252892 -27.635883 2.769527 0.578737 -23.602323 1.752617 0.225779 -14.680708 1.643610 -0.299823 -33.839291 2.037259 0.306889 -17.132198 1.311959 0.125594 -10.936698 6.394844 3.648627 -47.254005 -1.571864 0.466554 -21.580425 0.921893 0.061734 -7.661576 2.954388 1.095624 -3.395515 25.828577 -2.453507 73.766145 27.245474 -0.000007 0.000037 -14.613765 -2.638425 1.297346 -23.174200 5.250370 -8.421263 1.102736 5.756593 -0.096709 0.962786 -2.015275 -2.978738 -5.283961 0.963453 11.686769 -4.316271 1.492672 38.139117 -0.917638 0.060545 7.551275 -7.053763 2.083730 19.255627 -3.485448 0.931710 29.924934 -0.754594 -1.371430 5.162570 -4.827651 1.658235 28.391133 -2.761714 0.569216 23.288843 -1.260838 -1.529722 8.427735 -6.975913 3.470335 36.419993 -2.187343 0.351386 18.251307 -0.958925 0.066152 7.893229 4.049652 -10.339230 2.137725 9.921915 23.618181 4.630700 2.901269 -11.642006 -3.637543 0.000014 -0.471296 0.000001 -13.772132 -10.086709 -4.113726 -4.706350 18.187709 -3.078123 -3.962719 -5.261290 7.444924 -0.000005 -0.000021 -0.000005 
0.862538 97.859650 0.385206 -0.030230 -1.728507 -1.472207 -0.055859 1.103028 -0.008751 -2.334231 1.285527 -0.020762 -2.331012 1.285212 0.029626 0.820933 -2.261956 -1.323953 -1.586834 5.773410 3.758768 7.063810 -0.330357 -0.409400 -24.507731 2.170685 -71.486734 -29.113111 0.000006 -0.000016 13.954485 8.519747 -11.297138 12.814948 -12.450763 4.297176 13.486482 8.814783 4.572160 2.470539 -0.248279 2.829412 1.060159 -0.087203 -21.168295 3.981059 1.260249 -35.120379 2.045066 0.309292 -17.199820 2.114595 0.219898 -27.553994 2.779981 0.583312 -23.696716 1.758868 0.227413 -14.734330 1.602979 -0.327036 -33.844274 2.041873 0.308300 -17.172043 1.314794 0.126150 -10.960642 6.372739 3.628052 -47.328648 -1.571837 0.466581 -21.580427 0.921779 0.061707 -7.660751 3.037948 1.116279 -3.350601 25.891420 -2.405180 73.849870 27.305230 0.000016 -0.000002 -14.570952 -2.868215 1.317062 -23.058304 5.144965 -8.236456 0.965774 6.004307 -0.189326 0.860959 -1.970689 -2.990068 -5.340854 0.981986 11.774981 -4.317549 1.493696 38.152463 -0.910155 0.059566 7.489430 -7.020973 2.005932 18.539633 -3.539277 0.963024 30.434903 -0.755818 -1.272592 5.232393 -4.784360 1.615957 27.826976 -2.840292 0.603620 23.991944 -1.257111 -1.424901 8.506125 -6.930076 3.387901 35.776138 -2.244973 0.370665 18.749633 -0.979364 0.069015 8.062458 3.811923 -10.352663 2.161775 10.063032 23.863276 4.615810 2.943771 -11.822824 -3.568607 0.000004 -0.485192 -0.000000 -13.794056 -10.032690 -4.145506 -4.732075 18.259227 -3.146085 -3.965941 -5.300419 7.576636 0.000002 -0.000020 0.000007 
0.982233 97.805298 0.431927 0.016031 -1.785039 -1.537618 -0.035631 1.127844 -0.037577 -2.295631 1.335168 -0.060909 -2.292385 1.336506 -0.008963 0.800908 -2.085650 -1.270673 -1.602391 5.798822 3.792211 6.865111 -0.321910 -0.338070 -24.278382 2.194856 -71.543534 -29.050342 0.000005 -0.000029 14.011028 8.557541 -11.203231 12.806769 -12.453511 4.299129 13.485969 8.812268 4.571785 2.471120 -0.247274 2.826510 0.935839 -0.128710 -20.966347 4.000416 1.273927 -35.316176 2.057344 0.313103 -17.306344 2.021292 0.174712 -27.429232 2.794681 0.589782 -23.829741 1.767591 0.229719 -14.808856 1.546294 -0.363587 -33.826461 2.048309 0.310304 -17.227807 1.318713 0.126902 -10.993826 6.342028 3.596479 -47.372382 -1.571868 0.466577 -21.580420 0.921604 0.061694 -7.659226 3.193597 1.154235 -3.246824 25.905121 -2.305630 73.886732 27.400887 -0.000007 0.000008 -14.528482 -3.021005 1.316345 -22.953039 5.052243 -8.069249 0.844243 6.222481 -0.273498 0.771807 -1.931512 -2.999527 -5.340967 0.976437 11.695214 -4.332327 1.505311 38.306409 -0.915985 0.060336 7.537690 -6.962266 1.925042 17.880629 -3.594309 0.995669 30.959011 -0.768594 -1.189571 5.373915 -4.731532 1.573033 27.375168 -2.911463 0.635769 24.632065 -1.258111 -1.337452 8.600619 -6.881686 3.316932 35.294835 -2.296123 0.388253 19.193074 -1.000288 0.072025 8.235911 3.479220 -10.440715 2.194718 10.328424 24.237882 4.691168 2.971248 -12.061778 -3.547467 -0.000008 -0.495428 -0.000003 -13.817501 -10.060718 -4.158359 -4.724700 18.495418 -3.216951 -4.010894 -5.419425 7.713041 -0.000015 -0.000037 0.000001 
1.091252 97.731628 0.474316 0.064067 -1.837636 -1.615113 -0.011797 1.152423 -0.070176 -2.253390 1.383315 -0.103456 -2.250015 1.386485 -0.050036 0.769120 -1.889677 -1.182625 -1.619537 5.815041 3.811030 6.541463 -0.310275 -0.173865 -23.956373 2.203158 -71.722211 -28.978939 -0.000002 -0.000022 14.063765 8.575069 -11.078499 12.795225 -12.456601 4.299842 13.487874 8.817631 4.567337 2.487918 -0.238877 2.825817 0.804309 -0.172293 -20.773634 4.019513 1.287497 -35.509839 2.069460 0.316901 -17.411395 1.918472 0.124978 -27.309265 2.809226 0.596229 -23.961381 1.776168 0.231995 -14.882301 1.477784 -0.407896 -33.808682 2.054647 0.312280 -17.282826 1.322560 0.127644 -11.026330 6.299639 3.551793 -47.411724 -1.571864 0.466554 -21.580435 0.921395 0.061663 -7.657417 3.441251 1.212297 -3.075893 25.847902 -2.156885 73.861229 27.528750 -0.000007 0.000033 -14.482704 -3.083884 1.294478 -22.881777 4.994283 -7.953403 0.764376 6.364921 -0.330443 0.714838 -1.906385 -3.005231 -5.285013 0.945069 11.420323 -4.361991 1.528869 38.616356 -0.937076 0.063160 7.712295 -6.887208 1.848186 17.313809 -3.647190 1.027718 31.465356 -0.793612 -1.130574 5.587698 -4.682253 1.537426 27.071936 -2.969619 0.662741 25.157291 -1.264247 -1.276581 8.704554 -6.845973 3.271367 35.023796 -2.336638 0.402506 19.545307 -1.019501 0.074825 8.395173 3.133880 -10.598164 2.233658 10.638855 24.724300 4.834633 2.987710 -12.349833 -3.564056 0.000004 -0.494902 0.000002 -13.863690 -10.162361 -4.149138 -4.690370 18.869318 -3.293727 -4.067050 -5.605091 7.850108 -0.000010 -0.000027 -0.000003 
1.188289 97.645012 0.512990 0.108713 -1.886662 -1.696667 0.013366 1.175617 -0.103918 -2.211924 1.427799 -0.145927 -2.208389 1.432854 -0.091139 0.729373 -1.680008 -1.069146 -1.636134 5.839992 3.814015 6.132751 -0.294797 0.064735 -23.570232 2.202215 -72.009045 -28.904466 -0.000013 -0.000018 14.101292 8.574829 -10.937371 12.779881 -12.459899 4.298564 13.495019 8.837719 4.560224 2.526977 -0.220286 2.828153 0.692636 -0.209631 -20.641487 4.033254 1.297313 -35.649551 2.078192 0.319637 -17.487144 1.826263 0.080205 -27.223206 2.819737 0.600922 -24.056524 1.782328 0.233625 -14.935375 1.409515 -0.452031 -33.791743 2.059195 0.313685 -17.322319 1.325391 0.128204 -11.050053 6.252092 3.500303 -47.427256 -1.571858 0.466569 -21.580416 0.921280 0.061642 -7.656538 3.771614 1.286802 -2.851293 25.722197 -1.972847 73.778255 27.676797 0.000006 0.000006 -14.432560 -3.071580 1.262527 -22.844030 4.966277 -7.894983 0.725738 6.433460 -0.358710 0.688136 -1.894486 -3.007467 -5.182037 0.891262 10.953575 -4.405620 1.563990 39.074713 -0.973265 0.068152 8.011977 -6.804579 1.777368 16.825708 -3.695923 1.057807 31.934413 -0.829747 -1.098448 5.863405 -4.646211 1.513479 26.904728 -3.012592 0.683113 25.547117 -1.274783 -1.245570 8.808253 -6.833252 3.256668 34.946728 -2.365131 0.412685 19.793304 -1.034338 0.077023 8.518302 2.855021 -10.799929 2.273395 10.905015 25.277000 5.001362 3.003136 -12.665291 -3.598970 0.000001 -0.485646 0.000001 -13.943024 -10.317993 -4.124373 -4.634877 19.336457 -3.376085 -4.112309 -5.836592 7.983005 -0.000001 -0.000029 -0.000002 
1.271781 97.551437 0.548823 0.147405 -1.932193 -1.771293 0.036672 1.196284 -0.136240 -2.177291 1.466946 -0.186666 -2.173662 1.473804 -0.130608 0.688179 -1.463832 -0.948168 -1.650496 5.887090 3.804564 5.704201 -0.275407 0.324286 -23.178269 2.208569 -72.348246 -28.834610 -0.000013 -0.000035 14.118772 8.558910 -10.802661 12.755392 -12.464425 4.293963 13.516090 8.888332 4.561027 2.593651 -0.188854 2.833885 0.619358 -0.235404 -20.599067 4.038922 1.301382 -35.707204 2.081767 0.320775 -17.518305 1.762143 0.049099 -27.170078 2.824102 0.602840 -24.096105 1.784945 0.234330 -14.957728 1.358409 -0.483258 -33.750389 2.061027 0.314273 -17.338082 1.326711 0.128450 -11.061345 6.214393 3.455694 -47.350351 -1.571862 0.466567 -21.580420 0.921490 0.061678 -7.658229 4.158443 1.371318 -2.594593 25.554755 -1.770035 73.649342 27.833779 -0.000005 0.000007 -14.381752 -3.009899 1.235959 -22.820557 4.943157 -7.875235 0.706465 6.467860 -0.371883 0.672951 -1.887522 -3.008213 -5.045414 0.821739 10.330361 -4.460102 1.608649 39.651191 -1.022153 0.075219 8.417217 -6.719001 1.710432 16.377651 -3.739839 1.085405 32.359131 -0.874328 -1.090981 6.181687 -4.624817 1.500142 26.830250 -3.041625 0.697075 25.811118 -1.287947 -1.242227 8.901399 -6.843320 3.268099 35.004907 -2.382718 0.419037 19.946657 -1.042540 0.078268 8.586361 2.679633 -11.022403 2.308982 11.075664 25.855251 5.151569 3.026020 -12.988840 -3.635287 0.000012 -0.472090 -0.000001 -14.039899 -10.510750 -4.096047 -4.575194 19.860896 -3.463212 -4.140801 -6.097138 8.108952 -0.000003 -0.000017 0.000000 
1.340216 97.455154 0.582339 0.180274 -1.972854 -1.830974 0.055408 1.213298 -0.165677 -2.154426 1.499576 -0.225710 -2.150891 1.508066 -0.168471 0.651585 -1.247085 -0.836929 -1.661430 5.959203 3.788808 5.312799 -0.253499 0.545528 -22.844657 2.238573 -72.670727 -28.775775 0.000011 -0.000047 14.117703 8.527487 -10.695750 12.713540 -12.472158 4.284996 13.562671 8.987366 4.587895 2.686959 -0.144771 2.842419 0.591701 -0.247507 -20.649134 4.036549 1.299667 -35.683019 2.080199 0.320283 -17.504520 1.737746 0.038050 -27.124005 2.822368 0.602085 -24.080331 1.783969 0.234066 -14.949524 1.342167 -0.487435 -33.644194 2.060066 0.313969 -17.329711 1.326729 0.128461 -11.061363 6.205913 3.435489 -47.089967 -1.571852 0.466576 -21.580442 0.922157 0.061768 -7.663861 4.575846 1.461148 -2.321961 25.382861 -1.558251 73.479380 27.996261 -0.000001 0.000010 -14.338254 -2.920671 1.227833 -22.786927 4.896788 -7.865293 0.678768 6.517974 -0.387920 0.646318 -1.875325 -3.009851 -4.889058 0.744739 9.610718 -4.520746 1.659493 40.298587 -1.079488 0.083955 8.893010 -6.629929 1.643962 15.932477 -3.779448 1.110684 32.744009 -0.923669 -1.101888 6.518922 -4.610274 1.491685 26.796813 -3.060558 0.706243 25.983535 -1.301826 -1.259714 8.976980 -6.864514 3.292190 35.126785 -2.392590 0.422627 20.032719 -1.043332 0.078384 8.592826 2.602860 -11.249995 2.338291 11.146866 26.429892 5.265020 3.056940 -13.306411 -3.664289 0.000012 -0.458820 -0.000002 -14.118892 -10.728417 -4.074514 -4.541476 20.418027 -3.556709 -4.156559 -6.375250 8.227701 -0.000003 -0.000025 -0.000002 
1.392404 97.358284 0.613549 0.207962 -2.006874 -1.873340 0.068431 1.225755 -0.192715 -2.144871 1.524988 -0.264869 -2.141691 1.534945 -0.206568 0.622648 -1.032912 -0.744089 -1.667693 6.047163 3.772509 4.980849 -0.230932 0.693915 -22.608954 2.300124 -72.928088 -28.729924 -0.000024 -0.000021 14.102296 8.479677 -10.627042 12.650910 -12.484283 4.272268 13.639608 9.137073 4.655487 2.791565 -0.095113 2.851852 0.608647 -0.245739 -20.775345 4.028094 1.293627 -35.597129 2.074621 0.318532 -17.456085 1.758733 0.050894 -27.053278 2.816027 0.599245 -24.022923 1.780307 0.233086 -14.918076 1.375239 -0.453347 -33.439588 2.056953 0.312988 -17.302809 1.325855 0.128297 -11.053953 6.244857 3.455265 -46.578410 -1.571863 0.466573 -21.580430 0.923354 0.061917 -7.673944 5.011070 1.555303 -2.035515 25.236898 -1.337079 73.260787 28.169966 -0.000005 0.000034 -14.310958 -2.815215 1.245410 -22.728237 4.812093 -7.843553 0.625133 6.614816 -0.419062 0.594643 -1.851878 -3.013715 -4.726246 0.668292 8.866963 -4.582216 1.712210 40.961047 -1.139772 0.093660 9.393883 -6.534379 1.575187 15.467955 -3.816344 1.134569 33.103816 -0.973837 -1.121471 6.853264 -4.589888 1.480117 26.759541 -3.075106 0.713371 26.116270 -1.314901 -1.287356 9.035990 -6.879167 3.311668 35.248219 -2.399304 0.425084 20.091283 -1.038504 0.077646 8.552945 2.603331 -11.476862 2.362330 11.139101 26.987329 5.340252 3.089988 -13.611252 -3.685085 -0.000008 -0.450314 0.000002 -14.147643 -10.964054 -4.064216 -4.564464 20.994267 -3.660594 -4.161717 -6.664502 8.340020 -0.000001 -0.000039 0.000004 
1.428210 97.261528 0.642032 0.229393 -2.033469 -1.901443 0.076476 1.233313 -0.219164 -2.146074 1.543147 -0.306828 -2.143504 1.554520 -0.247631 0.600852 -0.821939 -0.667385 -1.667288 6.133204 3.757858 4.690043 -0.208381 0.774369 -22.468416 2.389728 -73.112879 -28.693731 -0.000000 0.000000 14.074798 8.415323 -10.592035 12.579016 -12.498940 4.258839 13.732347 9.303380 4.757392 2.873071 -0.056054 2.858836 0.666227 -0.230508 -20.954884 4.016080 1.285043 -35.474968 2.066566 0.315992 -17.386206 1.826363 0.088335 -26.941837 2.807016 0.595249 -23.941244 1.774990 0.231678 -14.872411 1.465061 -0.377167 -33.131260 2.052561 0.311631 -17.264785 1.324502 0.128030 -11.042670 6.342542 3.522417 -45.813743 -1.571851 0.466563 -21.580420 0.924983 0.062147 -7.687408 5.466017 1.655744 -1.727366 25.130839 -1.100299 72.977798 28.364946 -0.000001 0.000014 -14.305403 -2.697416 1.289907 -22.647089 4.694554 -7.806887 0.547029 6.755258 -0.465469 0.520496 -1.818321 -3.019610 -4.571003 0.599243 8.168892 -4.639366 1.762351 41.583097 -1.197036 0.103352 9.870518 -6.431732 1.503326 14.974707 -3.852928 1.158565 33.461988 -1.021429 -1.137334 7.170996 -4.553884 1.459457 26.683749 -3.092153 0.721751 26.271766 -1.326690 -1.311086 9.090088 -6.873225 3.312500 35.317969 -2.408191 0.428339 20.168970 -1.033154 0.076850 8.508486 2.662538 -11.704148 2.384149 11.073711 27.527336 5.385938 3.119265 -13.903163 -3.701196 -0.000005 -0.446324 -0.000000 -14.117727 -11.212752 -4.062552 -4.658886 21.579639 -3.778780 -4.149788 -6.960102 8.445619 0.000002 0.000022 -0.000003 
1.449413 97.164871 0.667060 0.241340 -2.053152 -1.921001 0.081619 1.236631 -0.247058 -2.152602 1.555006 -0.353497 -2.150803 1.567924 -0.293616 0.583494 -0.614113 -0.597788 -1.657610 6.197984 3.741830 4.396872 -0.184818 0.823556 -22.383244 2.494300 -73.254346 -28.661144 0.000000 -0.000021 14.032921 8.336339 -10.576222 12.531001 -12.509119 4.250519 13.798442 9.405763 4.851158 2.882244 -0.051188 2.859254 0.760538 -0.202014 -21.167101 4.002328 1.275271 -35.335550 2.057209 0.313077 -17.305106 1.937731 0.148181 -26.800228 2.796728 0.590692 -23.848186 1.768764 0.230019 -14.819029 1.608929 -0.264472 -32.750924 2.047575 0.310081 -17.221478 1.322905 0.127723 -11.029047 6.498297 3.632853 -44.876047 -1.571850 0.466571 -21.580427 0.926729 0.062382 -7.701951 5.948383 1.763985 -1.388868 25.064696 -0.845886 72.618967 28.587108 -0.000009 0.000011 -14.320107 -2.572419 1.358402 -22.561457 4.566103 -7.770247 0.462428 6.906710 -0.516719 0.440693 -1.782133 -3.025836 -4.439150 0.542689 7.571072 -4.688120 1.805964 42.118358 -1.245913 0.112055 10.277717 -6.327832 1.429693 14.445230 -3.892074 1.184644 33.847122 -1.064234 -1.135520 7.469697 -4.502844 1.429384 26.541425 -3.118554 0.734866 26.513360 -1.337851 -1.315152 9.160913 -6.845099 3.290505 35.294473 -2.424545 0.434365 20.311890 -1.034986 0.077130 8.523713 2.766457 -11.933519 2.406235 10.969153 28.052565 5.414799 3.142515 -14.183599 -3.717554 0.000006 -0.444970 0.000001 -14.047023 -11.471841 -4.063065 -4.815363 22.167198 -3.911987 -4.110572 -7.257943 8.542997 0.000002 0.000003 -0.000000 
1.459527 97.068390 0.687687 0.239886 -2.067043 -1.937470 0.086205 1.237504 -0.277263 -2.158696 1.562795 -0.404404 -2.157667 1.577516 -0.344018 0.567983 -0.410888 -0.527183 -1.636626 6.227985 3.717041 4.059552 -0.158410 0.884823 -22.299352 2.595627 -73.394529 -28.627386 -0.000001 0.000003 13.971269 8.247317 -10.563487 12.558403 -12.502893 4.254065 13.771280 9.329387 4.857264 2.770678 -0.104107 2.849973 0.885946 -0.161237 -21.394193 3.987855 1.265049 -35.189090 2.047289 0.309978 -17.218973 2.083920 0.224718 -26.659997 2.785943 0.585939 -23.750528 1.762046 0.228251 -14.761533 1.792302 -0.129531 -32.359005 2.042405 0.308476 -17.176621 1.320969 0.127352 -11.012692 6.696474 3.772018 -43.907974 -1.571846 0.466576 -21.580420 0.928241 0.062580 -7.714667 6.457433 1.877908 -1.022898 25.035271 -0.584531 72.188898 28.830799 -0.000008 0.000005 -14.346022 -2.455308 1.445418 -22.494991 4.453781 -7.756039 0.395305 7.026460 -0.557860 0.377067 -1.753062 -3.030291 -4.347024 0.501387 7.103687 -4.726064 1.840521 42.537988 -1.282593 0.118798 10.583798 -6.235535 1.356666 13.867197 -3.936475 1.214649 34.285873 -1.101499 -1.103473 7.758290 -4.450024 1.396068 26.309605 -3.159849 0.755607 26.892017 -1.349959 -1.285071 9.275266 -6.808889 3.253567 35.144708 -2.452507 0.444778 20.556438 -1.052672 0.079800 8.670487 2.895460 -12.166486 2.428995 10.851091 28.566570 5.443553 3.160690 -14.454612 -3.739960 0.000006 -0.444418 -0.000002 -13.966995 -11.738787 -4.059369 -4.999717 22.748876 -4.053529 -4.042433 -7.552613 8.629694 0.000000 -0.000035 0.000004 
1.462018 96.973450 0.702869 0.222660 -2.076336 -1.954157 0.091745 1.238712 -0.308370 -2.160916 1.569894 -0.455937 -2.160487 1.586676 -0.395121 0.553698 -0.216189 -0.454850 -1.604597 6.220415 3.675382 3.662751 -0.127542 0.981365 -22.176499 2.676905 -73.560372 -28.592476 0.000003 -0.000049 13.885812 8.155760 -10.543887 12.716175 -12.466985 4.274979 13.581042 8.960640 4.682582 2.512019 -0.228108 2.831055 1.030790 -0.111655 -21.614270 3.973547 1.254984 -35.044502 2.037452 0.306953 -17.133861 2.248232 0.308744 -26.554135 2.775269 0.581250 -23.654122 1.755284 0.226470 -14.703563 1.990240 0.008323 -32.021795 2.037380 0.306925 -17.133212 1.318694 0.126903 -10.993544 6.908408 3.919765 -43.066624 -1.571841 0.466588 -21.580427 0.929263 0.062722 -7.723286 6.973497 1.990755 -0.650370 25.046614 -0.341938 71.714691 29.076706 -0.000014 0.000045 -14.369410 -2.375234 1.543956 -22.464926 4.377731 -7.779562 0.362802 7.084362 -0.577925 0.345330 -1.738178 -3.031621 -4.306512 0.475730 6.768754 -4.752938 1.865303 42.837017 -1.305924 0.123197 10.778482 -6.170085 1.286676 13.226987 -3.987628 1.249847 34.794244 -1.134054 -1.033940 8.052857 -4.416417 1.369783 25.975051 -3.218420 0.785665 27.431448 -1.364617 -1.212428 9.455611 -6.788987 3.218256 34.850757 -2.493823 0.460417 20.918656 -1.092941 0.086060 9.004727 3.018382 -12.399650 2.451300 10.757346 29.063643 5.490910 3.175720 -14.713377 -3.774665 -0.000005 -0.443629 -0.000001 -13.906111 -12.009218 -4.047548 -5.165637 23.314168 -4.188891 -3.958708 -7.836972 8.702053 0.000007 -0.000060 0.000003 
1.458704 96.883163 0.711719 0.190749 -2.082793 -1.971854 0.098298 1.243292 -0.337092 -2.159611 1.580196 -0.502079 -2.159490 1.599105 -0.440696 0.542381 -0.035278 -0.389036 -1.565073 6.183903 3.613004 3.227652 -0.091928 1.101383 -22.006229 2.728368 -73.746290 -28.561838 -0.000015 -0.000049 13.778724 8.071207 -10.517654 13.040237 -12.391889 4.315489 13.188037 8.233475 4.262411 2.118909 -0.417804 2.806653 1.174519 -0.060192 -21.794613 3.961134 1.246280 -34.919113 2.029001 0.304348 -17.060660 2.406618 0.388445 -26.495508 2.765981 0.577181 -23.570380 1.749337 0.224913 -14.652660 2.172811 0.129877 -31.785341 2.033147 0.305629 -17.096484 1.316398 0.126452 -10.974257 7.100416 4.056153 -42.467808 -1.571844 0.466585 -21.580408 0.929717 0.062781 -7.727051 7.458382 2.092969 -0.306809 25.111571 -0.152112 71.241885 29.296829 -0.000008 -0.000010 -14.377125 -2.369940 1.645181 -22.474237 4.343805 -7.838184 0.366779 7.077260 -0.575511 0.347781 -1.738593 -3.029981 -4.319342 0.463548 6.543606 -4.770696 1.881804 43.035349 -1.317636 0.125441 10.876307 -6.142169 1.221064 12.522737 -4.045112 1.290241 35.369342 -1.163658 -0.928552 8.368536 -4.420959 1.359337 25.543830 -3.292359 0.824596 28.115996 -1.382748 -1.098861 9.710502 -6.808902 3.201312 34.421510 -2.547024 0.481022 21.386306 -1.157579 0.096611 9.542066 3.102667 -12.622702 2.472026 10.724130 29.525958 5.570419 3.188771 -14.950616 -3.825981 0.000005 -0.442027 -0.000002 -13.877084 -12.272723 -4.027433 -5.274934 23.845673 -4.300355 -3.882436 -8.100948 8.756151 -0.000001 -0.000039 0.000001 
1.449788 96.801880 0.714052 0.149339 -2.089668 -1.990779 0.104564 1.253618 -0.359106 -2.158525 1.596978 -0.536359 -2.158390 1.617758 -0.474082 0.537010 0.128033 -0.342849 -1.524431 6.134998 3.534056 2.802911 -0.053561 1.202753 -21.811241 2.748972 -73.916867 -28.543273 -0.000003 -0.000019 13.660207 8.004376 -10.492091 13.527231 -12.277732 4.373256 12.610659 7.168093 3.600714 1.644805 -0.647940 2.783553 1.290198 -0.016849 -21.893068 3.953516 1.240996 -34.842356 2.023872 0.302776 -17.016330 2.532469 0.451354 -26.466037 2.760284 0.574707 -23.518906 1.745663 0.223955 -14.621219 2.313619 0.220434 -31.658159 2.030599 0.304839 -17.074407 1.314834 0.126146 -10.960966 7.245387 4.165111 -42.147345 -1.571845 0.466573 -21.580403 0.929712 0.062775 -7.727054 7.867804 2.175808 -0.029679 25.242947 -0.045246 70.821494 29.464528 -0.000001 0.000003 -14.361729 -2.473309 1.738511 -22.510797 4.344404 -7.910316 0.393815 7.028953 -0.559041 0.372869 -1.749390 -3.027049 -4.374069 0.460787 6.392159 -4.782803 1.893126 43.170907 -1.321783 0.126249 10.910917 -6.151754 1.160409 11.779128 -4.106185 1.334041 35.984582 -1.192005 -0.799084 8.709429 -4.448445 1.350317 24.826378 -3.375266 0.869629 28.888896 -1.403784 -0.957600 10.026802 -6.878936 3.211445 33.900910 -2.607306 0.504944 21.918028 -1.241691 0.111275 10.242547 3.132942 -12.822158 2.492263 10.763494 29.933345 5.682740 3.199362 -15.156080 -3.893359 0.000010 -0.448731 0.000001 -13.874370 -12.511877 -4.001087 -5.315739 24.320292 -4.375406 -3.832905 -8.333140 8.789431 -0.000008 0.000011 0.000000 
1.435027 96.733246 0.710955 0.106015 -2.101812 -2.011859 0.108647 1.270519 -0.371236 -2.162688 1.621704 -0.554385 -2.162268 1.643782 -0.490751 0.539845 0.274315 -0.326955 -1.489868 6.091875 3.451378 2.441339 -0.016336 1.234747 -21.627760 2.744369 -74.025672 -28.542249 -0.000004 0.000000 13.545236 7.964954 -10.475667 14.127229 -12.136010 4.441850 11.928313 5.883350 2.780395 1.167394 -0.881176 2.767645 1.352647 0.008579 -21.871318 3.953936 1.241279 -34.846686 2.024184 0.302874 -17.018984 2.604815 0.487687 -26.423714 2.760595 0.574850 -23.521583 1.745833 0.223998 -14.622629 2.397677 0.273291 -31.610604 2.030739 0.304885 -17.075562 1.314874 0.126156 -10.961321 7.331870 4.237055 -42.054359 -1.571845 0.466578 -21.580406 0.929547 0.062765 -7.725752 8.170639 2.234968 0.156122 25.438539 -0.035395 70.492757 29.565054 0.000008 0.000013 -14.323850 -2.699672 1.812847 -22.554309 4.365152 -7.964827 0.423340 6.976240 -0.541329 0.401971 -1.762524 -3.025195 -4.448905 0.462722 6.281979 -4.792900 1.902620 43.284306 -1.322938 0.126468 10.920577 -6.187330 1.105600 11.053894 -4.165968 1.377949 36.591588 -1.219465 -0.665017 9.060193 -4.506170 1.351565 24.059024 -3.457665 0.915809 29.662552 -1.425879 -0.810509 10.368990 -6.989466 3.245567 33.364555 -2.667595 0.529538 22.451634 -1.333968 0.128589 11.012856 3.118389 -12.985405 2.515319 10.856105 30.271818 5.814345 3.205730 -15.323142 -3.970525 0.000008 -0.456550 0.000002 -13.882531 -12.707816 -3.971308 -5.303488 24.718805 -4.412302 -3.816407 -8.525827 8.802636 0.000007 -0.000043 0.000003 
1.414538 96.678337 0.704990 0.067422 -2.124341 -2.036945 0.109069 1.292853 -0.372727 -2.175612 1.653276 -0.555711 -2.174744 1.675892 -0.490286 0.550883 0.409749 -0.343081 -1.466839 6.067711 3.382729 2.173502 0.016242 1.164933 -21.480617 2.722681 -74.042522 -28.557443 -0.000015 -0.000035 13.446960 7.958536 -10.471152 14.754660 -11.987078 4.511806 11.253461 4.572017 1.935141 0.760093 -1.082048 2.761990 1.348722 0.010823 -21.714531 3.964216 1.248436 -34.950194 2.030990 0.304968 -17.077882 2.615840 0.494147 -26.324582 2.768241 0.578166 -23.590671 1.750703 0.225271 -14.664264 2.425576 0.290902 -31.590704 2.034055 0.305914 -17.104288 1.317130 0.126585 -10.980471 7.366145 4.270694 -42.078565 -1.571869 0.466568 -21.580406 0.929573 0.062771 -7.725849 8.365244 2.271961 0.251731 25.669908 -0.113889 70.270311 29.602252 -0.000004 0.000007 -14.270494 -3.033580 1.858542 -22.586814 4.394049 -7.977073 0.439080 6.947996 -0.532407 0.419937 -1.771229 -3.025962 -4.520113 0.465822 6.200595 -4.803239 1.912386 43.400586 -1.324070 0.126677 10.930084 -6.231050 1.059751 10.430942 -4.229181 1.425415 37.238564 -1.244410 -0.547922 9.383296 -4.578099 1.359754 23.389563 -3.529334 0.957187 30.340448 -1.446239 -0.681769 10.685987 -7.113646 3.291649 32.902176 -2.720346 0.551565 22.920291 -1.419507 0.145798 11.728634 3.080326 -13.105655 2.545499 10.968331 30.541905 5.946912 3.207074 -15.453774 -4.049830 0.000006 -0.464848 0.000002 -13.890154 -12.847943 -3.939464 -5.262808 25.034824 -4.418314 -3.826313 -8.678945 8.799313 -0.000006 -0.000025 0.000001 
1.388712 96.635559 0.699651 0.036668 -2.160630 -2.067412 0.105601 1.317754 -0.366080 -2.197128 1.688066 -0.544353 -2.195772 1.710527 -0.476911 0.567397 0.544771 -0.381706 -1.456818 6.066404 3.344151 1.991321 0.043451 0.998144 -21.364772 2.691220 -73.972861 -28.579351 0.000013 -0.000025 13.369756 7.982978 -10.472388 15.314531 -11.853687 4.573037 10.689097 3.441219 1.198873 0.464712 -1.230420 2.766692 1.284459 -0.007881 -21.447115 3.982986 1.261619 -35.139773 2.043335 0.308764 -17.184927 2.574589 0.475596 -26.148368 2.782297 0.584324 -23.717665 1.759651 0.227636 -14.740875 2.411856 0.283690 -31.549108 2.040070 0.307767 -17.156431 1.321500 0.127439 -11.017356 7.366921 4.273195 -42.099476 -1.571857 0.466581 -21.580404 0.929973 0.062820 -7.729169 8.484335 2.294348 0.284986 25.882437 -0.250073 70.140073 29.598184 0.000017 0.000000 -14.210851 -3.430443 1.869837 -22.602170 4.427484 -7.942701 0.438388 6.949100 -0.533622 0.423246 -1.773895 -3.029259 -4.572113 0.469445 6.163521 -4.813561 1.922166 43.516822 -1.324997 0.126847 10.937867 -6.267800 1.028308 9.999626 -4.277995 1.462849 37.742065 -1.263128 -0.464963 9.625839 -4.640711 1.368808 22.912739 -3.589118 0.992570 30.909413 -1.461801 -0.590399 10.925085 -7.219000 3.335362 32.591761 -2.759718 0.568361 23.271042 -1.484070 0.159515 12.270019 3.033301 -13.182923 2.585974 11.075243 30.755884 6.067794 3.206771 -15.556323 -4.127236 0.000007 -0.473108 0.000001 -13.899817 -12.930756 -3.905044 -5.207537 25.277335 -4.403186 -3.850065 -8.800061 8.783773 0.000009 -0.000035 -0.000002 
1.357688 96.601112 0.698156 0.013348 -2.211112 -2.102868 0.099501 1.341508 -0.356287 -2.222916 1.720877 -0.527631 -2.221141 1.742779 -0.458284 0.584825 0.690507 -0.425001 -1.456449 6.081841 3.343657 1.849649 0.067732 0.778259 -21.243649 2.654242 -73.860368 -28.592789 -0.000011 -0.000002 13.306847 8.026434 -10.465326 15.733161 -11.753627 4.617980 10.296029 2.639380 0.661669 0.278707 -1.327865 2.780624 1.184645 -0.038489 -21.132105 4.005491 1.277512 -35.367536 2.058131 0.313356 -17.313102 2.504187 0.443793 -25.913951 2.799181 0.591766 -23.870442 1.770441 0.230470 -14.833316 2.378678 0.266028 -31.461750 2.047231 0.309983 -17.218425 1.326980 0.128510 -11.063564 7.356022 4.257843 -42.037349 -1.571836 0.466572 -21.580411 0.930759 0.062930 -7.735812 8.585234 2.314033 0.301852 26.009441 -0.399134 70.066437 29.585791 0.000007 0.000014 -14.151643 -3.829232 1.847013 -22.608932 4.470664 -7.882502 0.433828 6.957103 -0.536899 0.422257 -1.774777 -3.033042 -4.604377 0.476156 6.207181 -4.821203 1.929422 43.603019 -1.322450 0.126355 10.916602 -6.292809 1.017326 9.826145 -4.304715 1.483610 38.018984 -1.270834 -0.423859 9.735999 -4.678823 1.375972 22.682625 -3.627382 1.015646 31.275388 -1.469795 -0.544689 11.048424 -7.282457 3.366953 32.475166 -2.783108 0.578469 23.479950 -1.518507 0.167102 12.559287 2.976293 -13.223134 2.637189 11.171785 30.931949 6.174998 3.213064 -15.641680 -4.204495 0.000001 -0.479968 0.000001 -13.926815 -12.966712 -3.866444 -5.134832 25.468616 -4.374655 -3.876101 -8.902574 8.759379 0.000000 -0.000043 0.000000 
1.321254 96.569397 0.702041 -0.004631 -2.273255 -2.140643 0.093082 1.360621 -0.349156 -2.245966 1.746450 -0.513837 -2.243903 1.767829 -0.443063 0.598489 0.854601 -0.453520 -1.458472 6.101223 3.377888 1.685679 0.092563 0.571560 -21.065784 2.613365 -73.770455 -28.582436 0.000010 -0.000000 13.243598 8.068163 -10.433373 15.980387 -11.694589 4.644016 10.082284 2.206931 0.348503 0.162660 -1.394024 2.802688 1.084206 -0.069291 -20.851943 4.024997 1.291413 -35.565656 2.070993 0.317381 -17.424723 2.433484 0.412442 -25.676138 2.813866 0.598275 -24.003390 1.779918 0.233001 -14.914545 2.347309 0.250503 -31.341590 2.053365 0.311884 -17.271559 1.331975 0.129497 -11.105729 7.349587 4.239069 -41.886774 -1.571849 0.466586 -21.580416 0.931738 0.063055 -7.744022 8.729537 2.343480 0.351400 25.994481 -0.514444 70.007451 29.598020 0.000014 0.000002 -14.094918 -4.172529 1.797183 -22.624387 4.531946 -7.832751 0.445791 6.935775 -0.529495 0.434590 -1.781311 -3.034319 -4.630791 0.490135 6.368392 -4.822567 1.930718 43.618414 -1.311952 0.124348 10.828933 -6.313772 1.030396 9.926736 -4.308504 1.486579 38.058453 -1.263571 -0.421166 9.684869 -4.692814 1.382387 22.694490 -3.635792 1.020766 31.356053 -1.468716 -0.540330 11.046631 -7.300968 3.384995 32.544393 -2.791840 0.582271 23.557966 -1.521804 0.167844 12.586888 2.899852 -13.239597 2.696218 11.268026 31.094211 6.275987 3.234504 -15.722400 -4.287129 0.000004 -0.482288 0.000000 -13.985406 -12.978292 -3.823082 -5.037609 25.644842 -4.339846 -3.897124 -9.004816 8.729627 -0.000006 -0.000049 0.000004 
1.278942 96.533875 0.710461 -0.019750 -2.342081 -2.176029 0.088815 1.372821 -0.349305 -2.259298 1.761023 -0.509549 -2.257112 1.782327 -0.438121 0.605471 1.038189 -0.453627 -1.454190 6.110512 3.433898 1.447609 0.120498 0.439315 -20.792088 2.570326 -73.763024 -28.538909 -0.000025 -0.000034 13.165709 8.083961 -10.364608 16.073669 -11.673071 4.653967 10.012753 2.076777 0.224494 0.063323 -1.454851 2.831991 1.014167 -0.090798 -20.677450 4.035571 1.298987 -35.673163 2.078103 0.319614 -17.486485 2.385960 0.391824 -25.505403 2.821819 0.601837 -24.075503 1.785234 0.234401 -14.960104 2.330357 0.243458 -31.233782 2.056587 0.312881 -17.299590 1.334944 0.130073 -11.130823 7.352688 4.227612 -41.719140 -1.571849 0.466571 -21.580394 0.932559 0.063173 -7.750765 8.960607 2.391419 0.467006 25.813225 -0.559940 69.930024 29.656627 0.000006 0.000013 -14.038858 -4.424736 1.732539 -22.662936 4.613567 -7.826182 0.488925 6.858894 -0.502372 0.473414 -1.798992 -3.030806 -4.671711 0.514734 6.658823 -4.815312 1.923823 43.536582 -1.290682 0.120303 10.651210 -6.345752 1.066211 10.253396 -4.293563 1.474920 37.903240 -1.240706 -0.443997 9.484286 -4.697398 1.391997 22.884653 -3.623030 1.013000 31.233676 -1.459039 -0.562897 10.943849 -7.291948 3.396314 32.744504 -2.790529 0.581706 23.546309 -1.501349 0.163291 12.415175 2.801029 -13.252344 2.757384 11.376747 31.270409 6.382322 3.272994 -15.811179 -4.380388 0.000010 -0.479443 0.000001 -14.074547 -12.993530 -3.777158 -4.919716 25.845682 -4.307001 -3.910419 -9.124785 8.698572 0.000000 -0.000008 -0.000003 
1.230122 96.490883 0.720823 -0.034694 -2.411408 -2.203154 0.088364 1.377534 -0.358634 -2.258709 1.763341 -0.517506 -2.256560 1.785259 -0.446311 0.605734 1.235307 -0.422553 -1.436455 6.100101 3.494297 1.119262 0.152502 0.412536 -20.419602 2.530621 -73.868086 -28.463239 -0.000007 -0.000003 13.067567 8.054063 -10.257503 16.064402 -11.677208 4.654055 10.029776 2.121757 0.219691 -0.060250 -1.529825 2.866906 0.989568 -0.098909 -20.640089 4.034510 1.298221 -35.662361 2.077752 0.319518 -17.483490 2.371146 0.385370 -25.459542 2.820999 0.601492 -24.068019 1.785047 0.234354 -14.958613 2.328361 0.243357 -31.197036 2.056127 0.312742 -17.295745 1.335043 0.130096 -11.131535 7.359266 4.227902 -41.652471 -1.571860 0.466578 -21.580432 0.932806 0.063205 -7.752832 9.287970 2.458879 0.656580 25.485321 -0.518748 69.821411 29.765295 0.000008 0.000020 -13.981054 -4.580493 1.667065 -22.724326 4.703819 -7.872667 0.559924 6.732085 -0.458060 0.536339 -1.826708 -3.022629 -4.742065 0.550180 7.048038 -4.800122 1.909439 43.365493 -1.259740 0.114572 10.393004 -6.401660 1.118080 10.700938 -4.268445 1.455454 37.643187 -1.206585 -0.474744 9.190709 -4.712608 1.409209 23.150168 -3.603466 1.001171 31.046539 -1.444015 -0.593214 10.791474 -7.283558 3.412001 32.992317 -2.785605 0.579558 23.502264 -1.470666 0.156612 12.157592 2.693086 -13.276245 2.813739 11.501645 31.472392 6.500385 3.319770 -15.912273 -4.484411 0.000006 -0.470411 -0.000004 -14.173962 -13.034777 -3.733646 -4.800215 26.096940 -4.284147 -3.916791 -9.272358 8.669605 -0.000010 -0.000016 0.000001 
1.174381 96.442146 0.730549 -0.051848 -2.476613 -2.217272 0.091958 1.375785 -0.375314 -2.244295 1.754764 -0.535741 -2.242317 1.777963 -0.465570 0.602164 1.434764 -0.369225 -1.402149 6.068471 3.543610 0.728805 0.187789 0.480433 -19.988422 2.504125 -74.073402 -28.367032 -0.000010 -0.000011 12.956443 7.971291 -10.122809 16.013718 -11.692281 4.650806 10.076260 2.216918 0.261092 -0.220180 -1.623357 2.904669 1.004762 -0.095568 -20.721740 4.023433 1.290294 -35.549765 2.071047 0.317409 -17.425032 2.382558 0.389518 -25.560287 2.812610 0.597722 -23.992052 1.780079 0.233033 -14.915909 2.331753 0.243008 -31.277847 2.052634 0.311647 -17.265438 1.332364 0.129563 -11.109099 7.356857 4.238181 -41.798282 -1.571848 0.466569 -21.580382 0.932213 0.063129 -7.747975 9.684418 2.538812 0.900568 25.071130 -0.394551 69.691726 29.909105 -0.000003 0.000033 -13.921934 -4.660082 1.611798 -22.789445 4.776822 -7.950946 0.634478 6.598399 -0.411980 0.602340 -1.855220 -3.012518 -4.841556 0.592409 7.466245 -4.781061 1.891506 43.151407 -1.224602 0.108227 10.100033 -6.483124 1.174911 11.137401 -4.243828 1.436559 37.389299 -1.169963 -0.497170 8.889945 -4.752063 1.435774 23.382700 -3.593942 0.995468 30.955575 -1.428642 -0.614135 10.650702 -7.299983 3.441217 33.205279 -2.783163 0.578499 23.480478 -1.444500 0.151041 11.937931 2.602488 -13.313102 2.860021 11.631477 31.688912 6.625840 3.359263 -16.019092 -4.592989 -0.000003 -0.454784 -0.000002 -14.252543 -13.104747 -3.698599 -4.706388 26.391648 -4.275543 -3.918705 -9.441713 8.643703 -0.000010 -0.000052 -0.000000 
1.111629 96.394493 0.738623 -0.072057 -2.537432 -2.217017 0.098380 1.369624 -0.394696 -2.220176 1.738484 -0.558231 -2.218456 1.763321 -0.489625 0.599337 1.623648 -0.310713 -1.353089 6.022756 3.572583 0.337238 0.223303 0.597110 -19.568130 2.501292 -74.331460 -28.268743 -0.000002 -0.000013 12.850334 7.844711 -9.980293 15.969763 -11.706119 4.648814 10.112805 2.282329 0.297289 -0.399433 -1.725369 2.941293 1.038457 -0.086949 -20.866458 4.007370 1.278847 -35.386606 2.061126 0.314294 -17.339101 2.402824 0.396368 -25.784743 2.800480 0.592355 -23.882060 1.772590 0.231035 -14.851784 2.327240 0.233983 -31.488043 2.047775 0.310141 -17.223275 1.328003 0.128719 -11.072205 7.334312 4.252185 -42.206314 -1.571836 0.466579 -21.580411 0.930768 0.062923 -7.735923 10.096336 2.619450 1.159622 24.653942 -0.206242 69.567703 30.059912 0.000010 0.000010 -13.866741 -4.694877 1.571214 -22.827317 4.801837 -8.017892 0.677070 6.521745 -0.386039 0.639889 -1.870921 -3.004969 -4.952288 0.633541 7.828394 -4.764112 1.875679 42.961805 -1.193078 0.102673 9.837545 -6.577124 1.223879 11.449223 -4.234249 1.429260 37.290657 -1.140659 -0.501869 8.665478 -4.814952 1.468502 23.505874 -3.593634 0.995265 30.952460 -1.417919 -0.615995 10.569912 -7.349691 3.485441 33.329964 -2.786997 0.580157 23.514811 -1.433343 0.148685 11.844515 2.557092 -13.349413 2.895473 11.741133 31.891007 6.742777 3.378285 -16.117566 -4.695972 -0.000003 -0.432895 -0.000001 -14.282006 -13.183717 -3.676696 -4.661812 26.691946 -4.279930 -3.918836 -9.613656 8.618953 -0.000006 0.000007 -0.000004 
1.042298 96.355560 0.745705 -0.094026 -2.597798 -2.205352 0.105491 1.361319 -0.410708 -2.192655 1.718195 -0.576906 -2.191218 1.744545 -0.510079 0.601654 1.791072 -0.265715 -1.295422 5.976316 3.578934 0.012180 0.254038 0.703283 -19.229465 2.528451 -74.580126 -28.186948 0.000008 -0.000026 12.769775 7.697405 -9.852347 15.955499 -11.712600 4.649875 10.123976 2.292792 0.307163 -0.565434 -1.818244 2.972387 1.065412 -0.080675 -21.007545 3.992346 1.268221 -35.234456 2.051900 0.311417 -17.259128 2.413359 0.397676 -26.073130 2.789146 0.587359 -23.779577 1.765419 0.229139 -14.790377 2.305528 0.211183 -31.794626 2.043479 0.308824 -17.186028 1.323381 0.127808 -11.033114 7.288521 4.261783 -42.831047 -1.571841 0.466574 -21.580420 0.928715 0.062649 -7.718687 10.463184 2.689328 1.388145 24.313590 0.020707 69.480557 30.186564 -0.000012 0.000017 -13.824515 -4.711250 1.541897 -22.811794 4.759500 -8.032396 0.659892 6.552435 -0.397051 0.623827 -1.862991 -3.003829 -5.044958 0.664466 8.069553 -4.754572 1.866819 42.855219 -1.171897 0.099030 9.661315 -6.659956 1.254561 11.583885 -4.235435 1.430176 37.302996 -1.125189 -0.488860 8.564350 -4.885772 1.499589 23.501754 -3.603374 1.001131 31.045583 -1.414307 -0.599531 10.565990 -7.421975 3.536856 33.359894 -2.797423 0.584710 23.607833 -1.439612 0.149998 11.897053 2.572298 -13.363295 2.924467 11.800090 32.045588 6.828889 3.374522 -16.192370 -4.783448 0.000008 -0.412002 0.000003 -14.248086 -13.242092 -3.669088 -4.677414 26.953096 -4.292015 -3.919899 -9.767273 8.592345 -0.000003 -0.000000 0.000002 
0.967144 96.328911 0.752952 -0.115045 -2.662209 -2.188247 0.111065 1.352610 -0.418129 -2.167717 1.696836 -0.584375 -2.166522 1.724067 -0.519278 0.611517 1.930932 -0.247667 -1.237683 5.944056 3.565478 -0.200651 0.275281 0.750973 -19.015826 2.585625 -74.769070 -28.133329 0.000022 -0.000031 12.728374 7.558114 -9.756207 15.969577 -11.711707 4.653647 10.113704 2.262373 0.293827 -0.688808 -1.886639 2.994629 1.068093 -0.082096 -21.095270 3.982887 1.261546 -35.138885 2.046203 0.309649 -17.209702 2.402886 0.388700 -26.349591 2.782041 0.584234 -23.715281 1.760709 0.227904 -14.750101 2.265726 0.175634 -32.127256 2.041075 0.308081 -17.165215 1.319777 0.127103 -11.002704 7.226468 4.260272 -43.536087 -1.571843 0.466574 -21.580408 0.926490 0.062347 -7.700017 10.738341 2.740792 1.551465 24.101222 0.262192 69.453632 30.265432 -0.000019 0.000024 -13.804895 -4.720439 1.514814 -22.739549 4.656508 -7.981403 0.581638 6.692695 -0.445426 0.552216 -1.830824 -3.009990 -5.091183 0.678884 8.172571 -4.754489 1.866734 42.854256 -1.163569 0.097625 9.591990 -6.707416 1.263492 11.568909 -4.245217 1.437636 37.403601 -1.123586 -0.466778 8.577287 -4.941724 1.520433 23.414631 -3.619120 1.010625 31.196302 -1.416750 -0.574315 10.618245 -7.493035 3.582587 33.335022 -2.811264 0.590796 23.731870 -1.456796 0.153645 12.041136 2.640700 -13.344715 2.954355 11.793138 32.145602 6.872090 3.358026 -16.240267 -4.853152 -0.000003 -0.398105 0.000001 -14.156158 -13.260570 -3.672232 -4.746909 27.151745 -4.305346 -3.924070 -9.892540 8.561313 -0.000008 -0.000031 0.000003 
0.887000 96.312096 0.760761 -0.132208 -2.731369 -2.171936 0.113577 1.344451 -0.414476 -2.148934 1.675922 -0.576382 -2.147887 1.703031 -0.512829 0.628288 2.042829 -0.260133 -1.188473 5.937482 3.537025 -0.295024 0.285700 0.721619 -18.928097 2.667788 -74.877943 -28.108650 0.000002 0.000011 12.726413 7.451012 -9.698634 15.996624 -11.707210 4.658868 10.094662 2.219763 0.271269 -0.757321 -1.924631 3.007087 1.043216 -0.092105 -21.112943 3.980460 1.259816 -35.114119 2.044891 0.309254 -17.198326 2.371317 0.370149 -26.546206 2.780197 0.583410 -23.698755 1.759244 0.227505 -14.737528 2.215129 0.134439 -32.400365 2.040854 0.308001 -17.163198 1.317895 0.126756 -10.986813 7.161620 4.244895 -44.137437 -1.571868 0.466566 -21.580411 0.924606 0.062100 -7.684297 10.903373 2.771573 1.636427 24.024507 0.500774 69.492599 30.287805 -0.000013 0.000021 -13.813715 -4.718982 1.479713 -22.638360 4.530607 -7.892418 0.475378 6.882821 -0.510549 0.453487 -1.786958 -3.020508 -5.075873 0.676582 8.172747 -4.761859 1.873577 42.936516 -1.165445 0.097941 9.607524 -6.705842 1.256130 11.495148 -4.257631 1.447147 37.531678 -1.129826 -0.448558 8.645045 -4.964123 1.526426 23.327806 -3.633681 1.019458 31.335706 -1.421283 -0.554317 10.678982 -7.538436 3.612026 33.321061 -2.823581 0.596203 23.842172 -1.472809 0.157073 12.175461 2.732361 -13.298531 2.991405 11.734245 32.203615 6.878866 3.342528 -16.266936 -4.911343 0.000002 -0.392199 0.000002 -14.032497 -13.242395 -3.678613 -4.845045 27.297630 -4.313495 -3.932537 -9.994829 8.524088 0.000001 -0.000010 -0.000001 
0.802466 96.298119 0.768285 -0.143533 -2.801072 -2.161165 0.112609 1.337051 -0.400565 -2.136567 1.655712 -0.553135 -2.135539 1.681624 -0.490960 0.648490 2.131126 -0.296115 -1.154281 5.960447 3.498780 -0.304019 0.288288 0.628588 -18.928370 2.767162 -74.918487 -28.102947 -0.000004 -0.000024 12.750683 7.387357 -9.675131 16.019739 -11.703580 4.664414 10.078606 2.187970 0.252438 -0.779113 -1.937070 3.011890 1.000847 -0.107266 -21.076538 3.983376 1.261895 -35.143587 2.046905 0.309875 -17.215854 2.327879 0.347251 -26.622648 2.782402 0.584381 -23.718684 1.760378 0.227809 -14.747270 2.164952 0.097547 -32.542361 2.042096 0.308404 -17.173896 1.317703 0.126695 -10.985381 7.107539 4.216905 -44.468602 -1.571840 0.466575 -21.580408 0.923505 0.061946 -7.675166 10.970478 2.784398 1.653082 24.049282 0.727356 69.584349 30.261324 0.000005 0.000003 -13.850180 -4.697407 1.430972 -22.559027 4.440266 -7.824452 0.399159 7.019212 -0.555324 0.377814 -1.753512 -3.029559 -5.004313 0.662958 8.135297 -4.772012 1.883053 43.050153 -1.171577 0.098982 9.658571 -6.659086 1.243521 11.469349 -4.265760 1.453391 37.615542 -1.135393 -0.445577 8.690339 -4.948198 1.519217 23.322878 -3.640064 1.023352 31.396938 -1.423238 -0.551421 10.697292 -7.545807 3.622203 33.377758 -2.829788 0.598965 23.897688 -1.475805 0.157730 12.200687 2.807492 -13.247441 3.039205 11.664011 32.253796 6.874903 3.336327 -16.287628 -4.970923 -0.000002 -0.392586 0.000001 -13.916891 -13.211182 -3.678636 -4.933170 27.425559 -4.310550 -3.946658 -10.090255 8.479433 0.000004 -0.000024 0.000003 
0.713867 96.279549 0.773903 -0.148933 -2.865601 -2.157738 0.108817 1.330335 -0.380145 -2.128048 1.636022 -0.518950 -2.126919 1.659873 -0.458118 0.667161 2.202644 -0.341514 -1.138207 6.007880 3.456271 -0.283276 0.288491 0.507094 -18.959227 2.874980 -74.922777 -28.100310 0.000010 -0.000014 12.781096 7.363506 -9.673489 16.029033 -11.703616 4.669729 10.071128 2.175733 0.243079 -0.775799 -1.935930 3.012679 0.957659 -0.122035 -21.020127 3.988310 1.265365 -35.193619 2.050157 0.310882 -17.243970 2.285471 0.326920 -26.574478 2.786134 0.586032 -23.752376 1.762667 0.228405 -14.766842 2.125194 0.073315 -32.519149 2.043593 0.308840 -17.187005 1.318734 0.126909 -10.993893 7.072563 4.179780 -44.439120 -1.571846 0.466585 -21.580403 0.923406 0.061932 -7.674391 10.973284 2.785164 1.628950 24.116129 0.939764 69.702538 30.205098 -0.000011 0.000023 -13.906510 -4.651165 1.370250 -22.553496 4.441230 -7.840564 0.411194 6.999179 -0.542171 0.375706 -1.752646 -3.031067 -4.900147 0.645832 8.117226 -4.780427 1.890918 43.144297 -1.176296 0.099785 9.697935 -6.587186 1.236212 11.557968 -4.265162 1.452939 37.609398 -1.133821 -0.462570 8.658975 -4.905768 1.505683 23.439100 -3.634878 1.020196 31.347095 -1.419572 -0.570280 10.644431 -7.520965 3.619258 33.529720 -2.827845 0.598083 23.880317 -1.459894 0.154311 12.067139 2.836604 -13.215407 3.098029 11.625204 32.327692 6.888043 3.338277 -16.316333 -5.043139 -0.000006 -0.401056 -0.000000 -13.843395 -13.196198 -3.665021 -4.973945 27.575847 -4.291751 -3.970481 -10.196777 8.427002 -0.000003 -0.000022 -0.000003 
0.621051 96.253273 0.776065 -0.150382 -2.922377 -2.159701 0.103498 1.324354 -0.358266 -2.119537 1.617012 -0.480450 -2.118203 1.638390 -0.421044 0.679822 2.263940 -0.381033 -1.139826 6.067081 3.416287 -0.286766 0.291224 0.395789 -18.967895 2.982883 -74.924436 -28.086054 -0.000009 -0.000024 12.800119 7.365516 -9.679540 16.023991 -11.707828 4.674983 10.071662 2.179276 0.242435 -0.770426 -1.933727 3.013349 0.928568 -0.131815 -20.977463 3.992090 1.268038 -35.231816 2.052612 0.311644 -17.265140 2.254840 0.314269 -26.429115 2.788956 0.587268 -23.777914 1.764641 0.228931 -14.783770 2.101359 0.065046 -32.343398 2.044344 0.309080 -17.193601 1.320208 0.127200 -11.006225 7.058362 4.137379 -44.063046 -1.571863 0.466573 -21.580416 0.924248 0.062043 -7.681299 10.950784 2.780704 1.595938 24.164663 1.139146 69.818235 30.140389 -0.000006 0.000002 -13.970198 -4.586928 1.306373 -22.650278 4.559392 -7.976695 0.540241 6.770894 -0.453424 0.473551 -1.795891 -3.021533 -4.796110 0.631305 8.135882 -4.785143 1.895318 43.197115 -1.177337 0.099970 9.706532 -6.517856 1.238980 11.752420 -4.256201 1.446059 37.517017 -1.124077 -0.495652 8.548345 -4.860002 1.494654 23.653729 -3.619879 1.011090 31.203412 -1.410397 -0.606377 10.528175 -7.484887 3.614991 33.754423 -2.819239 0.594291 23.803295 -1.427916 0.147556 11.798937 2.813682 -13.212276 3.165161 11.640710 32.436548 6.933177 3.340723 -16.358013 -5.132237 -0.000016 -0.400986 -0.000001 -13.819906 -13.212069 -3.637209 -4.949569 27.767345 -4.253613 -4.011637 -10.321668 8.366983 0.000007 -0.000000 -0.000003 
0.523536 96.221779 0.773787 -0.150851 -2.973540 -2.161891 0.097985 1.319400 -0.339248 -2.107818 1.599495 -0.444001 -2.106230 1.618458 -0.386163 0.684179 2.319171 -0.404191 -1.156073 6.122373 3.386750 -0.345767 0.299013 0.320635 -18.924550 3.084334 -74.943732 -28.052671 -0.000000 -0.000031 12.800843 7.377926 -9.682392 16.010416 -11.714761 4.680631 10.076359 2.189431 0.246346 -0.777317 -1.938243 3.016164 0.920402 -0.134580 -20.966756 3.993027 1.268702 -35.241464 2.053194 0.311824 -17.270304 2.240873 0.310842 -26.231558 2.789634 0.587558 -23.784020 1.765473 0.229153 -14.790916 2.093835 0.070899 -32.065877 2.043932 0.308954 -17.189955 1.321529 0.127452 -11.017483 7.061447 4.093931 -43.446403 -1.571855 0.466560 -21.580399 0.925702 0.062248 -7.693423 10.931843 2.776450 1.576700 24.155502 1.325289 69.911071 30.081946 0.000016 0.000005 -14.028147 -4.521043 1.252025 -22.838425 4.774218 -8.221042 0.767566 6.364473 -0.303938 0.658315 -1.877429 -3.002186 -4.721618 0.621797 8.163117 -4.787579 1.897605 43.224405 -1.176661 0.099854 9.700933 -6.475341 1.249802 11.974656 -4.243797 1.436526 37.388899 -1.110935 -0.534228 8.407037 -4.834614 1.493330 23.893397 -3.601167 0.999802 31.024618 -1.398960 -0.648388 10.388419 -7.462974 3.621383 33.993035 -2.808283 0.589472 23.705071 -1.390004 0.139736 11.481473 2.755047 -13.228867 3.234642 11.705425 32.565188 7.007876 3.335323 -16.405418 -5.234740 -0.000001 -0.400747 -0.000001 -13.823325 -13.252260 -3.602034 -4.872064 27.989733 -4.196257 -4.077050 -10.458886 8.300212 -0.000001 -0.000020 0.000006 
0.420737 96.190689 0.766707 -0.152707 -3.023361 -2.158254 0.093134 1.315778 -0.325222 -2.091840 1.584378 -0.413528 -2.089985 1.601356 -0.357347 0.680910 2.369179 -0.408903 -1.182660 6.160636 3.374928 -0.459365 0.311524 0.286335 -18.828719 3.175492 -74.981933 -28.002396 -0.000029 -0.000041 12.789368 7.391795 -9.677713 15.995497 -11.722487 4.686799 10.081234 2.198307 0.250636 -0.797552 -1.950006 3.021100 0.930252 -0.131390 -20.984848 3.991556 1.267644 -35.226496 2.052195 0.311528 -17.261611 2.242004 0.314938 -26.027307 2.788482 0.587035 -23.773547 1.765240 0.229087 -14.788816 2.099599 0.085979 -31.755172 2.042646 0.308552 -17.178721 1.322507 0.127645 -11.025700 7.076616 4.055063 -42.743754 -1.571856 0.466574 -21.580418 0.927349 0.062459 -7.707321 10.926208 2.774340 1.578230 24.081741 1.493874 69.975322 30.032936 0.000013 -0.000009 -14.070695 -4.471478 1.218424 -23.067477 5.023553 -8.513184 1.030954 5.888198 -0.136197 0.879549 -1.974957 -2.978494 -4.693272 0.616438 8.147220 -4.791148 1.900990 43.264764 -1.178702 0.100191 9.717950 -6.471973 1.262274 12.120711 -4.234671 1.429570 37.295015 -1.102069 -0.566147 8.306244 -4.843913 1.504811 24.070492 -3.586292 0.990898 30.882509 -1.389928 -0.683509 10.276668 -7.473222 3.645122 34.178485 -2.800018 0.585859 23.631203 -1.358718 0.133451 11.219772 2.686034 -13.245775 3.298654 11.798553 32.683394 7.101229 3.317012 -16.444295 -5.344463 -0.000002 -0.396370 -0.000003 -13.815553 -13.299040 -3.569904 -4.778641 28.216806 -4.126012 -4.164773 -10.595526 8.228219 -0.000010 -0.000001 -0.000003 
0.312318 96.164406 0.754942 -0.156550 -3.074426 -2.145297 0.089091 1.313342 -0.315493 -2.073292 1.571759 -0.389481 -2.071206 1.587299 -0.334890 0.673258 2.411866 -0.401497 -1.215294 6.176160 3.384507 -0.598273 0.326171 0.277924 -18.703956 3.255043 -75.024471 -27.945289 -0.000025 -0.000025 12.781207 7.407870 -9.667643 15.984038 -11.729527 4.693343 10.083998 2.202329 0.253111 -0.821296 -1.963431 3.026251 0.948135 -0.125385 -21.011400 3.989641 1.266306 -35.207156 2.050864 0.311099 -17.250090 2.252498 0.322986 -25.848323 2.786995 0.586387 -23.760172 1.764703 0.228952 -14.784342 2.114682 0.105294 -31.473949 2.041291 0.308128 -17.167074 1.323257 0.127788 -11.032047 7.099779 4.027524 -42.103994 -1.571864 0.466557 -21.580410 0.928875 0.062679 -7.720000 10.924468 2.772831 1.590691 23.966989 1.636285 70.020497 29.985965 0.000000 0.000026 -14.094486 -4.448816 1.211968 -23.264773 5.227439 -8.764464 1.248646 5.490376 -0.001848 1.067803 -2.057859 -2.957988 -4.711441 0.612708 8.048666 -4.798894 1.908287 43.351648 -1.187176 0.101650 9.788488 -6.505696 1.269517 12.116056 -4.233991 1.429076 37.288001 -1.103744 -0.582822 8.300680 -4.888095 1.527116 24.124532 -3.580644 0.987495 30.828544 -1.387115 -0.702693 10.231260 -7.519151 3.685016 34.265638 -2.798075 0.585015 23.613854 -1.343295 0.130419 11.090796 2.625538 -13.250280 3.350636 11.901308 32.770575 7.206224 3.285946 -16.464598 -5.458090 0.000004 -0.379520 -0.000001 -13.768843 -13.338508 -3.548165 -4.713010 28.426988 -4.054759 -4.259669 -10.721820 8.152383 0.000004 -0.000004 0.000004 
0.198463 96.143929 0.739024 -0.161127 -3.125479 -2.123412 0.085414 1.311155 -0.307500 -2.056086 1.560163 -0.369199 -2.053814 1.574709 -0.315986 0.665697 2.443362 -0.393537 -1.250378 6.172664 3.413437 -0.718657 0.338985 0.268958 -18.585493 3.323400 -75.049613 -27.893999 -0.000022 -0.000046 12.793490 7.433513 -9.658673 15.976960 -11.735203 4.699689 10.084417 2.201919 0.253543 -0.834040 -1.970568 3.028884 0.962297 -0.120264 -21.019275 3.989885 1.266474 -35.209540 2.050818 0.311085 -17.249817 2.265396 0.331392 -25.707393 2.787162 0.586481 -23.761660 1.765018 0.229042 -14.786934 2.135725 0.125351 -31.262548 2.040876 0.308006 -17.163470 1.324150 0.127958 -11.039606 7.129062 4.017237 -41.628606 -1.571823 0.466587 -21.580401 0.930018 0.062828 -7.729582 10.905546 2.768087 1.594009 23.852564 1.742645 70.065030 29.928321 -0.000004 0.000018 -14.103045 -4.450536 1.232804 -23.362812 5.318557 -8.891532 1.350106 5.303526 0.058271 1.160410 -2.098514 -2.947480 -4.763121 0.608231 7.864953 -4.811385 1.920077 43.492203 -1.202723 0.104367 9.917777 -6.563367 1.267400 11.950493 -4.242828 1.435800 37.379078 -1.117392 -0.582169 8.402547 -4.955216 1.554200 24.046275 -3.585378 0.990338 30.873664 -1.391527 -0.703828 10.261785 -7.590335 3.733165 34.247979 -2.803225 0.587240 23.659809 -1.346165 0.130976 11.114777 2.579050 -13.241388 3.388377 12.002318 32.821853 7.319925 3.248555 -16.463604 -5.575682 -0.000009 -0.357978 -0.000002 -13.681876 -13.368662 -3.537679 -4.700904 28.613932 -3.993071 -4.340589 -10.835902 8.073014 0.000006 0.000011 0.000005 
0.079711 96.127831 0.719880 -0.164282 -3.171345 -2.096263 0.081366 1.307604 -0.297456 -2.044934 1.546695 -0.348373 -2.042515 1.560429 -0.296248 0.662321 2.459368 -0.396997 -1.285208 6.160852 3.454479 -0.779538 0.346015 0.232244 -18.507205 3.381902 -75.038070 -27.858226 0.000002 0.000004 12.837251 7.475333 -9.658220 15.972235 -11.739485 4.704937 10.083409 2.199332 0.252732 -0.823626 -1.964563 3.026567 0.964040 -0.118637 -20.987121 3.994273 1.269574 -35.253991 2.053381 0.311882 -17.271925 2.275172 0.337696 -25.601813 2.790487 0.587952 -23.791752 1.767035 0.229559 -14.804239 2.160190 0.144350 -31.133976 2.042103 0.308382 -17.173973 1.325563 0.128247 -11.051552 7.163422 4.026671 -41.355761 -1.571841 0.466573 -21.580404 0.930707 0.062914 -7.735587 10.847412 2.756134 1.566800 23.780729 1.805670 70.127499 29.849207 -0.000009 0.000041 -14.104620 -4.462283 1.275959 -23.325173 5.264707 -8.848278 1.299971 5.395551 0.025428 1.123420 -2.082032 -2.950887 -4.828310 0.601702 7.628848 -4.826707 1.934663 43.665208 -1.222807 0.107896 10.085112 -6.627025 1.255704 11.672791 -4.258370 1.447713 37.539413 -1.139608 -0.568043 8.582916 -5.027568 1.579136 23.872189 -3.597662 0.997702 30.991003 -1.401466 -0.690824 10.350555 -7.668903 3.779062 34.152486 -2.813589 0.591803 23.752579 -1.363394 0.134398 11.258823 2.541211 -13.229548 3.414211 12.012687 32.856546 7.392981 3.285665 -16.445535 -5.695912 -0.000006 -0.334030 0.000001 -13.577834 -13.396444 -3.532704 -4.734321 28.781321 -3.941941 -4.394929 -10.940474 7.988373 -0.000003 -0.000034 0.000005 
-0.043540 96.114914 0.698639 -0.164776 -3.204771 -2.066618 0.076341 1.300948 -0.282630 -2.043680 1.528083 -0.322809 -2.041132 1.540911 -0.271513 0.665510 2.456106 -0.419798 -1.318204 6.153059 3.498365 -0.757231 0.345124 0.150224 -18.491617 3.432515 -74.979713 -27.841444 -0.000022 -0.000015 12.912411 7.532255 -9.671420 15.966791 -11.742706 4.708308 10.082049 2.196693 0.251780 -0.784632 -1.942367 3.018035 0.950483 -0.121413 -20.908155 4.003509 1.276110 -35.347568 2.058948 0.313612 -17.320240 2.278874 0.340654 -25.521895 2.797500 0.591040 -23.855148 1.771112 0.230642 -14.839185 2.185374 0.161213 -31.079888 2.045140 0.309323 -17.200406 1.327711 0.128662 -11.069641 7.200581 4.053049 -41.269352 -1.571849 0.466566 -21.580423 0.931116 0.062981 -7.738698 10.736608 2.734452 1.495504 23.780782 1.823192 70.219187 29.745033 0.000006 0.000001 -14.108278 -4.464810 1.334191 -23.158644 5.076464 -8.641652 1.106888 5.749035 -0.094618 0.961164 -2.010471 -2.967998 -4.886654 0.592923 7.382999 -4.842055 1.949330 43.838773 -1.243967 0.111698 10.261512 -6.679943 1.236935 11.353141 -4.276150 1.461416 37.722937 -1.165150 -0.546896 8.796580 -5.089010 1.596682 23.656802 -3.612896 1.006861 31.136695 -1.413992 -0.670367 10.468221 -7.738090 3.814485 34.019779 -2.826144 0.597323 23.865079 -1.388137 0.139359 11.465909 2.501310 -13.225156 3.437503 12.011185 32.876180 7.458701 3.336668 -16.415110 -5.817874 -0.000012 -0.306636 0.000002 -13.486516 -13.432151 -3.525737 -4.778778 28.935065 -3.892965 -4.426848 -11.038777 7.896168 -0.000001 0.000002 0.000002 
-0.171104 96.105637 0.676170 -0.163333 -3.219443 -2.035010 0.070054 1.290173 -0.261619 -2.054039 1.502236 -0.289798 -2.051348 1.513861 -0.239195 0.675289 2.430912 -0.463319 -1.349201 6.156871 3.538103 -0.653081 0.336815 0.020155 -18.545391 3.477304 -74.876932 -27.840800 -0.000026 -0.000014 13.008008 7.591728 -9.699172 15.958221 -11.745164 4.709054 10.080999 2.195019 0.251264 -0.719314 -1.905147 3.003823 0.924226 -0.127837 -20.791979 4.016822 1.285577 -35.482597 2.067060 0.316150 -17.390652 2.275761 0.340101 -25.459651 2.807605 0.595500 -23.946674 1.776951 0.232190 -14.889203 2.207710 0.174534 -31.081237 2.049704 0.310740 -17.239999 1.330510 0.129204 -11.093322 7.235756 4.088883 -41.322720 -1.571837 0.466582 -21.580411 0.931246 0.062991 -7.739995 10.573335 2.702597 1.380390 23.861677 1.798931 70.339494 29.621004 0.000009 0.000007 -14.120347 -4.443362 1.399702 -22.907133 4.799698 -8.325090 0.817438 6.274326 -0.274920 0.711420 -1.900517 -2.995290 -4.922699 0.581469 7.150493 -4.855581 1.962371 43.992415 -1.264250 0.115395 10.430685 -6.710835 1.213417 11.039444 -4.293555 1.474897 37.903179 -1.190513 -0.524089 9.011665 -5.130074 1.604660 23.441330 -3.627358 1.015638 31.275187 -1.426860 -0.648071 10.591542 -7.788642 3.835994 33.880993 -2.838386 0.602774 23.974881 -1.414779 0.144824 11.688927 2.450574 -13.232543 3.466357 12.006963 32.880158 7.506797 3.395907 -16.372740 -5.935694 0.000020 -0.276039 0.000002 -13.423444 -13.481080 -3.510925 -4.799818 29.072762 -3.836698 -4.452703 -11.128970 7.795933 -0.000001 -0.000051 0.000004 
-0.303039 96.101669 0.652669 -0.161895 -3.212863 -2.000667 0.062591 1.275534 -0.234962 -2.075275 1.469398 -0.248767 -2.072380 1.479452 -0.198845 0.689502 2.382411 -0.522501 -1.379671 6.171108 3.571798 -0.491879 0.324083 -0.144156 -18.660973 3.517709 -74.744413 -27.849714 -0.000003 -0.000044 13.106656 7.631857 -9.737247 15.945550 -11.746903 4.706810 10.080519 2.194477 0.251469 -0.635385 -1.857249 2.985534 0.890994 -0.136283 -20.659540 4.032455 1.296736 -35.641348 2.076612 0.319150 -17.473622 2.266301 0.336297 -25.412743 2.819492 0.600801 -24.054251 1.783799 0.234021 -14.947840 2.222877 0.182433 -31.118017 2.055123 0.312424 -17.287047 1.333702 0.129816 -11.120257 7.262479 4.124318 -41.461970 -1.571838 0.466576 -21.580411 0.931309 0.063007 -7.740421 10.370549 2.662663 1.232877 24.013444 1.741279 70.476508 29.488932 -0.000008 0.000038 -14.141971 -4.394292 1.465072 -22.632156 4.498291 -7.975272 0.498464 6.846689 -0.475203 0.430219 -1.776957 -3.026912 -4.928638 0.566120 6.924082 -4.867419 1.973804 44.127093 -1.284226 0.119116 10.597441 -6.715368 1.185346 10.739386 -4.313413 1.490412 38.109396 -1.215259 -0.502037 9.222482 -5.149271 1.603276 23.239203 -3.639525 1.023024 31.391792 -1.439452 -0.626507 10.712263 -7.820093 3.844558 33.747661 -2.849231 0.607599 24.072056 -1.440822 0.150253 11.907228 2.386505 -13.250218 3.501843 11.998317 32.862236 7.531301 3.465104 -16.315404 -6.047310 0.000013 -0.240683 0.000002 -13.380208 -13.541951 -3.485146 -4.787689 29.187410 -3.771928 -4.489398 -11.206662 7.690311 0.000006 -0.000053 0.000002 
-0.439086 96.104706 0.627484 -0.161628 -3.187426 -1.964548 0.054244 1.258554 -0.204625 -2.104879 1.432233 -0.201217 -2.101678 1.440424 -0.152021 0.704683 2.310798 -0.588375 -1.412415 6.186087 3.602376 -0.311899 0.310821 -0.316684 -18.822719 3.553547 -74.604722 -27.861189 -0.000013 -0.000012 13.191052 7.628034 -9.778029 15.929335 -11.747713 4.701517 10.080721 2.195019 0.252308 -0.542442 -1.804067 2.965298 0.856429 -0.145265 -20.533478 4.048392 1.308200 -35.803715 2.086408 0.322243 -17.558470 2.251317 0.329723 -25.381364 2.831612 0.606219 -24.164263 1.790788 0.235899 -15.007729 2.227070 0.183241 -31.172809 2.060708 0.314165 -17.335275 1.336922 0.130454 -11.147429 7.275027 4.150309 -41.638479 -1.571849 0.466576 -21.580386 0.931314 0.062995 -7.740534 10.148453 2.618174 1.071948 24.214293 1.660514 70.612333 29.362935 -0.000019 0.000011 -14.169565 -4.326504 1.523873 -22.390581 4.232847 -7.665503 0.215286 7.349374 -0.653440 0.173454 -1.664432 -3.056757 -4.905172 0.545821 6.682281 -4.878695 1.984766 44.255576 -1.305631 0.123137 10.776114 -6.695800 1.152123 10.437398 -4.331765 1.504846 38.300412 -1.240742 -0.481042 9.438363 -5.150748 1.594457 23.045974 -3.649457 1.029098 31.487073 -1.452019 -0.606240 10.831728 -7.837298 3.843537 33.617904 -2.858573 0.611790 24.156026 -1.466054 0.155639 12.118857 2.313692 -13.271775 3.544641 11.984280 32.813817 7.531962 3.538964 -16.239243 -6.151297 -0.000012 -0.200389 -0.000003 -13.333042 -13.606338 -3.447234 -4.762203 29.268932 -3.706770 -4.543739 -11.265994 7.583696 0.000001 -0.000031 -0.000001 
-0.578814 96.113930 0.599346 -0.161713 -3.149074 -1.929937 0.045294 1.241384 -0.173267 -2.139913 1.394765 -0.150173 -2.136299 1.400940 -0.101737 0.717425 2.218015 -0.651885 -1.450394 6.187921 3.634482 -0.149354 0.299952 -0.467993 -19.016466 3.582611 -74.481198 -27.870336 -0.000025 -0.000037 13.250266 7.561760 -9.813501 15.911076 -11.747661 4.693688 10.081852 2.197217 0.253802 -0.448741 -1.750443 2.945147 0.824056 -0.154003 -20.428392 4.063166 1.318872 -35.954519 2.095474 0.325124 -17.637227 2.231564 0.320639 -25.362229 2.842870 0.611297 -24.266414 1.797246 0.237622 -15.063286 2.218864 0.176481 -31.229131 2.065845 0.315764 -17.379925 1.339897 0.131049 -11.172467 7.271370 4.161091 -41.809019 -1.571860 0.466569 -21.580404 0.931323 0.062999 -7.740586 9.926511 2.572785 0.916369 24.440152 1.565668 70.730502 29.255080 -0.000003 -0.000008 -14.197157 -4.256194 1.570341 -22.219191 4.043696 -7.445514 0.013211 7.705527 -0.779350 -0.017933 -1.580789 -3.079820 -4.860442 0.521620 6.421184 -4.889601 1.995400 44.380244 -1.328643 0.127565 10.968320 -6.659518 1.115593 10.133648 -4.348280 1.517952 38.472956 -1.266833 -0.461812 9.657527 -5.140489 1.581081 22.863833 -3.658599 1.034711 31.574906 -1.464353 -0.588106 10.947009 -7.844840 3.836343 33.493465 -2.866268 0.615243 24.225182 -1.489609 0.160734 12.316489 2.243526 -13.296286 3.594768 11.966468 32.740396 7.520047 3.605058 -16.147366 -6.249447 0.000002 -0.157085 -0.000003 -13.260673 -13.667326 -3.396809 -4.755981 29.317446 -3.653411 -4.610345 -11.306544 7.479825 0.000011 -0.000027 0.000000 
-0.721831 96.126976 0.566812 -0.160205 -3.104520 -1.899574 0.035825 1.225781 -0.143590 -2.178448 1.360643 -0.099382 -2.174331 1.364817 -0.051641 0.725765 2.107754 -0.707585 -1.495108 6.165015 3.670328 -0.022533 0.292340 -0.576226 -19.238146 3.601178 -74.388929 -27.875464 0.000019 -0.000013 13.283182 7.427615 -9.839144 15.892844 -11.746813 4.684258 10.084114 2.201561 0.256114 -0.359733 -1.699607 2.926545 0.794597 -0.162245 -20.345761 4.076089 1.328268 -36.086406 2.103449 0.327662 -17.706502 2.207986 0.309825 -25.342966 2.852703 0.615737 -24.355717 1.802960 0.239163 -15.112152 2.200357 0.164092 -31.267896 2.070283 0.317170 -17.418436 1.342495 0.131564 -11.194540 7.254795 4.155948 -41.930371 -1.571859 0.466580 -21.580408 0.931344 0.063004 -7.740720 9.715863 2.529247 0.775047 24.672907 1.461714 70.822778 29.172100 0.000003 0.000016 -14.219759 -4.198502 1.600732 -22.129179 3.943296 -7.333498 -0.091736 7.890252 -0.842007 -0.125700 -1.533773 -3.093173 -4.807473 0.497980 6.177383 -4.897973 2.003604 44.476150 -1.349966 0.131731 11.146439 -6.616924 1.082327 9.873376 -4.359826 1.527133 38.593557 -1.289734 -0.447675 9.847094 -5.123046 1.566603 22.721191 -3.665816 1.039158 31.644447 -1.474658 -0.575428 11.040208 -7.843013 3.825095 33.392887 -2.871011 0.617371 24.267768 -1.507708 0.164705 12.468509 2.187849 -13.324497 3.650669 11.947695 32.651350 7.510130 3.650387 -16.044773 -6.344893 0.000024 -0.114610 -0.000001 -13.157822 -13.722752 -3.334905 -4.790436 29.341953 -3.619763 -4.678409 -11.332568 7.379853 0.000001 0.000013 0.000001 
-0.868176 96.141006 0.528745 -0.156304 -3.058074 -1.871832 0.025570 1.212455 -0.117270 -2.220457 1.331683 -0.052314 -2.215807 1.334016 -0.005111 0.730118 1.985041 -0.755757 -1.545070 6.112856 3.707240 0.077344 0.286394 -0.637772 -19.497823 3.605489 -74.327806 -27.877805 0.000005 -0.000032 13.298190 7.236548 -9.857097 15.877068 -11.745521 4.675000 10.087261 2.207733 0.259034 -0.278767 -1.653579 2.910368 0.767060 -0.170074 -20.274800 4.087067 1.336300 -36.198865 2.110353 0.329863 -17.766654 2.182378 0.298406 -25.303296 2.861072 0.619521 -24.431792 1.807934 0.240520 -15.154720 2.177351 0.150241 -31.267930 2.073956 0.318319 -17.450346 1.344813 0.132026 -11.214026 7.233608 4.138967 -41.959922 -1.571839 0.466576 -21.580413 0.931417 0.063019 -7.741178 9.515367 2.487746 0.646022 24.904634 1.348239 70.892999 29.114289 -0.000011 0.000021 -14.235656 -4.159440 1.614432 -22.109963 3.919353 -7.318587 -0.110756 7.924544 -0.850104 -0.153980 -1.521307 -3.096290 -4.759981 0.481585 6.023178 -4.899500 2.005111 44.493645 -1.363268 0.134366 11.257756 -6.578619 1.062617 9.742801 -4.360171 1.527406 38.597334 -1.302531 -0.444565 9.946800 -5.100250 1.554447 22.671015 -3.661694 1.036598 31.604668 -1.479761 -0.573880 11.079567 -7.827515 3.810423 33.351008 -2.870337 0.617079 24.261740 -1.513897 0.166066 12.520468 2.148825 -13.358099 3.707206 11.930062 32.555707 7.512128 3.673429 -15.935431 -6.441504 -0.000010 -0.077143 -0.000004 -13.038109 -13.778234 -3.264708 -4.859208 29.358352 -3.604746 -4.740705 -11.351689 7.282240 0.000014 -0.000052 0.000004 
-1.018752 96.155708 0.484545 -0.151793 -3.010195 -1.838942 0.013876 1.200858 -0.094851 -2.267814 1.307470 -0.011133 -2.262658 1.308214 0.035757 0.733634 1.854898 -0.802246 -1.594666 6.034849 3.737587 0.184380 0.278930 -0.669586 -19.815977 3.593432 -74.280240 -27.881008 -0.000014 -0.000038 13.309805 7.013140 -9.876310 15.866446 -11.744277 4.667880 10.090135 2.213708 0.261897 -0.208995 -1.614111 2.896950 0.740377 -0.177393 -20.199050 4.095819 1.342704 -36.288529 2.115986 0.331677 -17.815543 2.157553 0.288059 -25.223482 2.867539 0.622457 -24.490577 1.812284 0.241694 -15.192216 2.157584 0.140163 -31.213503 2.076552 0.319115 -17.472893 1.346914 0.132440 -11.231817 7.217913 4.116870 -41.864681 -1.572441 0.466340 -21.575224 0.931534 0.063029 -7.742283 9.312766 2.446294 0.515729 25.136752 1.220520 70.955482 29.076108 -0.000004 0.000006 -14.246864 -4.133047 1.614728 -22.138176 3.945755 -7.370864 -0.071807 7.857010 -0.823439 -0.122935 -1.534325 -3.090839 -4.727902 0.478489 6.031305 -4.889622 1.995414 44.380503 -1.362319 0.134169 11.249901 -6.551957 1.065577 9.825892 -4.342930 1.513709 38.417089 -1.298365 -0.458205 9.897813 -5.071871 1.546805 22.763701 -3.640233 1.023482 31.398598 -1.476534 -0.588995 11.034735 -7.792927 3.791911 33.401169 -2.861704 0.613188 24.184291 -1.502078 0.163463 12.421157 2.117763 -13.394605 3.755012 11.913230 32.451076 7.525814 3.687018 -15.817137 -6.542324 -0.000005 -0.051125 0.000001 -12.928425 -13.841713 -3.191826 -4.929150 29.375482 -3.598301 -4.797319 -11.367881 7.182774 0.000012 -0.000029 0.000005 
-1.174639 96.174484 0.434478 -0.149628 -2.958423 -1.790476 -0.000254 1.189881 -0.075462 -2.323418 1.286156 0.024098 -2.317843 1.285542 0.070907 0.742828 1.719340 -0.856446 -1.632092 5.936273 3.750179 0.344056 0.266242 -0.704375 -20.212352 3.565537 -74.217573 -27.890383 0.000007 -0.000038 13.333096 6.789099 -9.909804 15.863329 -11.743505 4.664933 10.090843 2.215649 0.263459 -0.154806 -1.583538 2.886699 0.714619 -0.183726 -20.105258 4.099077 1.345103 -36.321880 2.117434 0.332143 -17.828163 2.136677 0.280370 -25.098114 2.868375 0.622850 -24.498242 1.816122 0.242723 -15.225118 2.147447 0.137606 -31.106980 2.075853 0.318925 -17.466836 1.348843 0.132829 -11.248169 7.213660 4.093332 -41.622193 -1.577395 0.464390 -21.530952 0.931729 0.063058 -7.744004 9.090861 2.401660 0.365493 25.375242 1.072539 71.028414 29.048033 -0.000022 0.000012 -14.257281 -4.104524 1.608640 -22.187704 3.994826 -7.453894 -0.006635 7.742603 -0.783409 -0.059479 -1.561114 -3.079982 -4.713924 0.490587 6.229581 -4.865594 1.972035 44.106312 -1.344863 0.130714 11.103872 -6.537665 1.092779 10.140654 -4.304751 1.483663 38.019510 -1.274817 -0.489955 9.681447 -5.036621 1.543052 23.003869 -3.602322 1.000500 31.035533 -1.464027 -0.621835 10.897382 -7.737459 3.768395 33.547229 -2.843850 0.605204 24.023939 -1.470748 0.156642 12.158152 2.086151 -13.422833 3.784478 11.893306 32.314718 7.539678 3.704764 -15.677967 -6.645290 -0.000013 -0.034902 -0.000000 -12.856980 -13.915886 -3.122833 -4.957539 29.386250 -3.585764 -4.853029 -11.377452 7.075857 0.000002 -0.000015 0.000001 
-1.336464 96.203156 0.380015 -0.149966 -2.900904 -1.720543 -0.017962 1.178667 -0.057072 -2.389805 1.265853 0.055559 -2.383889 1.264003 0.102508 0.761924 1.580858 -0.925486 -1.648923 5.829465 3.737964 0.593109 0.246027 -0.776584 -20.692297 3.524961 -74.111623 -27.912130 0.000010 -0.000017 13.378159 6.594464 -9.969074 15.868474 -11.743452 4.667262 10.087840 2.210229 0.262695 -0.121235 -1.564425 2.879896 0.691538 -0.188322 -19.990635 4.095941 1.342795 -36.289734 2.113966 0.331021 -17.798139 2.121953 0.276037 -24.947633 2.862707 0.620252 -24.446514 1.819292 0.243615 -15.252234 2.148083 0.142228 -30.980235 2.071425 0.317521 -17.428331 1.350490 0.133155 -11.262040 7.220159 4.072933 -41.298513 -1.587500 0.460419 -21.441186 0.931940 0.063081 -7.745782 8.836369 2.350923 0.180638 25.623876 0.901295 71.125710 29.018779 -0.000002 0.000004 -14.270240 -4.058188 1.604795 -22.237976 4.046380 -7.536023 0.059444 7.625652 -0.745585 0.011554 -1.591053 -3.067560 -4.713152 0.514013 6.572075 -4.830016 1.937813 43.702603 -1.315003 0.124930 10.854342 -6.531443 1.136727 10.619896 -4.250181 1.441437 37.454824 -1.236791 -0.534157 9.343660 -4.995885 1.541037 23.343563 -3.556728 0.973293 30.600747 -1.444665 -0.666883 10.694811 -7.666881 3.740070 33.756130 -2.818937 0.594171 23.800563 -1.425897 0.147114 11.782157 2.057547 -13.427405 3.793261 11.865312 32.116803 7.537937 3.723532 -15.504442 -6.742459 0.000006 -0.026787 -0.000003 -12.837307 -13.990665 -3.062604 -4.920332 29.366333 -3.554452 -4.912812 -11.369507 6.956483 0.000011 -0.000035 0.000000 
-1.503690 96.246292 0.323879 -0.146858 -2.839968 -1.633152 -0.040158 1.167265 -0.037323 -2.467744 1.245728 0.086872 -2.461528 1.242623 0.134160 0.792394 1.440204 -1.011139 -1.640707 5.726583 3.699799 0.941695 0.218898 -0.907677 -21.237184 3.476389 -73.947501 -27.952416 -0.000007 -0.000012 13.446632 6.450557 -10.059373 15.879490 -11.744513 4.674351 10.081501 2.197904 0.259874 -0.110593 -1.558015 2.876714 0.673984 -0.190535 -19.865137 4.086314 1.335750 -36.191117 2.105523 0.328311 -17.724604 2.113070 0.274056 -24.819874 2.850490 0.614726 -24.335599 1.821472 0.244196 -15.271174 2.152748 0.147797 -30.894909 2.063441 0.315025 -17.359011 1.351581 0.133368 -11.271265 7.225952 4.056215 -41.029687 -1.602424 0.454573 -21.308408 0.932003 0.063099 -7.746255 8.547805 2.292891 -0.040979 25.878665 0.710257 71.249617 28.977856 -0.000010 0.000027 -14.286662 -3.985548 1.611162 -22.278136 4.091200 -7.597293 0.112480 7.531197 -0.717228 0.073490 -1.617267 -3.056778 -4.716214 0.539937 6.947340 -4.789853 1.899755 43.250042 -1.282518 0.118776 10.583093 -6.525935 1.181688 11.113591 -4.194043 1.398886 36.878227 -1.195981 -0.578608 8.988408 -4.953751 1.537525 23.681000 -3.507361 0.944376 30.132052 -1.424249 -0.712028 10.486815 -7.594269 3.708873 33.957020 -2.792133 0.582410 23.560656 -1.380416 0.137804 11.401278 2.046269 -13.396162 3.789951 11.826893 31.839156 7.510308 3.720704 -15.290688 -6.823877 -0.000000 -0.025037 0.000000 -12.859888 -14.045494 -3.012684 -4.827817 29.289630 -3.498452 -4.979277 -11.334132 6.822686 -0.000016 -0.000044 0.000004 
-1.674749 96.303246 0.269233 -0.129370 -2.782214 -1.540614 -0.067043 1.156539 -0.014550 -2.555389 1.226145 0.121503 -2.548837 1.221595 0.169309 0.832669 1.295862 -1.108519 -1.608210 5.636382 3.640559 1.366585 0.188560 -1.096132 -21.805094 3.423884 -73.729836 -28.015822 -0.000009 -0.000013 13.531889 6.366757 -10.177870 15.889947 -11.747031 4.683621 10.075335 2.185723 0.257633 -0.118360 -1.561886 2.876668 0.664782 -0.190029 -19.748992 4.070340 1.324090 -36.027674 2.092024 0.324019 -17.607350 2.106428 0.271704 -24.778000 2.831964 0.606380 -24.167516 1.822539 0.244496 -15.280105 2.147231 0.143455 -30.927138 2.052179 0.311513 -17.261457 1.351847 0.133419 -11.273611 7.209711 4.037722 -40.979431 -1.621937 0.446992 -21.135189 0.931715 0.063065 -7.743766 8.238257 2.229587 -0.288443 26.125856 0.510719 71.389246 28.917614 0.000007 0.000004 -14.305474 -3.889663 1.632927 -22.306746 4.129800 -7.630786 0.149492 7.464823 -0.698459 0.119826 -1.637256 -3.049738 -4.714544 0.558315 7.222682 -4.753593 1.865886 42.844288 -1.258971 0.114425 10.386580 -6.514765 1.209742 11.441937 -4.150824 1.366731 36.437502 -1.166878 -0.608762 8.738775 -4.916578 1.530154 23.893267 -3.464143 0.919505 29.723778 -1.410016 -0.742606 10.344105 -7.536107 3.678476 34.064120 -2.769742 0.572687 23.360642 -1.349641 0.131666 11.143735 2.063354 -13.327039 3.789671 11.779868 31.490666 7.457995 3.670787 -15.044653 -6.884358 0.000003 -0.028335 0.000001 -12.902957 -14.060449 -2.971176 -4.712560 29.146716 -3.418379 -5.053318 -11.270493 6.676105 0.000006 -0.000019 0.000003 
-1.848000 96.367538 0.218266 -0.087855 -2.734256 -1.456286 -0.097731 1.147337 0.011410 -2.648278 1.207703 0.161042 -2.641298 1.201463 0.209484 0.878396 1.144976 -1.207357 -1.557943 5.564034 3.569657 1.818891 0.159952 -1.318216 -22.343236 3.369698 -73.479585 -28.104077 -0.000008 -0.000046 13.622993 6.341786 -10.315659 15.890908 -11.751286 4.691017 10.075655 2.186452 0.261050 -0.131194 -1.568831 2.878307 0.665484 -0.187080 -19.665324 4.048607 1.308355 -35.805894 2.073771 0.318257 -17.448657 2.096159 0.265311 -24.876683 2.807726 0.595574 -23.947688 1.822358 0.244430 -15.278783 2.114789 0.117006 -31.138593 2.038091 0.307142 -17.139281 1.351179 0.133296 -11.267782 7.148031 4.006671 -41.277746 -1.645744 0.437852 -20.924064 0.930883 0.062944 -7.736850 7.932147 2.165402 -0.537812 26.343855 0.319862 71.524798 28.834791 -0.000006 0.000001 -14.325576 -3.782647 1.671823 -22.328706 4.167927 -7.639701 0.174903 7.419217 -0.685671 0.152409 -1.651954 -3.046907 -4.704899 0.562372 7.302866 -4.727536 1.841876 42.554418 -1.252617 0.113260 10.333621 -6.496177 1.208594 11.473208 -4.122391 1.345854 36.148616 -1.160156 -0.613739 8.683595 -4.891249 1.518569 23.889101 -3.434769 0.902839 29.447039 -1.407277 -0.747457 10.318122 -7.506620 3.653373 34.013164 -2.756565 0.567023 23.242956 -1.344798 0.130703 11.103340 2.107390 -13.233000 3.806054 11.730598 31.108397 7.393334 3.562759 -14.786268 -6.927746 0.000001 -0.035643 0.000001 -12.951016 -14.032101 -2.933539 -4.602154 28.957953 -3.318551 -5.134708 -11.191599 6.520728 0.000000 -0.000021 0.000001 
-2.022576 96.429611 0.171459 -0.021268 -2.697692 -1.386985 -0.130168 1.139650 0.038961 -2.740222 1.189987 0.204259 -2.732715 1.181862 0.253332 0.923860 0.984575 -1.295648 -1.500678 5.511540 3.497929 2.242792 0.136689 -1.539524 -22.807013 3.314846 -73.222592 -28.215530 0.000014 -0.000001 13.710133 6.368597 -10.462869 15.875600 -11.756952 4.692393 10.088253 2.212746 0.275238 -0.129816 -1.568582 2.879284 0.675816 -0.182376 -19.632231 4.022153 1.289369 -35.536583 2.051223 0.311212 -17.253162 2.076995 0.251838 -25.137060 2.778607 0.582694 -23.684379 1.821236 0.244137 -15.269110 2.044515 0.060017 -31.545809 2.021605 0.302085 -16.996523 1.349565 0.132967 -11.254186 7.027793 3.950113 -41.956028 -1.673578 0.427273 -20.677582 0.929494 0.062748 -7.725114 7.656078 2.106281 -0.763304 26.509429 0.156272 71.635707 28.730914 -0.000007 0.000003 -14.348242 -3.678942 1.726417 -22.350626 4.212187 -7.632221 0.195718 7.381989 -0.674374 0.177558 -1.664078 -3.047328 -4.690924 0.551804 7.173497 -4.712945 1.828515 42.392518 -1.264675 0.115475 10.434226 -6.474191 1.177531 11.186449 -4.110139 1.336940 36.024620 -1.177375 -0.591610 8.835804 -4.883248 1.504931 23.653053 -3.420693 0.894914 29.314745 -1.416778 -0.724525 10.416408 -7.512415 3.637384 33.792945 -2.753438 0.565664 23.215162 -1.367555 0.135214 11.293547 2.168605 -13.137490 3.843899 11.686402 30.740998 7.332681 3.404699 -14.539251 -6.964171 -0.000016 -0.044932 -0.000001 -13.002112 -13.978391 -2.894531 -4.504226 28.765331 -3.205313 -5.222009 -11.118243 6.361007 0.000007 -0.000022 0.000000 
-2.198648 96.483818 0.127897 0.060793 -2.667680 -1.330458 -0.161538 1.132059 0.065496 -2.824849 1.170920 0.247617 -2.816778 1.160862 0.297116 0.963947 0.812540 -1.364159 -1.448185 5.477357 3.434095 2.596785 0.119785 -1.730896 -23.177260 3.261566 -72.976528 -28.345526 -0.000004 0.000003 13.789246 6.440342 -10.613965 15.845325 -11.762392 4.685564 10.113669 2.266526 0.301088 -0.097386 -1.551834 2.876974 0.693612 -0.176886 -19.656822 3.991965 1.267931 -35.230625 2.025083 0.303147 -17.026670 2.047679 0.230556 -25.531585 2.745567 0.568321 -23.385989 1.819476 0.243650 -15.254003 1.938961 -0.026839 -32.103043 2.003108 0.296464 -16.836304 1.347287 0.132517 -11.235021 6.856459 3.859662 -42.911551 -1.705176 0.415418 -20.398205 0.927599 0.062493 -7.709470 7.428489 2.056658 -0.944064 26.605156 0.033496 71.709951 28.611362 0.000006 0.000003 -14.377972 -3.587588 1.793533 -22.377373 4.266523 -7.616965 0.217832 7.342603 -0.661610 0.201919 -1.676253 -3.049180 -4.681168 0.532635 6.906665 -4.705446 1.821685 42.309508 -1.288831 0.119972 10.635858 -6.456850 1.127900 10.686571 -4.109130 1.336195 36.014447 -1.209944 -0.551396 9.123738 -4.894286 1.492834 23.259478 -3.416013 0.892272 29.270769 -1.433987 -0.683090 10.595710 -7.549431 3.631848 33.456097 -2.756543 0.567010 23.242785 -1.408183 0.143443 11.633766 2.234169 -13.056729 3.899230 11.650617 30.412537 7.282539 3.219785 -14.313755 -7.002427 0.000001 -0.056171 -0.000001 -13.059682 -13.924258 -2.850560 -4.411653 28.600881 -3.085883 -5.312350 -11.063821 6.200182 -0.000001 -0.000054 -0.000003 
-2.377092 96.531219 0.086271 0.143591 -2.635540 -1.278160 -0.189043 1.122172 0.088521 -2.897314 1.147328 0.287121 -2.888713 1.135456 0.336615 0.995927 0.627899 -1.410050 -1.409300 5.455393 3.382174 2.867913 0.108102 -1.881472 -23.467166 3.215403 -72.743591 -28.487932 0.000008 -0.000027 13.863057 6.554172 -10.770284 15.813309 -11.764385 4.671717 10.142957 2.329703 0.330945 -0.028997 -1.515371 2.869516 0.715763 -0.171445 -19.733036 3.958714 1.244622 -34.894958 1.995871 0.294265 -16.773804 2.012991 0.204451 -25.988354 2.709156 0.552693 -23.058114 1.817374 0.243075 -15.235905 1.816446 -0.130539 -32.709947 1.982688 0.290302 -16.659742 1.344697 0.131998 -11.213159 6.662943 3.740246 -43.925469 -1.740261 0.402489 -20.088452 0.925529 0.062215 -7.692097 7.251407 2.017917 -1.075186 26.627023 -0.044845 71.748473 28.483694 -0.000011 0.000034 -14.420713 -3.507973 1.868844 -22.410559 4.330876 -7.600476 0.244289 7.295575 -0.646059 0.229771 -1.689967 -3.050794 -4.684680 0.514208 6.627183 -4.697248 1.814260 42.219008 -1.314273 0.124799 10.848286 -6.452660 1.078463 10.162468 -4.113572 1.339426 36.059321 -1.243254 -0.510349 9.420829 -4.920518 1.485923 22.846325 -3.409500 0.888623 29.209707 -1.451294 -0.640981 10.778331 -7.602772 3.634946 33.101767 -2.758615 0.567893 23.261217 -1.449258 0.152055 11.977901 2.289275 -12.992935 3.962539 11.621037 30.115165 7.237099 3.039910 -14.103679 -7.047070 0.000005 -0.070410 0.000000 -13.120594 -13.885280 -2.801153 -4.317353 28.466232 -2.967340 -5.403317 -11.025851 6.039686 -0.000008 0.000009 0.000001 
-2.558529 96.577950 0.045658 0.215634 -2.592848 -1.221575 -0.210843 1.107787 0.107305 -2.955647 1.116568 0.320639 -2.946632 1.103082 0.369547 1.020482 0.430380 -1.438162 -1.386849 5.434819 3.340612 3.073316 0.099704 -2.001099 -23.715289 3.184378 -72.512054 -28.636695 0.000005 -0.000011 13.938666 6.711480 -10.938773 15.801595 -11.759063 4.655672 10.158452 2.364821 0.348637 0.063043 -1.464984 2.856243 0.739490 -0.166469 -19.844304 3.922469 1.219518 -34.530322 1.963822 0.284706 -16.496881 1.982841 0.180089 -26.414543 2.669527 0.535977 -22.702133 1.815040 0.242437 -15.215860 1.705811 -0.227581 -33.243866 1.960272 0.283657 -16.466140 1.342134 0.131491 -11.191384 6.487347 3.613958 -44.733781 -1.778614 0.388588 -19.750757 0.923564 0.061950 -7.675685 7.108731 1.987193 -1.168057 26.588139 -0.087393 71.764647 28.354735 -0.000003 0.000028 -14.480611 -3.431751 1.947676 -22.448498 4.401508 -7.586737 0.275140 7.240693 -0.628205 0.261981 -1.705345 -3.050902 -4.706686 0.505278 6.456290 -4.680698 1.799307 42.036628 -1.330481 0.127919 10.983591 -6.465888 1.047779 9.807468 -4.101966 1.331002 35.941961 -1.263428 -0.487545 9.599529 -4.951971 1.486245 22.559157 -3.389404 0.877446 29.021218 -1.461484 -0.617848 10.884429 -7.650013 3.641502 32.836582 -2.751997 0.565048 23.202252 -1.472649 0.157050 12.174192 2.322945 -12.934019 4.025581 11.591491 29.813639 7.181238 2.889878 -13.889962 -7.096240 -0.000000 -0.087059 0.000002 -13.171952 -13.861620 -2.748237 -4.224207 28.336056 -2.855144 -5.495037 -10.989131 5.879949 0.000002 -0.000045 -0.000002 
-2.743267 96.629715 0.005851 0.273123 -2.535388 -1.157031 -0.226711 1.088220 0.123252 -3.001233 1.078372 0.349404 -2.991916 1.063407 0.397159 1.041466 0.219695 -1.459375 -1.376345 5.401738 3.303407 3.249123 0.092672 -2.112666 -23.966922 3.175180 -72.266489 -28.787164 -0.000010 -0.000028 14.022832 6.914550 -11.126628 15.829520 -11.744094 4.643625 10.142320 2.332102 0.337212 0.153369 -1.413334 2.838061 0.763546 -0.161765 -19.969479 3.882804 1.192423 -34.133208 1.929002 0.274480 -16.196335 1.968785 0.165499 -26.729829 2.626495 0.518152 -22.316397 1.812394 0.241726 -15.193283 1.635844 -0.292157 -33.604015 1.935687 0.276434 -16.253842 1.339766 0.131029 -11.171497 6.365928 3.512149 -45.123201 -1.819924 0.373896 -19.387854 0.921991 0.061746 -7.662498 6.971718 1.958561 -1.246328 26.517190 -0.112828 71.778110 28.228858 0.000000 0.000012 -14.556868 -3.348751 2.024950 -22.487722 4.472186 -7.578370 0.308508 7.181244 -0.609126 0.296822 -1.721532 -3.049274 -4.746196 0.510534 6.461970 -4.651404 1.773018 41.714749 -1.331475 0.128115 10.991966 -6.493412 1.046491 9.739364 -4.064436 1.303968 35.563371 -1.262787 -0.495695 9.584532 -4.973967 1.492420 22.491154 -3.348407 0.854875 28.637959 -1.460673 -0.626978 10.865754 -7.667068 3.642788 32.730912 -2.731988 0.556496 23.023997 -1.467385 0.155917 12.129974 2.337654 -12.868426 4.085203 11.556422 29.478888 7.104478 2.773640 -13.658034 -7.145552 -0.000002 -0.104132 0.000001 -13.197965 -13.845264 -2.693481 -4.144362 28.183871 -2.753219 -5.588670 -10.939638 5.721176 0.000014 -0.000030 0.000003 
-2.931534 96.687943 -0.032746 0.317919 -2.465601 -1.087289 -0.238158 1.065012 0.139530 -3.038145 1.035750 0.377732 -3.028574 1.019256 0.423975 1.064594 -0.004725 -1.486445 -1.367205 5.342912 3.262717 3.432781 0.085617 -2.237327 -24.253223 3.188875 -71.999995 -28.936213 -0.000008 -0.000011 14.117728 7.160353 -11.336646 15.897036 -11.721884 4.639708 10.091208 2.221147 0.294643 0.217219 -1.373394 2.816931 0.789043 -0.156342 -20.091217 3.839279 1.163169 -33.699556 1.891368 0.263667 -15.871883 1.979589 0.166862 -26.895765 2.579760 0.499157 -21.898913 1.809360 0.240902 -15.166940 1.624488 -0.307466 -33.747927 1.908793 0.268656 -16.022024 1.337672 0.130607 -11.153832 6.319117 3.459079 -45.009324 -1.863880 0.358606 -19.002430 0.920934 0.061604 -7.653658 6.810485 1.925830 -1.337185 26.450094 -0.143906 71.805109 28.107670 -0.000001 0.000005 -14.642838 -3.253869 2.095582 -22.524352 4.535847 -7.577466 0.341744 7.121873 -0.590193 0.331372 -1.737180 -3.046244 -4.797139 0.529094 6.638208 -4.609528 1.736016 41.257525 -1.317641 0.125451 10.876299 -6.524902 1.073042 9.957589 -4.001258 1.259344 34.930195 -1.241960 -0.535879 9.379927 -4.971027 1.498379 22.646551 -3.286900 0.821701 28.065369 -1.449336 -0.669705 10.724811 -7.635174 3.627378 32.791103 -2.698920 0.542568 22.729751 -1.434004 0.148825 11.849953 2.349730 -12.790879 4.143484 11.513874 29.102811 7.009082 2.675823 -13.405183 -7.192795 0.000005 -0.118058 0.000000 -13.189910 -13.826798 -2.635824 -4.092943 27.999549 -2.665334 -5.681829 -10.873221 5.563816 0.000007 -0.000010 0.000002 
-3.123887 96.749168 -0.069400 0.352083 -2.391785 -1.019281 -0.247886 1.041677 0.159653 -3.071466 0.994377 0.410877 -3.061590 0.976094 0.455600 1.095246 -0.243024 -1.528690 -1.345934 5.249817 3.211751 3.646156 0.077913 -2.381553 -24.576764 3.218144 -71.722710 -29.081501 -0.000012 -0.000025 14.219207 7.435212 -11.563344 15.971778 -11.701316 4.642506 10.030143 2.082800 0.249435 0.247599 -1.349853 2.795615 0.819905 -0.148577 -20.203380 3.791704 1.131728 -33.228078 1.850901 0.252296 -15.523937 2.018308 0.185577 -26.928948 2.529310 0.479107 -21.449446 1.805708 0.239914 -15.135744 1.672372 -0.273531 -33.704572 1.879701 0.260377 -15.771487 1.335765 0.130236 -11.137684 6.345808 3.458501 -44.462226 -1.910195 0.342836 -18.597290 0.920370 0.061518 -7.648979 6.607676 1.884812 -1.457205 26.417010 -0.199509 71.850892 27.991515 -0.000006 0.000049 -14.728103 -3.150882 2.154862 -22.555516 4.586204 -7.586185 0.372587 7.066757 -0.572395 0.362805 -1.751140 -3.042577 -4.851411 0.555768 6.920230 -4.559080 1.692202 40.710929 -1.294403 0.121014 10.682285 -6.546956 1.114917 10.355416 -3.926570 1.207922 34.187784 -1.208551 -0.597148 9.059441 -4.931764 1.495159 22.944870 -3.212612 0.782679 27.377813 -1.431807 -0.734954 10.510625 -7.546386 3.584176 32.960434 -2.657935 0.525551 22.366025 -1.383873 0.138485 11.430208 2.378366 -12.704887 4.204940 11.467102 28.704983 6.910933 2.578157 -13.143077 -7.242306 0.000001 -0.127549 -0.000001 -13.150657 -13.800193 -2.570914 -4.078615 27.793232 -2.594733 -5.767231 -10.796740 5.407851 0.000002 -0.000020 -0.000002 
-3.320210 96.807320 -0.103425 0.374652 -2.324422 -0.959741 -0.258766 1.022350 0.185377 -3.105173 0.960584 0.452053 -3.094841 0.940134 0.495617 1.136283 -0.493376 -1.587537 -1.300380 5.121086 3.147205 3.886542 0.069514 -2.532238 -24.910963 3.248687 -71.460485 -29.220714 -0.000000 -0.000029 14.318219 7.712845 -11.794208 15.989763 -11.696839 4.643586 10.015838 2.040533 0.265589 0.266654 -1.333018 2.777200 0.862490 -0.136431 -20.315636 3.740197 1.098328 -32.720363 1.807774 0.240465 -15.153456 2.082012 0.218564 -26.892552 2.475300 0.458149 -20.969914 1.801409 0.238764 -15.098733 1.763323 -0.206087 -33.558540 1.848659 0.251683 -15.504587 1.333825 0.129856 -11.121372 6.424152 3.493594 -43.669392 -1.958604 0.326748 -18.174893 0.920169 0.061487 -7.647292 6.367811 1.835932 -1.606602 26.430245 -0.287163 71.905896 27.882036 0.000006 0.000027 -14.802362 -3.051701 2.199390 -22.579921 4.619527 -7.606088 0.399676 7.018407 -0.556416 0.389491 -1.762791 -3.038885 -4.902329 0.583826 7.222652 -4.505651 1.646715 40.136859 -1.269115 0.116293 10.471234 -6.549030 1.155060 10.777233 -3.855712 1.160409 33.489275 -1.173430 -0.661642 8.727426 -4.853269 1.475002 23.261618 -3.137198 0.744192 26.684142 -1.414210 -0.804176 10.294161 -7.406195 3.507374 33.147291 -2.616730 0.508744 22.001281 -1.333776 0.128559 11.011179 2.434407 -12.616782 4.273792 11.421581 28.316947 6.827454 2.472267 -12.889011 -7.301154 0.000001 -0.132349 0.000000 -13.091129 -13.766181 -2.494894 -4.110563 27.592458 -2.546599 -5.824177 -10.726681 5.252280 0.000006 -0.000036 0.000004 
-3.519576 96.857178 -0.134514 0.383341 -2.271715 -0.911176 -0.272769 1.010226 0.215573 -3.140423 0.938894 0.500238 -3.129457 0.915994 0.543251 1.186739 -0.750481 -1.655070 -1.223675 4.962134 3.070361 4.129057 0.060807 -2.661785 -25.212894 3.264202 -71.243975 -29.350808 0.000015 -0.000010 14.404461 7.958215 -12.013708 15.875026 -11.723954 4.629905 10.123600 2.262588 0.429422 0.322767 -1.300283 2.764809 0.924221 -0.117739 -20.451400 3.684939 1.063178 -32.178906 1.761991 0.228254 -14.760969 2.164189 0.260504 -26.870403 2.417981 0.436484 -20.462617 1.796253 0.237367 -15.054639 1.871789 -0.127944 -33.413552 1.816000 0.242714 -15.224022 1.331621 0.129433 -11.102734 6.519243 3.538458 -42.854963 -2.008822 0.310477 -17.737609 0.920171 0.061497 -7.647236 6.118221 1.783984 -1.764928 26.479182 -0.399501 71.948707 27.783884 0.000006 -0.000000 -14.859331 -2.971747 2.227293 -22.597961 4.635951 -7.637084 0.422816 6.977080 -0.542293 0.411261 -1.772090 -3.035503 -4.946034 0.608036 7.479581 -4.453936 1.603563 39.585666 -1.247658 0.112366 10.292337 -6.527859 1.179841 11.089191 -3.792292 1.118959 32.868967 -1.146046 -0.712235 8.471643 -4.742916 1.435842 23.484217 -3.071187 0.711445 26.080355 -1.401880 -0.859174 10.136405 -7.232245 3.400902 33.266009 -2.582173 0.494897 21.696089 -1.298302 0.121749 10.714811 2.516680 -12.532916 4.353008 11.380564 27.968404 6.765410 2.359922 -12.658427 -7.372958 0.000004 -0.133303 0.000002 -13.024292 -13.729619 -2.407805 -4.165167 27.423553 -2.512325 -5.858787 -10.676180 5.097034 0.000011 -0.000011 0.000002 
-3.721543 96.897110 -0.162811 0.378487 -2.236431 -0.869792 -0.290235 1.006277 0.246367 -3.175098 0.930273 0.550125 -3.163381 0.904908 0.593234 1.242099 -1.005273 -1.716828 -1.116851 4.782706 2.986885 4.339236 0.052172 -2.742491 -25.443751 3.253770 -71.093773 -29.468967 -0.000014 0.000000 14.470152 8.137350 -12.209119 15.571779 -11.792740 4.589639 10.420673 2.891990 0.818930 0.471888 -1.224927 2.761195 1.011018 -0.090862 -20.638721 3.625929 1.026483 -31.604221 1.713482 0.215639 -14.345940 2.257860 0.306528 -26.934182 2.357479 0.414239 -19.928878 1.790057 0.235693 -15.001506 1.973426 -0.058781 -33.352364 1.781923 0.233533 -14.931716 1.328879 0.128889 -11.079644 6.596845 3.571184 -42.193941 -2.060631 0.294121 -17.287820 0.920217 0.061510 -7.647588 5.898400 1.737123 -1.902134 26.536957 -0.516907 71.955708 27.703990 -0.000003 0.000022 -14.898331 -2.923915 2.239647 -22.611539 4.639412 -7.676728 0.442855 6.941262 -0.529722 0.429174 -1.779571 -3.032444 -4.981308 0.626288 7.666308 -4.406155 1.564419 39.080304 -1.232583 0.109640 10.166674 -6.488228 1.184266 11.227336 -3.741098 1.086219 32.371371 -1.130762 -0.738647 8.332125 -4.617094 1.382995 23.553323 -3.019886 0.686600 25.613293 -1.397182 -0.888675 10.065941 -7.050228 3.278842 33.268540 -2.557660 0.485196 21.479955 -1.284375 0.119125 10.598621 2.617266 -12.453146 4.441784 11.345550 27.667276 6.719709 2.244793 -12.455341 -7.455826 0.000018 -0.133974 0.000002 -12.962815 -13.696103 -2.315576 -4.204806 27.298731 -2.474807 -5.891956 -10.649361 4.940699 0.000011 -0.000002 -0.000001 
-3.926710 96.930748 -0.188586 0.364755 -2.215621 -0.827101 -0.309795 1.008965 0.272654 -3.204882 0.931857 0.594459 -3.192424 0.904371 0.638148 1.296052 -1.246477 -1.758344 -0.989551 4.594324 2.905442 4.490887 0.044133 -2.762361 -25.588433 3.217510 -71.008764 -29.573397 -0.000002 -0.000016 14.512829 8.230279 -12.375270 15.075394 -11.902782 4.519039 10.934660 3.963377 1.465264 0.750370 -1.089425 2.768325 1.123861 -0.055466 -20.896200 3.563005 0.988225 -30.995313 1.662187 0.202745 -13.907759 2.356988 0.353564 -27.117591 2.293773 0.391481 -19.368875 1.782580 0.233688 -14.937373 2.053262 -0.009217 -33.409655 1.746508 0.224178 -14.628508 1.325439 0.128214 -11.050573 6.636009 3.579899 -41.757789 -2.113699 0.277838 -16.828044 0.920219 0.061494 -7.647759 5.741768 1.702631 -1.991378 26.576259 -0.616496 71.913136 27.648206 -0.000014 0.000012 -14.923519 -2.913547 2.240717 -22.623113 4.636669 -7.720048 0.461105 6.908714 -0.518121 0.444861 -1.786020 -3.029738 -5.008336 0.639503 7.796767 -4.362031 1.528885 38.616763 -1.223096 0.107960 10.087552 -6.440329 1.171965 11.203593 -3.701383 1.061206 31.986998 -1.126235 -0.739651 8.298117 -4.496666 1.327008 23.472007 -2.982399 0.668748 25.273242 -1.398937 -0.890959 10.075522 -6.887724 3.161128 33.152854 -2.542454 0.479229 21.345980 -1.290341 0.120229 10.648512 2.728184 -12.367887 4.535573 11.314055 27.390860 6.675190 2.126186 -12.267973 -7.542199 0.000009 -0.136957 -0.000002 -12.920207 -13.665153 -2.226123 -4.204756 27.208200 -2.422300 -5.933717 -10.641657 4.780043 -0.000008 -0.000049 -0.000005 
-4.135883 96.965149 -0.211583 0.348625 -2.203892 -0.775074 -0.328965 1.014931 0.290601 -3.225490 0.938175 0.627672 -3.212406 0.909167 0.672122 1.343153 -1.463692 -1.772889 -0.858690 4.409177 2.835266 4.581883 0.037473 -2.735456 -25.665491 3.167181 -70.962175 -29.664642 -0.000004 -0.000030 14.535981 8.242023 -12.516036 14.444592 -12.041208 4.425697 11.629209 5.357690 2.321946 1.152356 -0.896195 2.786793 1.255715 -0.013414 -21.220006 3.496236 0.948628 -30.353118 1.608250 0.189619 -13.447984 2.455413 0.399281 -27.406069 2.227035 0.368396 -18.784103 1.773785 0.231360 -14.861984 2.106909 0.019182 -33.567658 1.709872 0.214733 -14.314976 1.321286 0.127392 -11.015507 6.633122 3.561725 -41.510495 -2.167774 0.261731 -16.360729 0.920233 0.061506 -7.647800 5.656680 1.682890 -2.026237 26.587252 -0.683994 71.826829 27.616861 -0.000011 -0.000002 -14.940912 -2.935844 2.238317 -22.634779 4.634884 -7.760693 0.478529 6.877624 -0.507091 0.459573 -1.792139 -3.027353 -5.028401 0.650146 7.904072 -4.319752 1.495380 38.175362 -1.216515 0.106782 10.032698 -6.395586 1.150825 11.074480 -3.668806 1.040997 31.673083 -1.127776 -0.720617 8.329520 -4.400638 1.278513 23.282500 -2.953811 0.655355 25.014407 -1.404170 -0.871269 10.137325 -6.767305 3.065862 32.947303 -2.533173 0.475607 21.264477 -1.309561 0.123888 10.808877 2.844578 -12.261030 4.627971 11.281673 27.097801 6.616811 2.000429 -12.075373 -7.624058 -0.000005 -0.143314 -0.000003 -12.908754 -13.627248 -2.143305 -4.149307 27.120417 -2.351256 -5.991214 -10.637979 4.613768 -0.000008 -0.000037 0.000002 
-4.349396 97.006798 -0.230466 0.333945 -2.197315 -0.710190 -0.345202 1.020302 0.299622 -3.235072 0.943196 0.648859 -3.221521 0.913310 0.693933 1.381175 -1.650708 -1.766720 -0.745034 4.240706 2.783368 4.640982 0.032783 -2.701489 -25.723326 3.120557 -70.908101 -29.745330 -0.000001 -0.000007 14.547898 8.205058 -12.642174 13.786609 -12.185436 4.326508 12.399190 6.831878 3.259168 1.624216 -0.670547 2.814330 1.391000 0.030658 -21.578275 3.426408 0.908289 -29.686096 1.552498 0.176528 -12.973603 2.544522 0.440431 -27.745451 2.157941 0.345302 -18.180954 1.764084 0.228795 -14.778923 2.135842 0.029580 -33.773001 1.672200 0.205212 -13.993252 1.316687 0.126514 -10.976592 6.595757 3.518180 -41.348726 -2.222538 0.245910 -15.888518 0.920258 0.061500 -7.647888 5.616191 1.672685 -2.027889 26.587548 -0.722785 71.725333 27.602207 0.000023 0.000010 -14.955280 -2.976354 2.242821 -22.647758 4.639470 -7.792949 0.495438 6.847453 -0.496462 0.473979 -1.798221 -3.025426 -5.044455 0.660753 8.018767 -4.277290 1.462295 37.734767 -1.209997 0.105635 9.978404 -6.362775 1.127981 10.897090 -3.638731 1.022568 31.384299 -1.130860 -0.688501 8.386321 -4.340455 1.244127 23.030143 -2.928844 0.643768 24.788700 -1.410302 -0.836606 10.224721 -6.700653 3.003042 32.684262 -2.526348 0.472966 21.204379 -1.335700 0.128920 11.027387 2.963109 -12.115847 4.713212 11.244723 26.748793 6.538031 1.868049 -11.858383 -7.698439 -0.000000 -0.152781 0.000002 -12.930578 -13.568564 -2.063697 -4.042312 27.001452 -2.272801 -6.064081 -10.622711 4.445552 0.000011 -0.000012 0.000002 
-4.566829 97.058372 -0.242940 0.320159 -2.194368 -0.632946 -0.356970 1.021980 0.302749 -3.235664 0.942246 0.662500 -3.221779 0.911931 0.707822 1.412142 -1.807580 -1.758806 -0.668057 4.104203 2.752123 4.721847 0.029625 -2.713861 -25.824255 3.092957 -70.796420 -29.819527 -0.000001 -0.000031 14.559018 8.170819 -12.766139 13.219989 -12.310242 4.240989 13.097689 8.110870 4.098326 2.080364 -0.452815 2.844975 1.508313 0.069641 -21.916704 3.355613 0.868466 -29.014237 1.496538 0.163879 -12.498386 2.612566 0.471724 -28.063186 2.088145 0.322790 -17.573549 1.754477 0.226260 -14.696580 2.141461 0.025178 -33.963771 1.634136 0.195849 -13.668495 1.312129 0.125632 -10.938247 6.533413 3.451166 -41.159461 -2.277720 0.230434 -15.413906 0.920302 0.061503 -7.648364 5.562682 1.660447 -2.041523 26.618125 -0.754907 71.653172 27.589385 -0.000004 0.000032 -14.968693 -3.014284 2.264434 -22.662214 4.652733 -7.813276 0.511502 6.818706 -0.486532 0.488103 -1.804443 -3.023990 -5.061434 0.673125 8.155575 -4.233326 1.428568 37.281304 -1.201663 0.104165 9.909147 -6.345853 1.106649 10.699006 -3.608616 1.004279 31.095737 -1.133357 -0.647658 8.448777 -4.317015 1.224546 22.737076 -2.904717 0.632661 24.571291 -1.416515 -0.791579 10.326767 -6.686149 2.971893 32.380554 -2.520149 0.470566 21.149841 -1.366546 0.135013 11.285283 3.076752 -11.922923 4.786271 11.201983 26.325825 6.443426 1.740399 -11.609032 -7.769730 0.000002 -0.164639 -0.000001 -12.969446 -13.480296 -1.980691 -3.909550 26.834321 -2.209395 -6.148244 -10.588337 4.284438 0.000002 -0.000030 0.000002 
-4.787786 97.118286 -0.246768 0.305304 -2.194333 -0.544558 -0.364413 1.018350 0.305252 -3.232974 0.933107 0.676509 -3.218784 0.902424 0.721589 1.441538 -1.940591 -1.774402 -0.640219 4.015379 2.738000 4.886132 0.026507 -2.820726 -26.022754 3.090967 -70.590463 -29.890619 0.000004 -0.000004 14.578043 8.191860 -12.897993 12.832160 -12.396705 4.184202 13.592221 8.990809 4.681997 2.434343 -0.283728 2.870339 1.586433 0.095665 -22.173152 3.287202 0.831041 -28.369141 1.442726 0.152171 -12.042226 2.647252 0.487010 -28.292773 2.020165 0.301652 -16.983887 1.746418 0.224147 -14.627666 2.123182 0.007344 -34.093070 1.596692 0.186856 -13.349405 1.308372 0.124898 -10.906492 6.452522 3.362555 -40.866904 -2.333006 0.215443 -14.939507 0.920407 0.061519 -7.649331 5.427200 1.632424 -2.120448 26.724970 -0.813392 71.656034 27.561494 -0.000023 0.000025 -14.980592 -3.027794 2.309403 -22.677691 4.673923 -7.821610 0.526248 6.792266 -0.477627 0.501818 -1.810634 -3.023018 -5.084918 0.687854 8.310488 -4.187591 1.394067 36.812384 -1.191082 0.102328 9.820992 -6.343964 1.086016 10.475486 -3.578388 0.986160 30.807138 -1.135675 -0.599327 8.518948 -4.322177 1.215574 22.401036 -2.881712 0.622209 24.364077 -1.423575 -0.737665 10.448030 -6.711174 2.963282 32.036500 -2.514743 0.468472 21.102336 -1.403517 0.142500 11.594672 3.172051 -11.683259 4.843064 11.154878 25.834014 6.342776 1.637626 -11.330332 -7.846392 0.000009 -0.177823 0.000000 -12.995304 -13.364758 -1.892098 -3.787405 26.626067 -2.180348 -6.241742 -10.538594 4.139345 -0.000010 -0.000011 0.000003 
-5.011952 97.183304 -0.240866 0.291003 -2.196221 -0.445117 -0.369329 1.009369 0.312316 -3.234452 0.915954 0.698621 -3.219875 0.884572 0.742976 1.476082 -2.060235 -1.835105 -0.662564 3.986343 2.732363 5.182227 0.022297 -3.046894 -26.346777 3.110479 -70.280837 -29.960498 -0.000004 -0.000037 14.608900 8.301018 -13.041277 12.651203 -12.438663 4.161651 13.822715 9.402338 4.944408 2.631195 -0.188921 2.883440 1.610981 0.103129 -22.295901 3.225363 0.798052 -27.789159 1.393723 0.141892 -11.627541 2.641151 0.482325 -28.392019 1.957079 0.282705 -16.438546 1.741616 0.222892 -14.586591 2.081824 -0.022546 -34.140960 1.561154 0.178549 -13.047227 1.306180 0.124470 -10.888132 6.358403 3.257021 -40.450983 -2.388100 0.200994 -14.467852 0.920602 0.061563 -7.650825 5.155887 1.577322 -2.305160 26.936016 -0.929166 71.764121 27.505966 0.000006 0.000008 -14.989668 -2.999527 2.376038 -22.692988 4.699617 -7.820440 0.538953 6.769499 -0.470271 0.514635 -1.816618 -3.022469 -5.117586 0.703994 8.463433 -4.141004 1.359493 36.337559 -1.179255 0.100291 9.722476 -6.352443 1.063360 10.208071 -3.549405 0.968971 30.531089 -1.139443 -0.544247 8.608344 -4.343611 1.211277 22.014458 -2.861121 0.612921 24.178887 -1.432612 -0.675858 10.595518 -6.758415 2.965078 31.650482 -2.510953 0.467006 21.069112 -1.448146 0.151799 11.968532 3.234171 -11.403628 4.881394 11.105376 25.287732 6.241766 1.576644 -11.028905 -7.933526 -0.000008 -0.191146 -0.000001 -12.982704 -13.228664 -1.805909 -3.703380 26.391426 -2.184224 -6.343370 -10.481467 4.010437 -0.000001 -0.000050 0.000004 
-5.239204 97.251068 -0.226035 0.284504 -2.199418 -0.334129 -0.374425 0.995960 0.326700 -3.246417 0.892461 0.732969 -3.231308 0.859799 0.776217 1.521070 -2.178218 -1.949927 -0.723505 4.020469 2.724083 5.628232 0.017520 -3.383796 -26.788933 3.139930 -69.888422 -30.030078 0.000006 -0.000017 14.649388 8.497303 -13.193813 12.643047 -12.443490 4.168150 13.822947 9.416197 4.934341 2.667808 -0.169832 2.882651 1.579792 0.091209 -22.258275 3.174041 0.771273 -27.310361 1.351883 0.133438 -11.273757 2.596703 0.459024 -28.350088 1.901917 0.266674 -15.962757 1.741523 0.222876 -14.585708 2.024685 -0.059599 -34.112488 1.528911 0.171132 -12.773313 1.306271 0.124493 -10.888723 6.260869 3.145580 -39.937656 -2.442677 0.187140 -14.001557 0.920843 0.061595 -7.652871 4.731723 1.489726 -2.606587 27.244108 -1.118279 71.980584 27.419520 0.000003 0.000025 -14.995701 -2.920072 2.453367 -22.705238 4.723405 -7.812730 0.547513 6.754054 -0.465694 0.524677 -1.821429 -3.022314 -5.154784 0.718373 8.580137 -4.095798 1.326521 35.879643 -1.168761 0.098493 9.635128 -6.363956 1.036163 9.887179 -3.522594 0.953228 30.276354 -1.146042 -0.486313 8.723492 -4.369940 1.206954 21.588860 -2.842858 0.604767 24.014995 -1.443537 -0.611021 10.763329 -6.812562 2.968150 31.237676 -2.508539 0.466076 21.047756 -1.497841 0.162531 12.385529 3.256414 -11.091546 4.902830 11.054519 24.698367 6.137956 1.558634 -10.708748 -8.028773 0.000004 -0.202898 0.000003 -12.929165 -13.080182 -1.739041 -3.656640 26.147265 -2.191184 -6.453090 -10.426594 3.885182 0.000006 -0.000024 -0.000000 
-5.469203 97.321762 -0.204814 0.295206 -2.203999 -0.212285 -0.382135 0.979198 0.348083 -3.271350 0.864505 0.778515 -3.255585 0.829966 0.820420 1.578566 -2.304527 -2.111637 -0.801563 4.109093 2.703367 6.205795 0.014035 -3.792162 -27.310096 3.164820 -69.456583 -30.100750 0.000012 -0.000017 14.692580 8.745120 -13.348644 12.732265 -12.427055 4.190217 13.693513 9.200099 4.777202 2.592957 -0.203536 2.872442 1.504432 0.064841 -22.066185 3.135925 0.751749 -26.955932 1.318514 0.126872 -10.991903 2.527965 0.424820 -28.185020 1.856649 0.253901 -15.573303 1.746861 0.224269 -14.631399 1.967564 -0.093882 -34.028634 1.500977 0.164861 -12.536008 1.308927 0.125017 -10.911190 6.176818 3.045536 -39.374480 -2.496380 0.173962 -13.543294 0.921151 0.061640 -7.655567 4.181237 1.371958 -3.000851 27.604957 -1.374625 72.280941 27.308840 0.000006 -0.000001 -15.000936 -2.787618 2.522927 -22.708738 4.735060 -7.799606 0.547123 6.754601 -0.466749 0.527059 -1.822779 -3.022838 -5.182303 0.725340 8.614929 -4.055557 1.297636 35.474165 -1.163668 0.097641 9.592711 -6.369121 1.003520 9.523182 -3.497452 0.938653 30.038448 -1.156017 -0.434531 8.858697 -4.393751 1.200989 21.165786 -2.824063 0.596419 23.846405 -1.454801 -0.553365 10.926218 -6.864331 2.969613 30.838331 -2.505117 0.464753 21.017805 -1.544220 0.172882 12.775404 3.248721 -10.750439 4.912834 11.001494 24.065127 6.022283 1.564236 -10.367528 -8.122501 0.000001 -0.211025 0.000003 -12.855571 -12.918050 -1.708807 -3.617361 25.891683 -2.154665 -6.574163 -10.374317 3.743027 -0.000008 -0.000034 -0.000001 
-5.701438 97.396767 -0.180264 0.327945 -2.209595 -0.081668 -0.393445 0.959625 0.373294 -3.306498 0.833042 0.829925 -3.290027 0.796241 0.870395 1.647006 -2.445251 -2.299921 -0.871578 4.232584 2.665064 6.866781 0.013045 -4.215331 -27.852185 3.173279 -69.035420 -30.176148 -0.000001 -0.000030 14.729834 8.987154 -13.497303 12.834153 -12.406686 4.211452 13.549358 8.949959 4.607692 2.488724 -0.251758 2.861093 1.408075 0.033325 -21.756033 3.111335 0.739296 -26.727876 1.293442 0.122061 -10.780602 2.457418 0.391536 -27.935463 1.821652 0.244251 -15.272576 1.757375 0.227018 -14.721443 1.930934 -0.112936 -33.915666 1.477604 0.159697 -12.337830 1.314075 0.126001 -10.954495 6.126266 2.974987 -38.808107 -2.548978 0.161518 -13.095757 0.921584 0.061685 -7.659028 3.562936 1.234329 -3.440435 27.951760 -1.670976 72.622902 27.186940 0.000015 0.000018 -15.009836 -2.603842 2.564183 -22.694658 4.720999 -7.779451 0.530162 6.784858 -0.477734 0.513655 -1.816998 -3.024675 -5.178875 0.717831 8.519706 -4.024492 1.275639 35.162575 -1.168667 0.098489 9.634366 -6.357212 0.966190 9.143525 -3.472332 0.924190 29.800925 -1.169280 -0.400986 8.998573 -4.411172 1.194321 20.807604 -2.799644 0.585691 23.627870 -1.463993 -0.516520 11.046210 -6.910055 2.971854 30.509376 -2.496844 0.461584 20.945214 -1.575296 0.179986 13.036992 3.238960 -10.382781 4.919016 10.944999 23.381539 5.885485 1.558723 -10.001107 -8.203019 0.000003 -0.214070 0.000004 -12.786211 -12.740313 -1.722289 -3.554474 25.617746 -2.043623 -6.709240 -10.321041 3.569698 -0.000001 -0.000027 0.000003 
-5.935301 97.477570 -0.154504 0.379083 -2.214932 0.054500 -0.407283 0.936867 0.398180 -3.344361 0.797523 0.880245 -3.327247 0.758405 0.919270 1.722158 -2.601354 -2.489526 -0.912332 4.365860 2.609898 7.549103 0.013629 -4.597234 -28.355044 3.159735 -68.666788 -30.261952 -0.000011 -0.000014 14.753675 9.166209 -13.631714 12.883275 -12.395294 4.218965 13.476301 8.821616 4.517979 2.440793 -0.274308 2.856601 1.319746 0.007357 -21.384805 3.098043 0.732644 -26.604782 1.275114 0.118587 -10.626114 2.408732 0.370948 -27.650433 1.795392 0.237130 -15.047221 1.771783 0.230840 -14.844801 1.931220 -0.107150 -33.798406 1.458336 0.155531 -12.174323 1.321047 0.127357 -11.013579 6.122404 2.944568 -38.273351 -2.600067 0.149851 -12.661649 0.922105 0.061749 -7.663446 2.944552 1.092103 -3.871214 28.217287 -1.969129 72.962683 27.067283 -0.000020 0.000036 -15.027232 -2.368182 2.561373 -22.654114 4.667537 -7.750520 0.488911 6.858646 -0.502903 0.475888 -1.800092 -3.028421 -5.124079 0.690545 8.263605 -4.005829 1.262540 34.975882 -1.187157 0.101632 9.788318 -6.318650 0.926095 8.783144 -3.446684 0.909586 29.559283 -1.185184 -0.396426 9.124453 -4.419749 1.188677 20.574263 -2.765205 0.570717 23.320105 -1.468897 -0.512397 11.088192 -6.948383 2.978619 30.303183 -2.479968 0.455149 20.797052 -1.580372 0.181178 13.079701 3.263032 -9.988359 4.928781 10.883936 22.636623 5.721450 1.505486 -9.604995 -8.261254 0.000014 -0.212738 -0.000003 -12.727174 -12.542984 -1.769516 -3.466560 25.311021 -1.868134 -6.854799 -10.257642 3.367386 -0.000006 -0.000012 0.000002 
-6.170140 97.565033 -0.127774 0.438782 -2.219022 0.193050 -0.420739 0.909725 0.419378 -3.375041 0.755968 0.923918 -3.357439 0.714785 0.961466 1.798804 -2.768324 -2.659185 -0.912861 4.486574 2.543003 8.194478 0.012952 -4.897597 -28.770195 3.126202 -68.375965 -30.363644 0.000011 -0.000029 14.758241 9.245342 -13.745784 12.849251 -12.399329 4.207591 13.511298 8.889530 4.540057 2.509017 -0.242998 2.863973 1.267156 -0.004028 -21.013866 3.091899 0.729563 -26.548078 1.260932 0.115931 -10.506551 2.399190 0.370720 -27.377930 1.774955 0.231674 -14.871970 1.788110 0.235178 -14.984725 1.973004 -0.074784 -33.697469 1.441934 0.152003 -12.035516 1.329020 0.128910 -11.080671 6.163038 2.951691 -37.792902 -2.649353 0.138962 -12.243504 0.922771 0.061856 -7.668802 2.379646 0.960278 -4.251947 28.354065 -2.233676 73.268730 26.958550 -0.000011 0.000022 -15.056179 -2.075733 2.508559 -22.583592 4.568206 -7.715369 0.421316 6.979526 -0.543154 0.410188 -1.770445 -3.034101 -5.008827 0.644045 7.859061 -3.999560 1.258167 34.913209 -1.218718 0.107174 10.051085 -6.248971 0.886571 8.479654 -3.416330 0.892459 29.273723 -1.202123 -0.425396 9.217106 -4.416959 1.184796 20.501057 -2.716175 0.549820 22.883253 -1.468133 -0.545823 11.034659 -6.976784 2.991184 30.247401 -2.452582 0.444809 20.557176 -1.554870 0.175301 12.864912 3.347120 -9.565148 4.946335 10.818873 21.822538 5.530890 1.382332 -9.177630 -8.295456 0.000010 -0.210927 -0.000001 -12.658875 -12.322435 -1.827346 -3.394423 24.958917 -1.681524 -6.997953 -10.174749 3.156452 -0.000011 -0.000021 -0.000001 
-6.405482 97.659294 -0.098428 0.496785 -2.222142 0.332382 -0.430096 0.876615 0.435189 -3.389567 0.705611 0.958713 -3.371683 0.662797 0.994592 1.872220 -2.936757 -2.797143 -0.874770 4.582702 2.470810 8.761200 0.008162 -5.097534 -29.067417 3.079882 -68.171449 -30.482171 0.000002 -0.000021 14.737740 9.218840 -13.835478 12.737628 -12.418683 4.180714 13.644960 9.141047 4.656920 2.706871 -0.151192 2.883978 1.269629 0.004462 -20.691833 3.088319 0.727775 -26.515020 1.248217 0.113592 -10.399454 2.434716 0.392618 -27.154891 1.757047 0.226937 -14.718595 1.804341 0.239536 -15.124025 2.046734 -0.023018 -33.628040 1.427081 0.148838 -11.909597 1.336940 0.130477 -11.147626 6.229377 2.981187 -37.382185 -2.696527 0.128903 -11.843697 0.923486 0.061941 -7.674886 1.895003 0.848169 -4.563067 28.343125 -2.443628 73.528086 26.861811 -0.000001 0.000002 -15.095917 -1.720050 2.411265 -22.491248 4.431459 -7.685165 0.336899 7.130307 -0.592525 0.324435 -1.731425 -3.040812 -4.843576 0.586726 7.379437 -4.000931 1.259120 34.926801 -1.257323 0.114126 10.372956 -6.153374 0.852582 8.275291 -3.377776 0.871005 28.912365 -1.216608 -0.484032 9.254328 -4.400973 1.182124 20.589752 -2.654991 0.524322 22.339980 -1.461348 -0.612106 10.891405 -6.990953 3.006725 30.335329 -2.415551 0.431046 20.233322 -1.502368 0.163526 12.423604 3.494607 -9.105086 4.969276 10.754458 20.929172 5.322146 1.192048 -8.716675 -8.312192 0.000002 -0.213593 0.000000 -12.548863 -12.075935 -1.870526 -3.404622 24.555085 -1.555426 -7.117473 -10.066132 2.964982 0.000002 -0.000011 -0.000005 
-6.641160 97.758484 -0.063689 0.546788 -2.225209 0.472876 -0.432260 0.836122 0.445645 -3.383027 0.643888 0.985881 -3.365070 0.599871 1.019616 1.939031 -3.094024 -2.901539 -0.809657 4.656009 2.397865 9.228201 -0.002271 -5.195831 -29.233094 3.027900 -68.052993 -30.611081 -0.000012 0.000003 14.684528 9.110307 -13.898031 12.580710 -12.448269 4.147086 13.835571 9.500208 4.823793 2.996669 -0.016391 2.913211 1.333433 0.033704 -20.442707 3.083684 0.725473 -26.472172 1.235073 0.111177 -10.288717 2.509882 0.433186 -26.999608 1.739097 0.222231 -14.564963 1.819014 0.243528 -15.249920 2.133995 0.035696 -33.598274 1.412588 0.145812 -11.787080 1.344111 0.131897 -11.208208 6.294588 3.012748 -37.051242 -2.741358 0.119659 -11.464530 0.924235 0.062041 -7.681230 1.491920 0.757561 -4.806446 28.191679 -2.595867 73.743886 26.771823 -0.000010 0.000019 -15.141729 -1.301985 2.283446 -22.398692 4.284564 -7.679132 0.258691 7.269951 -0.637001 0.240077 -1.692576 -3.046265 -4.659012 0.532784 6.951616 -4.000901 1.259099 34.926592 -1.292101 0.120588 10.663112 -6.048231 0.830999 8.219211 -3.331619 0.845769 28.481283 -1.223042 -0.561891 9.208274 -4.373114 1.179970 20.815871 -2.584306 0.495748 21.714916 -1.448867 -0.698852 10.681817 -6.987235 3.020318 30.532636 -2.371948 0.415145 19.852657 -1.433026 0.148617 11.841849 3.684148 -8.602906 4.991625 10.688739 19.956278 5.104030 0.961880 -8.223104 -8.322312 -0.000003 -0.223340 -0.000001 -12.376530 -11.806350 -1.883809 -3.552963 24.107913 -1.542357 -7.187553 -9.934940 2.813399 0.000011 -0.000015 0.000005 
-6.877031 97.857239 -0.020835 0.587420 -2.228820 0.615447 -0.426020 0.787541 0.451882 -3.356254 0.569359 1.008802 -3.338384 0.524420 1.039587 1.997357 -3.227019 -2.976754 -0.732954 4.719869 2.325066 9.591125 -0.018562 -5.199399 -29.262993 2.972344 -68.019299 -30.736060 -0.000001 -0.000033 14.589098 8.961038 -13.930366 12.424166 -12.479447 4.116403 14.027606 9.862744 4.988969 3.300989 0.125310 2.944690 1.450939 0.080526 -20.264732 3.076151 0.721720 -26.402351 1.220697 0.108594 -10.167561 2.612220 0.486192 -26.910501 1.719817 0.217272 -14.400031 1.831377 0.246902 -15.356128 2.217420 0.090254 -33.608110 1.397945 0.142794 -11.663071 1.350144 0.133088 -11.259130 6.337734 3.031165 -36.801968 -2.783525 0.111248 -11.108392 0.924967 0.062139 -7.687339 1.158015 0.684844 -4.996903 27.923767 -2.700832 73.927270 26.680155 -0.000003 0.000008 -15.186200 -0.839196 2.141953 -22.336375 4.168359 -7.718109 0.217766 7.343414 -0.657721 0.187336 -1.667432 -3.047732 -4.496866 0.496578 6.717157 -3.989153 1.250920 34.809362 -1.310687 0.124099 10.818272 -5.957400 0.828997 8.359351 -3.277612 0.816773 27.979180 -1.215036 -0.645961 9.049954 -4.339518 1.178916 21.143665 -2.508446 0.466028 21.046979 -1.431549 -0.790771 10.435114 -6.965934 3.028241 30.794072 -2.325606 0.398593 19.449281 -1.359189 0.133550 11.223718 3.882416 -8.066672 5.004811 10.625079 18.929074 4.893864 0.730584 -7.709491 -8.340779 -0.000008 -0.238406 -0.000003 -12.147772 -11.528177 -1.868403 -3.853891 23.649016 -1.648987 -7.186866 -9.798428 2.704636 0.000004 -0.000009 0.000002 
-7.112651 97.947060 0.031348 0.620409 -2.233201 0.758986 -0.412602 0.731275 0.455533 -3.315436 0.482349 1.031001 -3.297765 0.436578 1.057776 2.046538 -3.325500 -3.028834 -0.657353 4.792095 2.250031 9.854751 -0.040538 -5.114038 -29.155243 2.908364 -68.073681 -30.838772 -0.000010 -0.000005 14.443734 8.815708 -13.927952 12.314011 -12.502152 4.095513 14.167847 10.128552 5.107422 3.527695 0.230633 2.969437 1.603460 0.138375 -20.142400 3.065192 0.716295 -26.301266 1.205020 0.105798 -10.035754 2.727781 0.545045 -26.872771 1.698962 0.211953 -14.221800 1.841264 0.249626 -15.440935 2.288954 0.135827 -33.648736 1.383024 0.139716 -11.536931 1.354909 0.134023 -11.299437 6.354354 3.033165 -36.623286 -2.822676 0.103665 -10.777877 0.925565 0.062211 -7.692541 0.881116 0.625263 -5.152048 27.570731 -2.773917 74.088394 26.579095 -0.000020 0.000034 -15.222002 -0.370333 2.000371 -22.332031 4.122761 -7.814195 0.240902 7.303405 -0.638905 0.193658 -1.668485 -3.042949 -4.393529 0.487102 6.774432 -3.958339 1.229631 34.502847 -1.304434 0.122899 10.766075 -5.903212 0.851455 8.720973 -3.213742 0.783252 27.388261 -1.188265 -0.725595 8.763908 -4.309609 1.181045 21.538771 -2.431300 0.436884 20.370988 -1.410507 -0.875614 10.176698 -6.932404 3.030203 31.079980 -2.279863 0.382629 19.052000 -1.290904 0.120344 10.653167 4.060900 -7.523977 5.008180 10.567106 17.907057 4.704402 0.529113 -7.204133 -8.377543 -0.000005 -0.253767 -0.000001 -11.881578 -11.264967 -1.837639 -4.275030 23.229953 -1.838212 -7.111699 -9.686149 2.626765 -0.000001 -0.000043 -0.000002 
-7.347287 98.019119 0.091457 0.647411 -2.237971 0.899675 -0.395295 0.668952 0.458294 -3.269878 0.385158 1.054538 -3.252464 0.338505 1.076193 2.086943 -3.385183 -3.062717 -0.588825 4.885775 2.169047 10.025975 -0.068379 -4.941279 -28.907113 2.826587 -68.222866 -30.903707 -0.000005 -0.000014 14.248742 8.710641 -13.884268 12.285892 -12.507092 4.086458 14.217462 10.224033 5.148480 3.599583 0.262947 2.979805 1.766758 0.198904 -20.064647 3.050663 0.709136 -26.167295 1.188062 0.102818 -9.893099 2.844815 0.604282 -26.870476 1.676557 0.206322 -14.030412 1.848419 0.251608 -15.502694 2.351295 0.174871 -33.705590 1.367945 0.136659 -11.409454 1.358336 0.134725 -11.328384 6.357077 3.027240 -36.489548 -2.858562 0.096921 -10.475640 0.926048 0.062277 -7.696364 0.657331 0.576158 -5.285176 27.165465 -2.827827 74.231247 26.464966 -0.000002 0.000022 -15.244381 0.050500 1.865559 -22.397922 4.169141 -7.962728 0.336977 7.133524 -0.576270 0.270661 -1.701160 -3.031517 -4.364019 0.505169 7.129071 -3.907964 1.195332 34.003813 -1.272820 0.116983 10.502158 -5.895804 0.897820 9.280797 -3.141888 0.746541 26.727087 -1.143659 -0.795032 8.365650 -4.288583 1.186403 21.944322 -2.356026 0.409417 19.714098 -1.387399 -0.947207 9.924893 -6.894319 3.028674 31.364177 -2.236833 0.367927 18.679126 -1.233448 0.109800 10.173850 4.208627 -7.017154 5.008373 10.518474 16.970848 4.545217 0.369091 -6.744769 -8.437098 0.000002 -0.264082 -0.000002 -11.584489 -11.046462 -1.805101 -4.781744 22.907150 -2.065488 -6.982815 -9.625418 2.566193 0.000012 -0.000025 0.000002 
-7.580188 98.069092 0.155777 0.668046 -2.240739 1.034609 -0.378285 0.603270 0.460794 -3.228939 0.281894 1.079363 -3.211813 0.234267 1.095032 2.119914 -3.409458 -3.082205 -0.526548 5.002572 2.080019 10.110136 -0.102368 -4.681229 -28.518396 2.718674 -68.471362 -30.924149 -0.000008 -0.000020 14.017781 8.668546 -13.791993 12.357541 -12.488338 4.087449 14.158571 10.114475 5.098569 3.479282 0.204289 2.972769 1.917010 0.253822 -20.038899 3.031638 0.699816 -25.991978 1.169176 0.099558 -9.734354 2.954374 0.659623 -26.897266 1.652095 0.200255 -13.821645 1.852334 0.252697 -15.536128 2.412374 0.213265 -33.763066 1.352590 0.133565 -11.279805 1.360182 0.135094 -11.343857 6.365849 3.026327 -36.365105 -2.890763 0.091057 -10.204331 0.926314 0.062326 -7.698591 0.489819 0.537559 -5.403407 26.741026 -2.868894 74.353357 26.339308 -0.000000 -0.000012 -15.252497 0.369067 1.737528 -22.523249 4.298823 -8.140907 0.490144 6.860481 -0.481229 0.406446 -1.760437 -3.015183 -4.394910 0.543128 7.681453 -3.845421 1.153640 33.388430 -1.224558 0.108197 10.099754 -5.926527 0.960236 9.955641 -3.067403 0.709592 26.045765 -1.088654 -0.853419 7.910111 -4.265165 1.185675 22.212537 -2.285502 0.384576 19.100954 -1.364480 -1.005808 9.693979 -6.856433 3.025450 31.631911 -2.197751 0.354834 18.341264 -1.187638 0.101733 9.792228 4.333827 -6.579843 5.012326 10.480871 16.174912 4.418552 0.243051 -6.355670 -8.517465 0.000009 -0.265986 0.000001 -11.244496 -10.890915 -1.778714 -5.335899 22.710338 -2.295401 -6.840136 -9.628691 2.514118 0.000000 -0.000025 0.000000 
-7.811256 98.098839 0.219572 0.681359 -2.237052 1.164673 -0.365351 0.537714 0.463160 -3.199406 0.177995 1.103757 -3.182588 0.129353 1.113081 2.147754 -3.408932 -3.091765 -0.466067 5.131425 1.985071 10.111246 -0.141993 -4.339011 -27.998651 2.582615 -68.814142 -30.905206 0.000007 -0.000024 13.778598 8.697816 -13.645391 12.524981 -12.445245 4.094964 13.996257 9.807824 4.961519 3.180446 0.060652 2.951348 2.035902 0.296736 -20.091628 3.006289 0.687520 -25.758826 1.147160 0.095823 -9.549285 3.048832 0.707448 -26.959752 1.624448 0.193507 -13.585865 1.851919 0.252580 -15.532642 2.476741 0.254414 -33.809272 1.336618 0.130412 -11.144930 1.359993 0.135045 -11.342231 6.394173 3.038342 -36.214486 -2.919015 0.086031 -9.966607 0.926380 0.062333 -7.699238 0.380960 0.510540 -5.510076 26.330536 -2.897923 74.449021 26.208713 -0.000003 0.000022 -15.248729 0.549667 1.611626 -22.676781 4.475008 -8.315051 0.664685 6.546981 -0.376628 0.568763 -1.832038 -2.997428 -4.450471 0.586650 8.262917 -3.783756 1.113446 32.785697 -1.174539 0.099485 9.683236 -5.970106 1.024282 10.618973 -2.998480 0.676389 25.418943 -1.035320 -0.902880 7.480674 -4.244388 1.184602 22.447931 -2.222987 0.363251 18.559391 -1.344599 -1.055187 9.497868 -6.816713 3.018524 31.873013 -2.163652 0.343645 18.046847 -1.152011 0.095680 9.495845 4.453229 -6.223697 5.022194 10.453919 15.524793 4.318881 0.134780 -6.036651 -8.612281 0.000011 -0.259079 0.000002 -10.850556 -10.802121 -1.760168 -5.896523 22.633051 -2.506975 -6.729814 -9.688491 2.466068 0.000009 -0.000015 0.000001 
-8.040817 98.114143 0.278660 0.689899 -2.223437 1.295105 -0.358824 0.476109 0.465169 -3.184338 0.079588 1.125453 -3.167832 0.030016 1.128724 2.173423 -3.398725 -3.098040 -0.403579 5.253196 1.891653 10.033972 -0.185171 -3.930311 -27.373742 2.424763 -69.231965 -30.861486 -0.000023 -0.000037 13.567203 8.793837 -13.443676 12.763131 -12.383216 4.105611 13.756508 9.351155 4.757319 2.761941 -0.140296 2.922772 2.113497 0.324189 -20.254619 2.972776 0.671470 -25.451414 1.120833 0.091431 -9.328292 3.120776 0.743986 -27.071726 1.592439 0.185863 -13.313286 1.846290 0.251021 -15.484211 2.540021 0.295494 -33.839011 1.319612 0.127076 -11.001255 1.357359 0.134518 -11.320146 6.440205 3.060117 -36.014536 -2.942991 0.081866 -9.765030 0.926322 0.062322 -7.698650 0.324293 0.494681 -5.607371 25.965307 -2.913876 74.513990 26.082641 0.000007 0.000043 -15.236540 0.588918 1.482841 -22.819583 4.647870 -8.453789 0.819604 6.266661 -0.286578 0.717840 -1.898155 -2.982034 -4.488858 0.619510 8.705338 -3.736287 1.083154 32.324615 -1.137699 0.093290 9.376809 -5.995118 1.073213 11.143631 -2.943665 0.650629 24.922665 -0.995901 -0.945857 7.160293 -4.213245 1.177614 22.641667 -2.172030 0.346362 18.119208 -1.330524 -1.099221 9.350112 -6.766751 3.001808 32.077205 -2.135684 0.334584 17.805861 -1.124971 0.091212 9.271081 4.579495 -5.934879 5.031710 10.435143 14.978419 4.238441 0.028653 -5.764374 -8.714735 0.000006 -0.246125 -0.000003 -10.415599 -10.772217 -1.749800 -6.409688 22.646201 -2.685013 -6.693394 -9.786573 2.418745 -0.000003 -0.000008 -0.000001 
-8.269455 98.121964 0.330397 0.702382 -2.200390 1.431923 -0.359254 0.422112 0.466648 -3.183488 -0.007236 1.142915 -3.167287 -0.057564 1.141057 2.199779 -3.394093 -3.109568 -0.339306 5.348740 1.811374 9.886132 -0.228281 -3.482242 -26.687269 2.257796 -69.692054 -30.811342 -0.000005 -0.000012 13.416704 8.940488 -13.193810 13.031291 -12.312649 4.117425 13.480335 8.820896 4.518512 2.308040 -0.358267 2.894545 2.148808 0.335694 -20.544290 2.930677 0.651622 -25.066055 1.090097 0.086449 -9.070250 3.163712 0.765948 -27.242863 1.555851 0.177306 -13.002151 1.835187 0.247953 -15.388829 2.589916 0.328234 -33.853747 1.301472 0.123585 -10.848183 1.352242 0.133495 -11.276900 6.487773 3.079205 -35.763140 -2.962391 0.078548 -9.601969 0.926168 0.062302 -7.697325 0.301872 0.487019 -5.698792 25.669584 -2.917472 74.548305 25.970423 0.000013 0.000015 -15.218433 0.517631 1.349205 -22.921357 4.775107 -8.540520 0.925503 6.074051 -0.226596 0.822681 -1.944831 -2.971615 -4.480277 0.630463 8.910547 -3.711153 1.067338 32.081440 -1.122802 0.090847 9.252892 -5.977949 1.095049 11.450735 -2.908569 0.634415 24.605799 -0.977744 -0.983366 6.998313 -4.158492 1.158523 22.777028 -2.135370 0.334469 17.803190 -1.323903 -1.139290 9.259409 -6.697439 2.968765 32.234740 -2.114978 0.327957 17.627690 -1.105776 0.088105 9.111400 4.715390 -5.684436 5.030526 10.422388 14.473065 4.172362 -0.088012 -5.505984 -8.820488 -0.000013 -0.233002 -0.000002 -9.982864 -10.784812 -1.748329 -6.815207 22.714105 -2.814899 -6.755267 -9.903890 2.367060 0.000009 -0.000011 0.000007 
-8.497291 98.125778 0.374120 0.731661 -2.172306 1.577709 -0.365746 0.378771 0.467771 -3.194767 -0.077123 1.156188 -3.178824 -0.128026 1.150569 2.228485 -3.405858 -3.134318 -0.278552 5.406467 1.756681 9.680296 -0.267044 -3.029546 -25.995239 2.095725 -70.154314 -30.769787 -0.000006 -0.000030 13.345566 9.112135 -12.911679 13.282919 -12.246401 4.129695 13.214424 8.306525 4.283755 1.902749 -0.552915 2.871539 2.148235 0.333081 -20.946554 2.881717 0.628952 -24.619641 1.056343 0.081159 -8.787131 3.174560 0.771504 -27.468822 1.516110 0.168260 -12.664335 1.819441 0.243654 -15.253713 2.613071 0.343512 -33.858952 1.282755 0.120017 -10.690465 1.345016 0.132057 -11.215756 6.515974 3.081514 -35.480514 -2.976917 0.076117 -9.479929 0.925995 0.062275 -7.695862 0.289604 0.482562 -5.787383 25.453622 -2.913127 74.556419 25.878018 -0.000002 0.000012 -15.195725 0.388951 1.213535 -22.971883 4.837938 -8.578711 0.974587 5.984455 -0.199260 0.872338 -1.966994 -2.966675 -4.418286 0.618682 8.883622 -3.708239 1.065503 32.053347 -1.129317 0.091932 9.307018 -5.913190 1.088307 11.538338 -2.893563 0.627584 24.470773 -0.980501 -1.014502 6.990940 -4.076374 1.125743 22.851112 -2.113705 0.327553 17.616728 -1.324408 -1.174139 9.224020 -6.606547 2.917646 32.340970 -2.101980 0.323838 17.515858 -1.094095 0.086248 9.014405 4.856364 -5.453265 5.012165 10.414112 13.974413 4.121579 -0.226716 -5.244089 -8.928948 0.000000 -0.226359 0.000000 -9.610882 -10.826883 -1.755628 -7.071545 22.819025 -2.889184 -6.911754 -10.032934 2.306880 -0.000006 -0.000031 -0.000002 
-8.723845 98.124886 0.411099 0.788340 -2.145314 1.729810 -0.376711 0.348216 0.469251 -3.215741 -0.126113 1.167012 -3.199970 -0.177499 1.159193 2.259013 -3.437010 -3.176171 -0.230322 5.425436 1.736357 9.434110 -0.297764 -2.608294 -25.355141 1.949320 -70.579712 -30.743665 0.000016 0.000005 13.350699 9.277673 -12.620146 13.477285 -12.196103 4.142342 13.000383 7.889828 4.089729 1.607006 -0.694636 2.855144 2.122168 0.319629 -21.416185 2.829885 0.605435 -24.148610 1.022415 0.076012 -8.502781 3.155728 0.761417 -27.728743 1.476037 0.159366 -12.324562 1.800905 0.238615 -15.094488 2.602783 0.336576 -33.861117 1.264705 0.116639 -10.538262 1.336482 0.130382 -11.143706 6.511132 3.059950 -35.202908 -2.986256 0.074553 -9.401405 0.925841 0.062270 -7.694638 0.267096 0.476696 -5.874364 25.309199 -2.908509 74.545907 25.805478 0.000008 0.000020 -15.170058 0.258806 1.083267 -22.981929 4.845072 -8.587371 0.980496 5.973852 -0.195438 0.877109 -1.969165 -2.966053 -4.319833 0.592853 8.715018 -3.720390 1.073127 32.170717 -1.148911 0.095157 9.469998 -5.815637 1.062141 11.473808 -2.894092 0.627832 24.475460 -0.996949 -1.037287 7.086966 -3.976737 1.083988 22.875861 -2.105168 0.324852 17.543204 -1.329776 -1.200829 9.231145 -6.503284 2.854913 32.399877 -2.095996 0.321974 17.464350 -1.089350 0.085477 8.975005 4.998501 -5.241967 4.979412 10.410648 13.493198 4.089693 -0.398737 -4.984982 -9.041552 0.000017 -0.230987 0.000004 -9.346166 -10.890676 -1.768994 -7.177498 22.960475 -2.913905 -7.130617 -10.176709 2.237178 0.000002 -0.000049 0.000004 
-8.948009 98.115540 0.443731 0.874589 -2.124914 1.881610 -0.390595 0.331508 0.472155 -3.244400 -0.152007 1.178204 -3.228667 -0.203918 1.169666 2.288170 -3.481758 -3.231973 -0.204288 5.413847 1.751618 9.169041 -0.318365 -2.249911 -24.814228 1.824183 -70.938229 -30.730527 -0.000022 -0.000039 13.408128 9.407255 -12.344948 13.590213 -12.168977 4.155371 12.864378 7.624239 3.962008 1.445751 -0.771174 2.844525 2.081450 0.299257 -21.890208 2.780217 0.583408 -23.698825 0.991764 0.071490 -8.246168 3.114989 0.739308 -27.991077 1.439381 0.151472 -12.013861 1.781758 0.233471 -14.930317 2.563086 0.310011 -33.864501 1.248844 0.113708 -10.404598 1.327681 0.128643 -11.069429 6.474084 3.018364 -34.970053 -2.990127 0.073905 -9.368935 0.925732 0.062253 -7.693785 0.226782 0.467361 -5.956913 25.209559 -2.911943 74.525382 25.746497 0.000018 -0.000034 -15.145116 0.166780 0.967772 -22.974470 4.824060 -8.589966 0.968452 5.996232 -0.200166 0.860288 -1.961622 -2.967504 -4.215252 0.565351 8.523707 -3.737803 1.084129 32.339344 -1.170424 0.098780 9.649018 -5.712925 1.030825 11.353920 -2.903071 0.631925 24.556292 -1.016863 -1.050562 7.215306 -3.879660 1.042618 22.872415 -2.106077 0.325125 17.551100 -1.336842 -1.217067 9.261291 -6.406105 2.793600 32.423345 -2.095361 0.321783 17.458824 -1.090174 0.085611 8.981875 5.143680 -5.070369 4.943539 10.412925 13.080494 4.079703 -0.612267 -4.756205 -9.159791 0.000004 -0.247680 -0.000003 -9.199995 -10.976216 -1.784066 -7.170808 23.153648 -2.906115 -7.369053 -10.345926 2.161106 -0.000001 -0.000009 -0.000004 
-9.168556 98.094467 0.474270 0.983701 -2.114540 2.025092 -0.406312 0.328732 0.477528 -3.279055 -0.154457 1.192635 -3.263189 -0.207061 1.184651 2.310486 -3.527323 -3.290917 -0.207250 5.383525 1.794499 8.907380 -0.328551 -1.976799 -24.401074 1.721522 -71.213513 -30.721583 0.000006 -0.000019 13.482256 9.479149 -12.108673 13.619942 -12.165867 4.168860 12.811200 7.520780 3.908496 1.407273 -0.787969 2.838014 2.034385 0.275667 -22.308598 2.737453 0.564822 -23.312950 0.967527 0.068025 -8.043304 3.062860 0.710595 -28.223600 1.409559 0.145191 -11.761459 1.764003 0.228765 -14.778176 2.506468 0.272132 -33.869829 1.236665 0.111478 -10.302057 1.319516 0.127068 -11.000486 6.418643 2.968989 -34.813068 -2.988215 0.074237 -9.385076 0.925705 0.062248 -7.693355 0.177061 0.456022 -6.027470 25.115441 -2.929190 74.502795 25.690423 0.000012 -0.000014 -15.127307 0.126656 0.874808 -22.972387 4.805606 -8.603527 0.962603 6.007656 -0.199955 0.845774 -1.955109 -2.968849 -4.133703 0.545492 8.395042 -3.753071 1.093804 32.487402 -1.185352 0.101341 9.773261 -5.632481 1.006357 11.256933 -2.914384 0.637090 24.658272 -1.032102 -1.055012 7.318321 -3.805788 1.010963 22.862045 -2.112662 0.327226 17.607768 -1.342936 -1.222899 9.296312 -6.333631 2.747004 32.427491 -2.098114 0.322623 17.482622 -1.094652 0.086340 9.018948 5.297473 -4.959216 4.919047 10.421891 12.788352 4.090878 -0.868209 -4.585973 -9.283693 0.000018 -0.274028 -0.000001 -9.144424 -11.082730 -1.796806 -7.106823 23.408440 -2.882571 -7.595705 -10.547128 2.082655 -0.000013 -0.000010 -0.000000 
-9.384320 98.061737 0.503931 1.105754 -2.115542 2.152887 -0.423249 0.339158 0.486026 -3.317731 -0.134760 1.212335 -3.301530 -0.188277 1.205913 2.318987 -3.555829 -3.336632 -0.241440 5.347976 1.850032 8.667256 -0.329328 -1.800269 -24.122466 1.640722 -71.403242 -30.706413 -0.000003 -0.000026 13.538220 9.484667 -11.925416 13.586040 -12.181465 4.183019 12.824364 7.547397 3.917583 1.453184 -0.763583 2.834163 1.985945 0.251624 -22.631466 2.705960 0.551338 -23.029386 0.952474 0.065903 -7.917455 3.009092 0.680682 -28.402887 1.390058 0.141160 -11.596515 1.748899 0.224812 -14.648792 2.447753 0.232848 -33.874320 1.229837 0.110246 -10.244626 1.312548 0.125728 -10.941745 6.364114 2.926774 -34.754468 -2.979213 0.075741 -9.460549 0.925661 0.062235 -7.693135 0.137555 0.447018 -6.076360 24.985841 -2.960849 74.485631 25.626250 -0.000002 -0.000004 -15.123692 0.129114 0.806778 -22.988670 4.809381 -8.633702 0.975952 5.984129 -0.188228 0.848176 -1.956181 -2.968860 -4.091815 0.536375 8.346812 -3.764843 1.101327 32.601767 -1.190977 0.102296 9.820072 -5.589779 0.994322 11.216483 -2.926205 0.642561 24.764982 -1.039597 -1.053754 7.372019 -3.765433 0.993811 22.862342 -2.123506 0.330676 17.701058 -1.346963 -1.221710 9.325064 -6.293276 2.721233 32.432815 -2.103233 0.324232 17.526609 -1.100662 0.087288 9.068963 5.460422 -4.914739 4.916328 10.436944 12.636980 4.120630 -1.156127 -4.485859 -9.412410 -0.000003 -0.307710 0.000001 -9.130253 -11.201679 -1.804040 -7.033561 23.714820 -2.851592 -7.802212 -10.775399 2.003916 0.000007 0.000012 -0.000001 
-9.594257 98.022011 0.532683 1.233874 -2.127592 2.259138 -0.441008 0.361399 0.497631 -3.357704 -0.095489 1.238059 -3.340972 -0.150119 1.233992 2.307771 -3.550604 -3.352315 -0.302797 5.315376 1.900666 8.457104 -0.322153 -1.719949 -23.965522 1.581745 -71.517736 -30.677723 0.000019 -0.000007 13.552850 9.427934 -11.797644 13.521235 -12.206557 4.197955 12.872876 7.642657 3.962300 1.534420 -0.721874 2.831525 1.938361 0.228654 -22.846833 2.688339 0.543867 -22.871003 0.948165 0.065333 -7.881182 2.959719 0.653134 -28.519660 1.383111 0.139749 -11.537690 1.736837 0.221663 -14.545675 2.397266 0.199252 -33.873664 1.229518 0.110168 -10.241920 1.307004 0.124650 -10.894888 6.325025 2.901983 -34.800196 -2.961994 0.078635 -9.605399 0.925642 0.062215 -7.692975 0.129675 0.445346 -6.094357 24.789815 -3.001002 74.479941 25.547373 0.000008 0.000017 -15.138694 0.153836 0.758788 -23.022964 4.837171 -8.675875 1.007411 5.927368 -0.166582 0.869025 -1.965520 -2.967300 -4.090255 0.535726 8.338882 -3.776529 1.108805 32.715486 -1.189871 0.102114 9.810838 -5.583007 0.993485 11.223921 -2.940221 0.649026 24.891542 -1.041125 -1.052024 7.384287 -3.751583 0.988413 22.884901 -2.139104 0.335661 17.835357 -1.349364 -1.219813 9.343420 -6.273757 2.710298 32.460074 -2.110500 0.326531 17.589098 -1.106213 0.088191 9.115008 5.621497 -4.918269 4.937768 10.439662 12.593937 4.161444 -1.437560 -4.439111 -9.544472 -0.000003 -0.343407 0.000004 -9.114577 -11.313410 -1.801546 -6.970824 24.036795 -2.811841 -8.003493 -11.011906 1.925092 0.000012 -0.000027 -0.000001 
-9.797189 97.980850 0.559279 1.365888 -2.148365 2.338651 -0.459103 0.393524 0.512262 -3.395666 -0.040136 1.269476 -3.378225 -0.095997 1.268391 2.274749 -3.502933 -3.326900 -0.381359 5.282696 1.931690 8.272360 -0.308164 -1.724649 -23.904180 1.546604 -71.576209 -30.633822 0.000008 0.000012 13.519599 9.321164 -11.716978 13.459310 -12.231352 4.213409 12.922799 7.739794 4.010506 1.607433 -0.684109 2.828890 1.892697 0.207578 -22.967573 2.684325 0.542198 -22.834927 0.953816 0.066093 -7.928620 2.916513 0.629181 -28.578888 1.388356 0.140807 -11.581994 1.727633 0.219286 -14.466940 2.357729 0.173282 -33.864686 1.235483 0.111273 -10.292108 1.302759 0.123831 -10.859076 6.304645 2.895629 -34.933679 -2.936984 0.082904 -9.815384 0.925619 0.062226 -7.692835 0.167071 0.454394 -6.075741 24.516665 -3.037880 74.489743 25.455017 -0.000000 0.000037 -15.170677 0.183507 0.720086 -23.063751 4.874732 -8.719339 1.044709 5.859612 -0.143060 0.898802 -1.978851 -2.964784 -4.118213 0.538712 8.314914 -3.791819 1.118658 32.864463 -1.186612 0.101556 9.783813 -5.596244 0.998506 11.253625 -2.958215 0.657400 25.054109 -1.040367 -1.056051 7.375295 -3.741526 0.985191 22.935958 -2.159467 0.342245 18.010787 -1.351173 -1.224886 9.350087 -6.246684 2.696701 32.525163 -2.119684 0.329453 17.668122 -1.109267 0.088671 9.140356 5.752328 -5.021721 4.971246 10.410213 12.754766 4.232337 -1.656090 -4.490116 -9.584787 0.000000 -0.378114 0.000004 -9.080118 -11.401316 -1.781294 -6.923058 24.336907 -2.764618 -8.210931 -11.236453 1.846457 0.000002 -0.000015 -0.000000 
-9.992399 97.941116 0.581826 1.501249 -2.172980 2.387478 -0.476765 0.433195 0.529532 -3.428513 0.027288 1.305692 -3.410218 -0.029853 1.308081 2.221601 -3.410488 -3.259103 -0.467419 5.245388 1.937686 8.097481 -0.288040 -1.795862 -23.908546 1.539383 -71.601973 -30.578388 0.000003 -0.000006 13.446856 9.177484 -11.669373 13.423734 -12.248720 4.228588 12.949070 7.790515 4.036986 1.645832 -0.663424 2.825581 1.850118 0.188703 -23.021381 2.692872 0.545790 -22.911665 0.968279 0.068126 -8.049653 2.878323 0.608243 -28.596264 1.404839 0.144205 -11.721531 1.720770 0.217515 -14.408207 2.325509 0.152462 -33.848092 1.247254 0.113412 -10.391233 1.299573 0.123208 -10.832311 6.297340 2.902748 -35.139291 -2.904893 0.088530 -10.085424 0.925599 0.062233 -7.692631 0.251011 0.474588 -6.019352 24.182022 -3.055969 74.513826 25.358916 -0.000010 0.000031 -15.211217 0.211632 0.678369 -23.093450 4.899516 -8.750981 1.070149 5.812956 -0.128342 0.922169 -1.989221 -2.962500 -4.161653 0.541626 8.247273 -3.812907 1.132321 33.070154 -1.184209 0.101144 9.763712 -5.609480 1.004659 11.298017 -2.981435 0.668322 25.264487 -1.039670 -1.070516 7.357279 -3.707580 0.972469 23.023512 -2.184855 0.350557 18.229836 -1.353010 -1.242488 9.343043 -6.179142 2.659811 32.642854 -2.130890 0.333030 17.764642 -1.108161 0.088487 9.131249 5.825804 -5.264556 5.010401 10.417537 13.181003 4.363997 -1.845307 -4.669099 -9.470590 0.000012 -0.408744 -0.000001 -9.036694 -11.461520 -1.732554 -6.894496 24.593204 -2.720384 -8.415300 -11.436297 1.768673 -0.000001 -0.000028 0.000000 
-10.179750 97.900436 0.598246 1.637300 -2.194684 2.403953 -0.492983 0.477826 0.549362 -3.454413 0.102711 1.345808 -3.435154 0.044277 1.352014 2.153365 -3.276650 -3.158907 -0.556478 5.203275 1.924646 7.914323 -0.262255 -1.914004 -23.956528 1.565018 -71.615647 -30.517951 -0.000012 -0.000038 13.351593 9.005348 -11.642784 13.421377 -12.255843 4.241938 12.943389 7.779149 4.032503 1.643923 -0.662758 2.821646 1.812169 0.172345 -23.039012 2.712806 0.554241 -23.090974 0.990362 0.071291 -8.234432 2.843363 0.589278 -28.592277 1.431598 0.149817 -11.947991 1.715750 0.216240 -14.365170 2.294972 0.132866 -33.829363 1.264345 0.116558 -10.535208 1.297241 0.122781 -10.812539 6.294430 2.916769 -35.410692 -2.866282 0.095520 -10.410470 0.925551 0.062220 -7.692206 0.372000 0.503784 -5.927869 23.828430 -3.039174 74.542021 25.274927 -0.000004 0.000058 -15.248128 0.240977 0.626917 -23.094533 4.889877 -8.757675 1.066807 5.818659 -0.132441 0.923697 -1.989735 -2.961753 -4.210197 0.543993 8.158414 -3.838914 1.149350 33.324664 -1.182123 0.100782 9.746373 -5.608577 1.010376 11.375629 -3.009924 0.681830 25.522913 -1.038565 -1.095534 7.327085 -3.631056 0.942107 23.153568 -2.215621 0.360763 18.495674 -1.354686 -1.272392 9.321175 -6.050712 2.585974 32.818697 -2.144520 0.337412 17.882016 -1.102762 0.087636 9.086322 5.842039 -5.542316 5.074094 10.451660 13.661751 4.514208 -1.997448 -4.869837 -9.358408 -0.000013 -0.432850 -0.000004 -9.007104 -11.511953 -1.646066 -6.882327 24.821006 -2.692713 -8.601674 -11.616571 1.694757 0.000007 -0.000011 0.000002 
-10.359260 97.853241 0.606853 1.767869 -2.207317 2.390405 -0.506716 0.524985 0.572128 -3.473508 0.182663 1.389210 -3.453218 0.122860 1.399427 2.076950 -3.108771 -3.045247 -0.652107 5.164316 1.907418 7.714141 -0.231620 -2.066608 -24.044802 1.627605 -71.626022 -30.458207 0.000013 -0.000034 13.252018 8.806413 -11.635229 13.443140 -12.254303 4.251491 12.914418 7.722663 4.005058 1.613530 -0.676475 2.817829 1.780315 0.158798 -23.043743 2.743292 0.567336 -23.365553 1.019162 0.075513 -8.475701 2.811079 0.571798 -28.585264 1.467856 0.157606 -12.255127 1.712256 0.215336 -14.335339 2.263090 0.112192 -33.816707 1.286363 0.120705 -10.720807 1.295572 0.122449 -10.798513 6.290893 2.934336 -35.750784 -2.821813 0.103823 -10.785372 0.925446 0.062219 -7.691310 0.516128 0.538730 -5.805087 23.520294 -2.974355 74.552560 25.220675 -0.000003 0.000010 -15.270901 0.274987 0.570454 -23.055100 4.833505 -8.728425 1.023430 5.897143 -0.161623 0.892726 -1.975670 -2.963760 -4.260389 0.548673 8.107980 -3.866680 1.167702 33.597144 -1.177186 0.099940 9.705243 -5.591481 1.017011 11.511495 -3.043087 0.697793 25.824267 -1.034937 -1.123914 7.276607 -3.513456 0.894073 23.319359 -2.252817 0.373345 18.817637 -1.355708 -1.305805 9.291228 -5.867031 2.476808 33.036426 -2.161600 0.342963 18.029273 -1.096015 0.086541 9.030386 5.815376 -5.879142 5.164702 10.499723 14.231900 4.679907 -2.108186 -5.108202 -9.256166 0.000004 -0.449354 0.000002 -9.009478 -11.580069 -1.520336 -6.884852 25.055460 -2.691338 -8.753699 -11.792419 1.627147 -0.000001 0.000035 0.000002 
-10.531371 97.793549 0.606945 1.884074 -2.207865 2.353258 -0.517073 0.572901 0.598199 -3.487886 0.264958 1.435528 -3.466527 0.203581 1.449824 1.999192 -2.916401 -2.940593 -0.765043 5.145345 1.903922 7.507209 -0.197467 -2.254906 -24.195639 1.728736 -71.623481 -30.401199 -0.000029 -0.000038 13.161874 8.577939 -11.659159 13.470616 -12.248475 4.255741 12.881534 7.658473 3.973836 1.576043 -0.694246 2.815102 1.755038 0.148107 -23.044285 2.783958 0.585055 -23.732693 1.054286 0.080849 -8.769940 2.782852 0.556462 -28.584355 1.513168 0.167593 -12.639467 1.710323 0.214849 -14.318914 2.231956 0.091546 -33.816239 1.313064 0.125802 -10.946100 1.294582 0.122271 -10.790080 6.289093 2.957274 -36.164872 -2.772076 0.113479 -11.205080 0.925250 0.062180 -7.689674 0.672301 0.576868 -5.653037 23.332541 -2.854011 74.512603 25.210474 -0.000003 -0.000001 -15.276584 0.308028 0.527579 -22.974159 4.733444 -8.657083 0.938852 6.050263 -0.216421 0.827393 -1.946285 -2.969147 -4.315268 0.559831 8.157952 -3.892921 1.185215 33.855376 -1.166018 0.098028 9.612387 -5.568578 1.026638 11.705595 -3.081291 0.716405 26.172592 -1.027670 -1.141055 7.211057 -3.379002 0.837959 23.492506 -2.299032 0.389284 19.218308 -1.356472 -1.325798 9.274491 -5.662521 2.351803 33.251133 -2.184210 0.350359 18.224280 -1.095050 0.086381 9.022300 5.778342 -6.290868 5.281721 10.540234 14.916995 4.854585 -2.182352 -5.397054 -9.171199 0.000016 -0.458554 0.000002 -9.047088 -11.689763 -1.364150 -6.885387 25.337413 -2.710453 -8.863069 -11.984064 1.564860 0.000004 -0.000028 -0.000004 
-10.696877 97.717125 0.598500 1.976659 -2.197705 2.300951 -0.523435 0.620907 0.627480 -3.500683 0.349213 1.484323 -3.478233 0.285945 1.502718 1.925060 -2.709875 -2.864177 -0.908512 5.167587 1.927993 7.323276 -0.161535 -2.494480 -24.454207 1.866924 -71.579501 -30.344567 0.000012 -0.000009 13.088744 8.317430 -11.739044 13.484191 -12.243742 4.254170 12.865939 7.627674 3.959973 1.554366 -0.704824 2.814366 1.735436 0.140033 -23.031704 2.834850 0.607695 -24.193742 1.095694 0.087354 -9.117211 2.761111 0.544645 -28.584728 1.567418 0.179977 -13.100378 1.710280 0.214838 -14.318459 2.207684 0.074944 -33.827803 1.344354 0.131939 -11.210197 1.294363 0.122217 -10.788443 6.297243 2.991679 -36.651430 -2.717706 0.124490 -11.664601 0.924942 0.062148 -7.687146 0.836736 0.617409 -5.470353 23.334532 -2.677695 74.384722 25.251898 0.000001 0.000014 -15.272455 0.322283 0.526318 -22.864680 4.610526 -8.546431 0.824970 6.255886 -0.289396 0.737151 -1.905969 -2.977536 -4.381809 0.580604 8.337976 -3.916400 1.201011 34.087220 -1.147635 0.094957 9.459292 -5.558231 1.039984 11.915332 -3.126883 0.739032 26.589571 -1.018679 -1.129243 7.158933 -3.267480 0.790613 23.624648 -2.358208 0.410187 19.733021 -1.358839 -1.312256 9.305166 -5.490099 2.243361 33.396008 -2.215213 0.360654 18.492049 -1.109711 0.088735 9.144052 5.763025 -6.774200 5.420734 10.556672 15.715160 5.032334 -2.230581 -5.737160 -9.112698 -0.000016 -0.461821 0.000000 -9.111768 -11.858246 -1.188925 -6.894462 25.697665 -2.750572 -8.930624 -12.204769 1.508408 0.000000 -0.000017 0.000003 
-10.856332 97.623360 0.582071 2.039301 -2.181861 2.240783 -0.525494 0.669667 0.659169 -3.514770 0.436836 1.534701 -3.491215 0.371296 1.557260 1.856863 -2.499067 -2.826392 -1.091550 5.248914 1.984067 7.200298 -0.125237 -2.807747 -24.874705 2.038956 -71.455615 -30.283744 -0.000016 -0.000037 13.035443 8.027839 -11.901757 13.469338 -12.244712 4.247729 12.883547 7.661380 3.978862 1.567574 -0.698841 2.816130 1.718860 0.134036 -22.982094 2.896233 0.635611 -24.751812 1.143621 0.095236 -9.519596 2.747365 0.537417 -28.567389 1.630568 0.194993 -13.638145 1.712592 0.215419 -14.338234 2.196614 0.066996 -33.842682 1.380121 0.139109 -11.512446 1.295226 0.122391 -10.795574 6.324137 3.043905 -37.196698 -2.659325 0.136808 -12.158871 0.924537 0.062081 -7.683813 1.013311 0.661281 -5.252077 23.571727 -2.451732 74.137476 25.344276 -0.000013 0.000011 -15.274002 0.293353 0.594612 -22.752769 4.500707 -8.409940 0.706458 6.469101 -0.365200 0.642297 -1.864089 -2.987568 -4.467939 0.611622 8.630410 -3.938737 1.216197 34.308238 -1.124205 0.091091 9.264615 -5.580062 1.056270 12.069152 -3.183180 0.767505 27.106617 -1.012576 -1.074965 7.163712 -3.219937 0.770101 23.665427 -2.434008 0.437886 20.394532 -1.365320 -1.250677 9.417291 -5.402292 2.185345 33.407883 -2.257013 0.374780 18.853919 -1.148594 0.095119 9.467362 5.781076 -7.305871 5.574665 10.550189 16.594214 5.211588 -2.263987 -6.115165 -9.091726 -0.000006 -0.460787 0.000006 -9.194156 -12.085134 -1.006581 -6.914126 26.144224 -2.805507 -8.959168 -12.458554 1.455474 -0.000003 -0.000026 -0.000001 
-11.010139 97.516068 0.558836 2.071646 -2.166629 2.177066 -0.523234 0.720846 0.691504 -3.531605 0.530286 1.585025 -3.506921 0.462141 1.611937 1.794408 -2.291843 -2.826247 -1.313264 5.396164 2.065645 7.164745 -0.088751 -3.210204 -25.497813 2.242289 -71.221948 -30.216026 -0.000003 -0.000009 13.003247 7.720537 -12.162741 13.419138 -12.254610 4.238557 12.942017 7.774529 4.037081 1.629023 -0.669690 2.820552 1.701230 0.128971 -22.864453 2.967924 0.669170 -25.406784 1.198211 0.104586 -9.978442 2.740110 0.534242 -28.505684 1.702354 0.212811 -14.250816 1.717714 0.216741 -14.381967 2.200601 0.069472 -33.846876 1.420117 0.147379 -11.850739 1.297353 0.122799 -10.813519 6.372743 3.115757 -37.777769 -2.597554 0.150401 -12.682924 0.924098 0.062021 -7.680063 1.210308 0.710358 -4.992682 24.050004 -2.188185 73.757587 25.479778 0.000002 0.000053 -15.298473 0.202950 0.747942 -22.670812 4.445087 -8.269939 0.614955 6.633072 -0.423553 0.569060 -1.832368 -2.996989 -4.579260 0.651097 8.980027 -3.963459 1.233164 34.553633 -1.100364 0.087222 9.066473 -5.648149 1.074343 12.106138 -3.252111 0.803283 27.742837 -1.013837 -0.977130 7.259621 -3.263373 0.788484 23.589341 -2.526781 0.473120 21.208185 -1.377280 -1.140677 9.624258 -5.431994 2.199327 33.260248 -2.309737 0.393025 19.311317 -1.213727 0.106276 10.009581 5.817276 -7.851024 5.736812 10.542482 17.503263 5.394600 -2.291565 -6.508317 -9.113391 0.000013 -0.457073 -0.000004 -9.292314 -12.351958 -0.825258 -6.941514 26.655944 -2.867165 -8.947789 -12.737040 1.401116 -0.000008 -0.000017 0.000002 
-11.158444 97.401817 0.530910 2.080046 -2.157463 2.110318 -0.517107 0.776395 0.722153 -3.550955 0.631770 1.632870 -3.525119 0.560862 1.664461 1.736064 -2.092087 -2.852649 -1.560657 5.601945 2.157821 7.212964 -0.050668 -3.696022 -26.327912 2.476574 -70.875808 -30.144237 0.000001 -0.000036 12.994544 7.415475 -12.513781 13.333060 -12.274991 4.229341 13.041102 7.966653 4.132787 1.746254 -0.613552 2.827611 1.677242 0.123168 -22.654049 3.048765 0.708203 -26.149763 1.259075 0.115584 -10.490892 2.733470 0.532243 -28.377520 1.781756 0.233480 -14.930414 1.725713 0.218781 -14.450498 2.213730 0.078935 -33.828373 1.463765 0.156700 -12.220487 1.300848 0.123456 -10.842943 6.435855 3.201331 -38.372928 -2.532991 0.165262 -13.231541 0.923670 0.061967 -7.676523 1.435549 0.766240 -4.689983 24.728929 -1.904776 73.257706 25.645810 0.000008 0.000019 -15.356741 0.050785 0.980000 -22.645250 4.474535 -8.150199 0.577637 6.699950 -0.446856 0.539985 -1.820981 -3.003575 -4.715854 0.695415 9.318102 -3.994337 1.254529 34.861142 -1.080998 0.084174 8.905667 -5.765919 1.093954 12.016883 -3.331827 0.845878 28.483209 -1.023769 -0.850814 7.446684 -3.400359 0.846341 23.417119 -2.631460 0.514692 22.131556 -1.393483 -0.999927 9.903184 -5.580042 2.285680 32.987905 -2.369770 0.414361 19.833643 -1.296963 0.121489 10.703725 5.841735 -8.374383 5.903086 10.565276 18.388546 5.586919 -2.322384 -6.892449 -9.176090 -0.000002 -0.452488 0.000002 -9.409239 -12.630653 -0.646804 -6.975625 27.193695 -2.931417 -8.895837 -13.023985 1.341492 0.000000 0.000012 -0.000004 
-11.300906 97.286644 0.501506 2.075234 -2.158303 2.039008 -0.508235 0.837604 0.748681 -3.571640 0.741837 1.675405 -3.544612 0.668253 1.712084 1.679992 -1.898063 -2.889001 -1.811238 5.848390 2.242325 7.303730 -0.009301 -4.231108 -27.320212 2.740956 -70.452288 -30.078224 0.000001 -0.000032 13.013349 7.138347 -12.919386 13.215009 -12.305685 4.222185 13.174592 8.225055 4.258285 1.920240 -0.529781 2.837027 1.641100 0.114413 -22.345782 3.136206 0.751891 -26.958632 1.324998 0.128139 -11.046705 2.718081 0.526428 -28.178051 1.866750 0.256724 -15.660060 1.736135 0.221479 -14.539547 2.222887 0.086782 -33.784773 1.510065 0.166892 -12.613157 1.305481 0.124350 -10.882195 6.497011 3.287429 -38.973418 -2.466316 0.181288 -13.799682 0.923343 0.061915 -7.673807 1.692321 0.829088 -4.348788 25.527743 -1.625757 72.676580 25.827980 -0.000003 0.000026 -15.446768 -0.141936 1.260644 -22.683794 4.593287 -8.066406 0.603641 6.653761 -0.429277 0.562934 -1.833300 -3.006276 -4.869400 0.739655 9.586153 -4.033773 1.282179 35.255500 -1.069584 0.082420 8.810698 -5.923751 1.116492 11.857671 -3.416217 0.892394 29.272627 -1.039595 -0.723900 7.683206 -3.607098 0.932881 23.216397 -2.737801 0.558988 23.075768 -1.410343 -0.859905 10.195440 -5.814046 2.424461 32.684351 -2.430067 0.436439 20.360014 -1.380879 0.137875 11.405161 5.830388 -8.854576 6.074571 10.644541 19.219348 5.790364 -2.368112 -7.254464 -9.267563 0.000019 -0.449594 -0.000001 -9.541178 -12.895611 -0.468323 -7.017998 27.722085 -3.000422 -8.813512 -13.304917 1.278723 0.000001 -0.000015 0.000000 
-11.436253 97.172539 0.474185 2.068680 -2.171425 1.961835 -0.498607 0.904313 0.769447 -3.592986 0.858506 1.710104 -3.564741 0.782610 1.752251 1.625215 -1.702347 -2.919224 -2.039818 6.116163 2.302783 7.368365 0.035011 -4.758037 -28.385196 3.027605 -70.017540 -30.031857 -0.000021 -0.000027 13.063471 6.916016 -13.324068 13.072354 -12.344968 4.218227 13.331052 8.527238 4.401671 2.142970 -0.422080 2.848315 1.588144 0.100606 -21.962557 3.226328 0.798566 -27.798301 1.393774 0.141918 -11.627812 2.684100 0.511433 -27.926994 1.954286 0.281891 -16.414473 1.747763 0.224509 -14.639184 2.212305 0.082100 -33.727010 1.557632 0.177720 -13.017231 1.310779 0.125362 -10.926835 6.536545 3.358009 -39.587852 -2.398114 0.198400 -14.382048 0.923165 0.061911 -7.672300 1.976476 0.897234 -3.984024 26.345093 -1.381705 72.070373 26.012927 -0.000010 0.000020 -15.551723 -0.340772 1.543207 -22.768195 4.770244 -8.017796 0.675571 6.525161 -0.382475 0.624083 -1.862800 -3.005727 -5.022280 0.777911 9.748151 -4.082239 1.316757 35.742674 -1.067312 0.082038 8.792077 -6.099912 1.144415 11.725475 -3.496988 0.938384 30.034032 -1.056231 -0.627187 7.902412 -3.830977 1.024335 22.982067 -2.833686 0.600677 23.932742 -1.423766 -0.754416 10.427232 -6.079218 2.585041 32.470173 -2.482375 0.456067 20.818263 -1.444864 0.151121 11.941028 5.778613 -9.293209 6.253825 10.787638 20.003816 6.005151 -2.440281 -7.600243 -9.372047 -0.000005 -0.451005 0.000007 -9.671333 -13.134950 -0.286054 -7.071005 28.229220 -3.080510 -8.727574 -13.575669 1.222474 0.000007 -0.000047 0.000001 
-11.563402 97.055679 0.451313 2.069679 -2.196707 1.879597 -0.491016 0.974716 0.784173 -3.616087 0.977463 1.735606 -3.586612 0.899791 1.783456 1.572024 -1.494127 -2.933306 -2.226955 6.393757 2.328044 7.335741 0.078869 -5.213508 -29.411385 3.316595 -69.647746 -30.017643 0.000010 0.000007 13.145514 6.770791 -13.668971 12.916667 -12.389123 4.217596 13.494091 8.841128 4.547527 2.394342 -0.299910 2.860346 1.517045 0.080677 -21.553579 3.314620 0.845923 -28.627131 1.462624 0.156448 -12.210766 2.625876 0.484138 -27.665273 2.040954 0.308030 -17.164090 1.759020 0.227468 -14.735553 2.171050 0.056900 -33.675636 1.604971 0.188848 -13.419938 1.315932 0.126351 -10.970468 6.540827 3.401484 -40.235610 -2.329025 0.216501 -14.973617 0.923116 0.061892 -7.672075 2.275904 0.967105 -3.619625 27.086198 -1.205707 71.499438 26.190249 -0.000003 -0.000005 -15.644541 -0.514187 1.778660 -22.857667 4.944929 -7.985856 0.752758 6.386645 -0.332792 0.689788 -1.894192 -3.004500 -5.150220 0.804026 9.789709 -4.138635 1.357762 36.313524 -1.073798 0.083042 8.845803 -6.265484 1.179219 11.706701 -3.567316 0.979575 30.701550 -1.069253 -0.581989 8.045612 -4.036301 1.109852 22.894210 -2.909958 0.635068 24.618329 -1.430778 -0.706436 10.541204 -6.317998 2.737859 32.442801 -2.520553 0.470713 21.153480 -1.473538 0.157239 12.181604 5.700429 -9.710538 6.440191 10.980453 20.777463 6.233611 -2.544194 -7.947894 -9.481770 -0.000008 -0.458656 -0.000001 -9.776766 -13.357863 -0.099935 -7.133659 28.736628 -3.175273 -8.673670 -13.846925 1.185048 0.000012 -0.000013 -0.000001 
-11.684537 96.930717 0.432702 2.083439 -2.231264 1.795916 -0.488534 1.045832 0.794044 -3.644028 1.093220 1.752288 -3.613319 1.014352 1.805908 1.521733 -1.263522 -2.930260 -2.365406 6.681180 2.313616 7.162316 0.117770 -5.550944 -30.298504 3.578867 -69.401552 -30.040743 -0.000009 -0.000006 13.254704 6.714228 -13.910572 12.765058 -12.432694 4.219679 13.642908 9.126886 4.677786 2.641712 -0.179060 2.871470 1.431828 0.055275 -21.181077 3.397114 0.891670 -29.407608 1.528838 0.171115 -12.772524 2.546237 0.445718 -27.441415 2.123672 0.334141 -17.882489 1.768315 0.229912 -14.815085 2.099865 0.010962 -33.651297 1.650745 0.199927 -13.810066 1.320254 0.127212 -11.006708 6.510516 3.417181 -40.931056 -2.259642 0.235462 -15.569297 0.923233 0.061907 -7.672898 2.571504 1.034094 -3.286071 27.689259 -1.124845 71.014809 26.354077 -0.000011 0.000031 -15.697735 -0.648762 1.930950 -22.903909 5.048223 -7.942809 0.786700 6.325651 -0.310784 0.718995 -1.908827 -3.005701 -5.228465 0.812627 9.710961 -4.201207 1.404280 36.951658 -1.087696 0.085241 8.961169 -6.392344 1.218214 11.830169 -3.624855 1.014104 31.251114 -1.076974 -0.591855 8.092534 -4.195050 1.182229 23.049623 -2.964212 0.660201 25.108380 -1.430592 -0.719045 10.522936 -6.490841 2.862473 32.634296 -2.543080 0.479473 21.351699 -1.463558 0.155099 12.097805 5.617097 -10.129825 6.628569 11.194153 21.572808 6.478562 -2.673723 -8.311504 -9.597399 -0.000011 -0.472293 0.000006 -9.842698 -13.583359 0.086535 -7.199474 29.275140 -3.279578 -8.679481 -14.133132 1.170984 -0.000003 0.000004 0.000002 
-11.804083 96.794762 0.415804 2.110788 -2.270740 1.715685 -0.493593 1.114470 0.801539 -3.680611 1.200851 1.762212 -3.648690 1.121254 1.821503 1.476110 -1.006221 -2.917851 -2.461876 6.985670 2.261960 6.853297 0.149316 -5.759698 -30.988237 3.787249 -69.299673 -30.096474 -0.000004 -0.000012 13.379976 6.742505 -14.032897 12.640043 -12.468889 4.223872 13.755282 9.342436 4.773814 2.844157 -0.079445 2.879565 1.342482 0.027181 -20.901846 3.471534 0.934230 -30.116626 1.590458 0.185386 -13.296499 2.457989 0.402358 -27.294315 2.200593 0.359466 -18.553072 1.774553 0.231566 -14.868490 2.014008 -0.046220 -33.664329 1.694176 0.210730 -14.180893 1.323168 0.127784 -11.031280 6.463285 3.418360 -41.668501 -2.190564 0.255089 -16.164119 0.923411 0.061927 -7.674385 2.840507 1.093277 -3.013893 28.140502 -1.150537 70.649107 26.503559 -0.000015 0.000014 -15.692646 -0.754920 1.987678 -22.872471 5.030632 -7.868951 0.743160 6.404206 -0.337511 0.682116 -1.893248 -3.011490 -5.239829 0.800928 9.520401 -4.268123 1.455205 37.639875 -1.107641 0.088410 9.126946 -6.461663 1.253654 12.051444 -3.672608 1.043336 31.709724 -1.081174 -0.641842 8.071261 -4.292111 1.234709 23.393183 -3.001688 0.677916 25.447989 -1.424860 -0.775406 10.407463 -6.588380 2.951099 32.998853 -2.553731 0.483649 21.445348 -1.424927 0.146917 11.774045 5.545106 -10.557723 6.810435 11.310570 22.395309 6.704691 -2.733728 -8.685083 -9.733039 0.000005 -0.488916 0.000002 -9.871338 -13.826390 0.267848 -7.259781 29.860983 -3.382094 -8.750629 -14.441516 1.174705 -0.000015 -0.000029 0.000004 
-11.918005 96.653442 0.397411 2.149375 -2.311737 1.642821 -0.507025 1.178247 0.809183 -3.728120 1.297430 1.768329 -3.695016 1.217372 1.833115 1.436728 -0.726190 -2.909159 -2.533143 7.312129 2.182240 6.465337 0.174520 -5.871035 -31.480332 3.929475 -69.316680 -30.172644 -0.000017 -0.000012 13.504866 6.834931 -14.047671 12.566136 -12.490850 4.229384 13.813486 9.454429 4.821353 2.962923 -0.020341 2.883161 1.263657 0.000832 -20.751541 3.537545 0.972987 -30.749908 1.646697 0.198928 -13.775582 2.381532 0.363989 -27.240816 2.271324 0.383627 -19.171791 1.777453 0.232321 -14.893378 1.939956 -0.097191 -33.709681 1.735092 0.221214 -14.530710 1.324555 0.128051 -11.043062 6.429096 3.429543 -42.417370 -2.122356 0.275238 -16.753163 0.923631 0.061955 -7.676252 3.061273 1.140664 -2.827538 28.473363 -1.272733 70.412263 26.642700 0.000009 0.000005 -15.625033 -0.860828 1.962509 -22.760914 4.885636 -7.769553 0.621070 6.623440 -0.413845 0.577546 -1.846606 -3.021644 -5.180908 0.769893 9.233102 -4.337629 1.509503 38.361826 -1.132410 0.092432 9.332782 -6.469597 1.275736 12.276033 -3.717174 1.071142 32.139783 -1.086337 -0.705668 8.042991 -4.333695 1.265911 23.806390 -3.032621 0.692734 25.729087 -1.417483 -0.846596 10.262867 -6.629518 3.008527 33.435641 -2.559725 0.485997 21.498234 -1.376696 0.137049 11.370054 5.490784 -10.978560 6.976233 11.379747 23.199900 6.925891 -2.775651 -9.048254 -9.892132 -0.000008 -0.504544 -0.000001 -9.878490 -14.081536 0.433755 -7.308205 30.469932 -3.471206 -8.867702 -14.757826 1.188167 0.000006 -0.000015 -0.000001 
-12.005198 96.519608 0.375662 2.195231 -2.353054 1.578694 -0.527433 1.236143 0.818537 -3.785122 1.382490 1.773166 -3.750871 1.302070 1.843200 1.404491 -0.435113 -2.917371 -2.598502 7.654970 2.089242 6.088563 0.196055 -5.947858 -31.827565 4.014123 -69.388773 -30.255849 -0.000014 -0.000029 13.610485 6.957042 -13.982498 12.563990 -12.493331 4.234910 13.811156 9.450927 4.816524 2.973829 -0.014535 2.882654 1.211481 -0.018517 -20.741212 3.596235 1.008309 -31.316475 1.697623 0.211606 -14.210395 2.339365 0.341702 -27.276458 2.336390 0.406629 -19.743311 1.777375 0.232299 -14.892717 1.907026 -0.121847 -33.770781 1.773691 0.231334 -14.861143 1.324605 0.128047 -11.043577 6.439690 3.479138 -43.131927 -2.055592 0.295678 -17.331520 0.923865 0.061987 -7.678223 3.219050 1.173824 -2.738417 28.752248 -1.461380 70.292605 26.778520 0.000017 -0.000006 -15.504108 -0.997386 1.888296 -22.604065 4.656350 -7.680285 0.458729 6.913358 -0.516355 0.437387 -1.783108 -3.032773 -5.063977 0.724466 8.872637 -4.407995 1.565926 39.099691 -1.160556 0.097110 9.566897 -6.427446 1.277701 12.406847 -3.765356 1.101637 32.606753 -1.097442 -0.756804 8.071101 -4.339330 1.278950 24.147178 -3.067716 0.709754 26.048683 -1.413244 -0.903858 10.160195 -6.647731 3.048305 33.833636 -2.568739 0.489561 21.577498 -1.338760 0.129532 11.052826 5.452746 -11.361177 7.109265 11.438944 23.926062 7.142700 -2.829169 -9.376598 -10.060626 -0.000003 -0.516381 0.000009 -9.880716 -14.325343 0.565934 -7.343164 31.046420 -3.540509 -8.997440 -15.049287 1.212340 -0.000008 -0.000023 0.000001 
-12.042909 96.408798 0.350961 2.243547 -2.394932 1.522623 -0.551276 1.288310 0.829576 -3.845592 1.457370 1.777596 -3.810274 1.376617 1.852596 1.379512 -0.148728 -2.950608 -2.671868 7.997180 2.000473 5.815149 0.215855 -6.061130 -32.111318 4.066333 -69.434590 -30.337781 -0.000012 -0.000004 13.679606 7.069349 -13.863393 12.643665 -12.474099 4.238258 13.757844 9.349547 4.769241 2.877115 -0.063292 2.881124 1.200108 -0.025883 -20.866103 3.648720 1.040567 -31.825762 1.743529 0.223398 -14.602982 2.349291 0.344814 -27.387201 2.396444 0.428482 -20.272360 1.774780 0.231621 -14.870626 1.937342 -0.104606 -33.830163 1.810105 0.241103 -15.173521 1.323568 0.127851 -11.034761 6.517037 3.589276 -43.771042 -1.990839 0.316258 -17.894165 0.924140 0.062033 -7.680290 3.310858 1.192597 -2.742206 29.046879 -1.673861 70.262197 26.918312 -0.000001 0.000015 -15.347985 -1.182630 1.805060 -22.461676 4.420851 -7.654994 0.321813 7.156489 -0.603303 0.316742 -1.727353 -3.039689 -4.913308 0.672322 8.472682 -4.477114 1.622794 39.832106 -1.190149 0.102171 9.813145 -6.356162 1.259511 12.388638 -3.821054 1.137652 33.149845 -1.117190 -0.778246 8.192126 -4.334675 1.282915 24.346648 -3.113879 0.732530 26.470420 -1.415641 -0.928889 10.145557 -6.673216 3.085312 34.114951 -2.585797 0.496328 21.728194 -1.324483 0.126760 10.933522 5.424484 -11.669778 7.194968 11.480985 24.517770 7.332601 -2.876985 -9.646969 -10.213850 0.000010 -0.523833 -0.000002 -9.887271 -14.524869 0.649196 -7.368954 31.522132 -3.590846 -9.106077 -15.277714 1.251685 0.000013 -0.000035 0.000001 
-12.032244 96.334282 0.325402 2.288717 -2.437607 1.473457 -0.573729 1.335313 0.840439 -3.900006 1.523784 1.780393 -3.863761 1.442809 1.859942 1.361035 0.118084 -3.008536 -2.757035 8.318253 1.932097 5.706781 0.234935 -6.260872 -32.406078 4.116303 -69.384579 -30.418162 0.000005 -0.000017 13.701435 7.138684 -13.700814 12.800189 -12.434547 4.236024 13.677777 9.195836 4.701371 2.699454 -0.154999 2.883984 1.238940 -0.017373 -21.119367 3.694829 1.069419 -32.275608 1.784092 0.234100 -14.950516 2.419584 0.378105 -27.564359 2.451111 0.448948 -20.755704 1.769790 0.230289 -14.827796 2.038236 -0.039905 -33.880522 1.844119 0.250418 -15.465456 1.321453 0.127441 -11.016935 6.665512 3.767174 -44.316443 -1.928662 0.336653 -18.435941 0.924368 0.062056 -7.682309 3.347202 1.199286 -2.818833 29.406918 -1.865587 70.286082 27.065881 0.000005 0.000005 -15.178391 -1.412339 1.746631 -22.393072 4.259509 -7.740538 0.275594 7.238529 -0.631901 0.270188 -1.703881 -3.037553 -4.757665 0.621440 8.074996 -4.542633 1.678124 40.533655 -1.218655 0.107159 10.050637 -6.277937 1.227367 12.227511 -3.884043 1.179260 33.767946 -1.144566 -0.766435 8.402561 -4.338859 1.286895 24.414981 -3.172262 0.761944 27.006156 -1.425290 -0.918088 10.226961 -6.719623 3.127308 34.256394 -2.612148 0.506892 21.960786 -1.336963 0.129184 11.037738 5.397731 -11.869953 7.237380 11.500424 24.919600 7.470933 -2.905462 -9.832682 -10.335978 -0.000011 -0.527489 0.000000 -9.902964 -14.648918 0.688322 -7.395883 31.838790 -3.630435 -9.165331 -15.416896 1.299573 -0.000005 -0.000022 0.000003 
-11.991354 96.303497 0.301346 2.324367 -2.480261 1.430516 -0.589944 1.377204 0.848022 -3.938057 1.582368 1.778764 -3.901106 1.501464 1.862238 1.347424 0.355242 -3.081915 -2.847975 8.605938 1.893982 5.773277 0.254232 -6.554020 -32.745136 4.184971 -69.210054 -30.502173 0.000010 -0.000010 13.674506 7.149097 -13.486215 13.013383 -12.379583 4.224256 13.602778 9.050721 4.640278 2.486821 -0.268385 2.896617 1.330174 0.008744 -21.496753 3.733116 1.093790 -32.650848 1.818374 0.243341 -15.244465 2.546403 0.440463 -27.810150 2.499094 0.467327 -21.181062 1.761977 0.228241 -14.760905 2.199565 0.065409 -33.928688 1.874963 0.259036 -15.730694 1.318077 0.126771 -10.988337 6.869920 4.001320 -44.780066 -1.869688 0.356608 -18.951511 0.924582 0.062088 -7.684124 3.349656 1.198373 -2.936778 29.843965 -2.000098 70.333108 27.218662 -0.000016 -0.000002 -15.016518 -1.660405 1.731628 -22.429841 4.218836 -7.951131 0.352314 7.103160 -0.580932 0.325170 -1.725200 -3.024321 -4.622269 0.578445 7.723498 -4.602181 1.729609 41.177759 -1.243307 0.111568 10.256182 -6.208866 1.190483 11.981712 -3.950518 1.224231 34.425116 -1.175143 -0.729542 8.664209 -4.348434 1.288810 24.333428 -3.239026 0.796416 27.621724 -1.439916 -0.880184 10.378327 -6.779551 3.170994 34.285029 -2.645423 0.520414 22.255121 -1.369947 0.135692 11.313632 5.369208 -11.940695 7.252911 11.495870 25.094605 7.539059 -2.910438 -9.913042 -10.420867 -0.000008 -0.527352 0.000000 -9.931429 -14.676615 0.701076 -7.436047 31.958827 -3.670467 -9.154100 -15.454944 1.341748 -0.000005 -0.000000 0.000002 
-11.931633 96.316956 0.280256 2.344570 -2.520576 1.392884 -0.596332 1.412885 0.849375 -3.951919 1.631898 1.769716 -3.914569 1.551553 1.856191 1.336058 0.558858 -3.155121 -2.933592 8.864117 1.886588 5.970356 0.274216 -6.896835 -33.100548 4.272165 -68.937386 -30.594518 0.000003 -0.000027 13.606764 7.107453 -13.199711 13.251971 -12.316517 4.199997 13.562102 8.971228 4.609341 2.291381 -0.378159 2.922472 1.467092 0.051660 -21.984656 3.762253 1.112549 -32.937464 1.845610 0.250833 -15.478481 2.713863 0.524834 -28.126716 2.539148 0.482986 -21.537029 1.751140 0.225391 -14.668123 2.395542 0.193880 -33.989747 1.901939 0.266695 -15.963045 1.313272 0.125850 -10.947718 7.098938 4.263863 -45.195826 -1.814461 0.375837 -19.435718 0.924725 0.062104 -7.685396 3.344447 1.195555 -3.060498 30.326620 -2.056348 70.382982 27.366790 0.000009 0.000011 -14.880826 -1.887684 1.760280 -22.558698 4.289153 -8.253623 0.531316 6.785114 -0.464948 0.465724 -1.784576 -3.002667 -4.523058 0.547238 7.456015 -4.653805 1.775165 41.741052 -1.261678 0.114917 10.409177 -6.155448 1.157389 11.734067 -4.014991 1.268950 35.067349 -1.203143 -0.681907 8.921602 -4.355337 1.287788 24.197658 -3.307541 0.832738 28.257025 -1.455666 -0.830224 10.554643 -6.829488 3.203717 34.257476 -2.681320 0.535217 22.573507 -1.411902 0.144213 11.664781 5.345468 -11.883503 7.254356 11.469498 25.042291 7.529604 -2.897887 -9.886668 -10.464349 0.000002 -0.522358 -0.000004 -9.974998 -14.606245 0.699286 -7.494819 31.877104 -3.716984 -9.063123 -15.393015 1.370594 -0.000006 -0.000040 -0.000000 
-11.852961 96.366936 0.262355 2.346312 -2.554729 1.358396 -0.591397 1.440107 0.842732 -3.938624 1.669365 1.751486 -3.901242 1.590170 1.839739 1.323527 0.730064 -3.210781 -3.004236 9.111357 1.900993 6.216562 0.292574 -7.207457 -33.386388 4.351582 -68.639795 -30.692527 -0.000009 -0.000037 13.512062 7.040386 -12.826203 13.480281 -12.253768 4.162895 13.573809 8.993107 4.621852 2.157617 -0.461930 2.961392 1.632830 0.107244 -22.534765 3.783524 1.126370 -33.147263 1.866845 0.256749 -15.661170 2.896239 0.618980 -28.493502 2.571943 0.496041 -21.829203 1.738307 0.222048 -14.558282 2.590966 0.321952 -34.073956 1.925160 0.273373 -16.163110 1.307439 0.124717 -10.898725 7.313113 4.517203 -45.601058 -1.763548 0.394008 -19.883458 0.924794 0.062118 -7.685915 3.354463 1.196037 -3.158192 30.788775 -2.032158 70.429154 27.495316 -0.000009 0.000024 -14.785809 -2.054050 1.818101 -22.723664 4.410155 -8.572770 0.744731 6.402892 -0.328910 0.636156 -1.857637 -2.978995 -4.465060 0.529224 7.297404 -4.696159 1.813269 42.207021 -1.272053 0.116832 10.495842 -6.115879 1.134413 11.565710 -4.071965 1.309373 35.639285 -1.223417 -0.638679 9.119885 -4.343229 1.278887 24.086792 -3.370714 0.867111 28.846197 -1.468557 -0.784076 10.707641 -6.841003 3.210232 34.237628 -2.715131 0.549360 22.873728 -1.450144 0.152235 11.985388 5.338754 -11.727601 7.247709 11.427704 24.808760 7.450404 -2.880340 -9.776839 -10.465259 -0.000008 -0.511309 0.000005 -10.034871 -14.459159 0.684293 -7.564998 31.628577 -3.764377 -8.901232 -15.247836 1.387539 -0.000001 -0.000026 0.000002 
-11.752859 96.437920 0.246939 2.331521 -2.578091 1.322884 -0.575893 1.455975 0.828052 -3.900669 1.690714 1.724265 -3.863631 1.613229 1.812872 1.306127 0.872467 -3.234809 -3.056524 9.370426 1.922912 6.422892 0.303598 -7.393877 -33.485890 4.378371 -68.408852 -30.783789 -0.000014 -0.000035 13.404843 6.983060 -12.371730 13.665613 -12.199804 4.116470 13.640777 9.122190 4.678396 2.112718 -0.504693 3.009519 1.801139 0.167577 -23.045579 3.802593 1.138869 -33.335811 1.886038 0.262152 -15.826141 3.062003 0.706767 -28.848588 2.601462 0.507912 -22.092696 1.726589 0.219002 -14.457858 2.749115 0.425352 -34.174285 1.946076 0.279465 -16.343541 1.302056 0.123685 -10.853165 7.474571 4.722451 -46.017361 -1.717462 0.410866 -20.289808 0.924765 0.062114 -7.685643 3.392597 1.203051 -3.209216 31.148764 -1.942759 70.476118 27.588615 0.000006 0.000005 -14.740947 -2.129844 1.883465 -22.848943 4.501039 -8.816027 0.906756 6.110540 -0.226454 0.764485 -1.912604 -2.961237 -4.444580 0.523900 7.256411 -4.728756 1.842999 42.568017 -1.273920 0.117174 10.511361 -6.085068 1.125667 11.541168 -4.116882 1.341834 36.092844 -1.232402 -0.613004 9.216249 -4.299247 1.258553 24.070739 -3.422149 0.895716 29.328327 -1.475559 -0.755332 10.796516 -6.793555 3.180573 34.282806 -2.742372 0.560926 23.116345 -1.473764 0.157286 12.183467 5.357347 -11.526337 7.237414 11.379660 24.480699 7.324570 -2.870706 -9.626447 -10.427961 -0.000007 -0.494074 0.000000 -10.110594 -14.274598 0.654509 -7.627301 31.282560 -3.796125 -8.697079 -15.051483 1.397191 0.000001 -0.000025 0.000001 
-11.631607 96.510422 0.232741 2.305971 -2.585883 1.280997 -0.552444 1.457709 0.806802 -3.844759 1.691804 1.689945 -3.808428 1.616445 1.777379 1.280842 0.989797 -3.220239 -3.094089 9.655029 1.938846 6.523549 0.301115 -7.388107 -33.293443 4.310220 -68.320436 -30.848771 -0.000016 -0.000048 13.295401 6.964111 -11.871451 13.784071 -12.162028 4.068243 13.751900 9.336617 4.768852 2.163147 -0.500978 3.060643 1.940586 0.221385 -23.370906 3.829016 1.156322 -33.597687 1.909492 0.268859 -16.028135 3.180163 0.770858 -29.091705 2.634560 0.521468 -22.388713 1.720783 0.217519 -14.408281 2.839970 0.484286 -34.263538 1.967383 0.285765 -16.527574 1.299294 0.123164 -10.829927 7.556182 4.847817 -46.440447 -1.676720 0.426080 -20.649721 0.924670 0.062101 -7.684940 3.459445 1.216895 -3.206606 31.332793 -1.814084 70.533519 27.636337 -0.000007 0.000012 -14.749280 -2.103545 1.936083 -22.874288 4.500066 -8.911320 0.952165 6.028577 -0.196319 0.795187 -1.925001 -2.955304 -4.453299 0.529491 7.327266 -4.751767 1.864221 42.823982 -1.267711 0.116035 10.459547 -6.060219 1.134088 11.705973 -4.146036 1.363198 36.388758 -1.228380 -0.615463 9.183615 -4.222029 1.227489 24.205748 -3.456298 0.915027 29.649749 -1.474934 -0.755223 10.792023 -6.683849 3.115158 34.439142 -2.759125 0.568091 23.265678 -1.474683 0.157486 12.191186 5.398861 -11.345363 7.227555 11.334934 24.166377 7.186795 -2.874809 -9.487893 -10.368756 -0.000002 -0.472799 -0.000000 -10.196442 -14.101488 0.611151 -7.660715 30.927834 -3.795554 -8.491521 -14.845664 1.405460 -0.000001 -0.000026 0.000004 
-11.490973 96.570770 0.218095 2.275342 -2.573306 1.229226 -0.524890 1.443368 0.781106 -3.779434 1.669258 1.650983 -3.744108 1.596273 1.735764 1.246501 1.084720 -3.168708 -3.124577 9.961436 1.941521 6.496672 0.283403 -7.172180 -32.754988 4.132419 -68.407698 -30.867490 0.000002 -0.000047 13.186530 6.993147 -11.386443 13.824457 -12.145648 4.027772 13.886707 9.596342 4.876565 2.295761 -0.454429 3.107434 2.022378 0.256613 -23.366477 3.872436 1.185418 -34.029649 1.943560 0.278731 -16.322076 3.227264 0.796973 -29.116987 2.678240 0.539622 -22.780073 1.725784 0.218806 -14.451205 2.846945 0.487953 -34.304000 1.991897 0.293080 -16.739329 1.301474 0.123568 -10.848313 7.547506 4.875629 -46.842199 -1.641875 0.439321 -20.958229 0.924606 0.062094 -7.684320 3.545766 1.235456 -3.156919 31.296804 -1.672839 70.609922 27.637259 -0.000005 0.000017 -14.806327 -1.985698 1.963046 -22.784377 4.393499 -8.838158 0.864288 6.188294 -0.248370 0.715190 -1.889031 -2.962523 -4.482194 0.543906 7.493579 -4.765803 1.877259 42.980581 -1.254621 0.113628 10.350367 -6.043903 1.162206 12.087640 -4.156616 1.371027 36.496412 -1.211044 -0.654264 9.011098 -4.124080 1.191486 24.533049 -3.468530 0.921998 29.764984 -1.466076 -0.792784 10.678275 -6.528037 3.025939 34.739619 -2.761929 0.569302 23.290875 -1.448248 0.151828 11.969526 5.455080 -11.232374 7.216887 11.298800 23.940148 7.069096 -2.890595 -9.396061 -10.306921 0.000015 -0.451528 -0.000005 -10.277749 -13.976903 0.557487 -7.656114 30.627927 -3.756006 -8.321472 -14.659420 1.418836 -0.000006 -0.000041 -0.000002 
-11.332843 96.618515 0.200795 2.241679 -2.534732 1.169595 -0.497545 1.412344 0.752751 -3.712603 1.621205 1.609169 -3.678547 1.550724 1.689959 1.204585 1.158885 -3.089355 -3.154871 10.269257 1.931942 6.367776 0.254904 -6.785730 -31.891284 3.870465 -68.649316 -30.826607 -0.000006 -0.000032 13.073879 7.056596 -10.988939 13.789991 -12.152476 4.004546 14.020732 9.853838 4.982395 2.481526 -0.376504 3.143057 2.029578 0.265425 -22.958518 3.936904 1.229459 -34.675323 1.990997 0.292812 -16.731691 3.194104 0.779424 -28.863270 2.735388 0.563922 -23.294360 1.743913 0.223496 -14.606228 2.770445 0.437175 -34.265696 2.020744 0.301827 -16.989003 1.309682 0.125158 -10.917615 7.456339 4.806823 -47.182209 -1.613482 0.450260 -21.210251 0.924598 0.062087 -7.684292 3.638449 1.255571 -3.075636 31.040023 -1.537183 70.707594 27.600062 -0.000012 0.000025 -14.899387 -1.808170 1.961808 -22.616035 4.221123 -8.635103 0.680887 6.519203 -0.361479 0.559038 -1.820132 -2.979334 -4.523905 0.564780 7.732083 -4.771755 1.882798 43.047209 -1.236375 0.110339 10.198110 -6.043106 1.211601 12.690456 -4.147010 1.363928 36.398621 -1.181436 -0.733691 8.705580 -4.027916 1.159522 25.070742 -3.455743 0.914734 29.644469 -1.449576 -0.873274 10.455391 -6.356361 2.932554 35.197939 -2.748511 0.563552 23.170983 -1.394012 0.140561 11.515013 5.522632 -11.193479 7.194917 11.269358 23.796531 6.986834 -2.914123 -9.346505 -10.255258 -0.000004 -0.433799 -0.000005 -10.333048 -13.911877 0.495648 -7.623945 30.388283 -3.684771 -8.203325 -14.492792 1.442076 0.000001 -0.000018 -0.000002 
-11.159208 96.665520 0.178100 2.203281 -2.463427 1.110371 -0.474481 1.365622 0.722873 -3.649863 1.547946 1.565006 -3.617301 1.480088 1.640715 1.159282 1.213422 -2.995996 -3.187494 10.550446 1.917437 6.196383 0.223183 -6.311968 -30.795124 3.580478 -68.973996 -30.724240 -0.000006 -0.000024 12.950892 7.123924 -10.740987 13.697662 -12.179836 4.004742 14.129934 10.062981 5.067884 2.680497 -0.284743 3.162185 1.964206 0.248409 -22.202221 4.016444 1.285302 -35.478683 2.047818 0.310146 -17.223707 3.089693 0.724458 -28.358657 2.801636 0.592858 -23.892550 1.772685 0.231078 -14.852547 2.628080 0.344683 -34.144478 2.052030 0.311454 -17.260060 1.322854 0.127715 -11.028660 7.305591 4.661273 -47.422724 -1.592054 0.458624 -21.400709 0.924675 0.062099 -7.684940 3.726588 1.274588 -2.981806 30.606511 -1.412676 70.819868 27.539888 -0.000003 0.000026 -15.009651 -1.619060 1.938872 -22.438030 4.056456 -8.378738 0.475398 6.886649 -0.491996 0.391083 -1.746706 -2.998952 -4.572873 0.589698 8.012867 -4.770843 1.881965 43.037118 -1.215100 0.106524 10.020972 -6.064443 1.281146 13.480762 -4.117919 1.342576 36.103236 -1.142174 -0.851175 8.296205 -3.945538 1.133099 25.687288 -3.418066 0.893426 29.289924 -1.427085 -0.994733 10.143688 -6.202231 2.855567 35.796386 -2.718754 0.550894 22.906055 -1.316713 0.125265 10.868721 5.606519 -11.194096 7.145504 11.237978 23.651610 6.932247 -2.943348 -9.295731 -10.219429 -0.000002 -0.420615 0.000001 -10.347715 -13.890401 0.424954 -7.590582 30.154196 -3.599820 -8.122248 -14.316725 1.474904 -0.000008 -0.000016 0.000000 
-10.972548 96.728035 0.147286 2.157764 -2.354150 1.062669 -0.458856 1.305824 0.691973 -3.593913 1.452537 1.518048 -3.563036 1.387485 1.587900 1.116670 1.249231 -2.903675 -3.219625 10.780842 1.907164 6.052633 0.194272 -5.848570 -29.603611 3.323657 -69.282290 -30.570007 -0.000017 -0.000040 12.816473 7.161475 -10.675977 13.574927 -12.220831 4.029118 14.193747 10.185134 5.117201 2.848411 -0.199846 3.161782 1.849660 0.214797 -21.291807 4.094667 1.341859 -36.276613 2.103198 0.327588 -17.704397 2.941250 0.648772 -27.730851 2.864657 0.621160 -24.464279 1.804612 0.239616 -15.126482 2.450948 0.231688 -33.968891 2.080526 0.320392 -17.507409 1.337517 0.130583 -11.152417 7.127346 4.473117 -47.539920 -1.578146 0.464094 -21.524539 0.924772 0.062120 -7.685753 3.804696 1.291302 -2.893702 30.073514 -1.295484 70.931986 27.472435 0.000010 0.000003 -15.116435 -1.471624 1.906609 -22.316168 3.969913 -8.147541 0.322012 7.158399 -0.592961 0.273660 -1.696357 -3.014673 -4.624294 0.615480 8.296362 -4.764791 1.876295 42.969301 -1.193756 0.102800 9.843071 -6.108629 1.364521 14.370797 -4.073649 1.310575 35.656094 -1.097980 -0.994134 7.838540 -3.885246 1.113799 26.249430 -3.360544 0.861544 28.751254 -1.401545 -1.144438 9.786238 -6.090395 2.809093 36.474218 -2.676295 0.533120 22.528896 -1.227133 0.108670 10.121157 5.711586 -11.181709 7.054844 11.183597 23.394475 6.875714 -2.966032 -9.185877 -10.197361 0.000011 -0.410086 0.000000 -10.334752 -13.885364 0.342927 -7.583147 29.851198 -3.522831 -8.033200 -14.093938 1.511325 -0.000006 0.000002 -0.000002 
-10.775024 96.815910 0.107026 2.105137 -2.208450 1.033981 -0.452199 1.236992 0.660599 -3.544831 1.340947 1.467931 -3.515784 1.278952 1.531546 1.083200 1.266743 -2.825732 -3.244865 10.948763 1.907821 5.994149 0.170402 -5.476323 -28.456026 3.141832 -69.480140 -30.382078 -0.000007 -0.000026 12.682072 7.149170 -10.788022 13.453582 -12.265318 4.072292 14.198400 10.194416 5.119565 2.945569 -0.141885 3.141819 1.725228 0.178028 -20.506842 4.149788 1.382731 -36.844004 2.142404 0.340216 -18.045531 2.788269 0.573380 -27.171561 2.907856 0.640979 -24.857685 1.829470 0.246376 -15.339883 2.276441 0.122034 -33.792098 2.099151 0.326290 -17.669303 1.348899 0.132832 -11.248581 6.955290 4.281507 -47.528612 -1.572249 0.466405 -21.576737 0.924777 0.062115 -7.685747 3.871780 1.305328 -2.824653 29.528851 -1.180574 71.025798 27.408000 0.000005 -0.000008 -15.202516 -1.409049 1.879060 -22.283335 3.993818 -7.990646 0.261648 7.264064 -0.636178 0.238318 -1.682754 -3.022766 -4.672930 0.638096 8.531397 -4.755903 1.868042 42.870051 -1.176069 0.099750 9.695993 -6.167351 1.448600 15.214199 -4.022896 1.274497 35.146398 -1.056465 -1.139137 7.412818 -3.862987 1.111368 26.786926 -3.294137 0.825552 28.132403 -1.377303 -1.297740 9.445760 -6.029554 2.795866 37.125842 -2.628973 0.513695 22.109587 -1.140926 0.093829 9.403598 5.831067 -11.114932 6.920442 11.091905 22.953744 6.786001 -2.966024 -8.978843 -10.182830 -0.000001 -0.398087 -0.000004 -10.340227 -13.873386 0.248968 -7.608538 29.431278 -3.468354 -7.882126 -13.802611 1.542664 0.000000 -0.000029 -0.000002 
-10.567907 96.927109 0.058750 2.046987 -2.038312 1.023661 -0.453908 1.164021 0.629700 -3.500834 1.221441 1.415426 -3.473691 1.162727 1.472818 1.065373 1.258620 -2.772475 -3.254425 11.043506 1.919616 6.052033 0.151083 -5.237915 -27.454546 3.048192 -69.511225 -30.182268 -0.000009 -0.000009 12.572379 7.092938 -11.034576 13.362007 -12.302680 4.124102 14.139572 10.082730 5.071171 2.946560 -0.125457 3.105767 1.633545 0.149858 -20.110848 4.163717 1.393176 -36.987827 2.152715 0.343591 -18.135383 2.670882 0.516341 -26.866399 2.917562 0.645495 -24.946202 1.838047 0.248739 -15.413435 2.138372 0.035540 -33.671607 2.102103 0.327230 -17.694899 1.352678 0.133586 -11.280574 6.817512 4.121340 -47.411181 -1.573748 0.465840 -21.563408 0.924543 0.062077 -7.683926 3.926839 1.316542 -2.784141 29.045697 -1.070051 71.087871 27.348627 -0.000009 0.000024 -15.258737 -1.449563 1.867963 -22.329051 4.107802 -7.915446 0.286856 7.218452 -0.624469 0.274591 -1.701018 -3.023755 -4.712943 0.652728 8.659193 -4.747209 1.860008 42.773083 -1.166494 0.098108 9.616355 -6.224634 1.514444 15.825634 -3.977792 1.243019 34.696159 -1.027533 -1.256074 7.110814 -3.869888 1.120963 27.186267 -3.234317 0.793950 27.578262 -1.359877 -1.422587 9.192553 -6.012203 2.806114 37.612165 -2.587115 0.496846 21.739577 -1.075715 0.083356 8.861599 5.947393 -10.980479 6.754613 10.985396 22.334548 6.656124 -2.949386 -8.678218 -10.170175 0.000009 -0.380335 0.000003 -10.415409 -13.842417 0.147014 -7.640116 28.898961 -3.434544 -7.645728 -13.448405 1.564531 0.000002 -0.000019 0.000001 
-10.351528 97.049782 0.006677 1.982405 -1.863381 1.023389 -0.461210 1.091730 0.600709 -3.459110 1.103023 1.362768 -3.433844 1.047675 1.414323 1.067778 1.213924 -2.749805 -3.240912 11.060126 1.937343 6.228690 0.135129 -5.133446 -26.642746 3.032232 -69.373439 -29.991750 0.000004 -0.000009 12.518134 7.028009 -11.350262 13.317852 -12.324864 4.172977 14.024009 9.862586 4.977086 2.847387 -0.155696 3.059940 1.604199 0.137070 -20.245946 4.129270 1.367417 -36.632207 2.128896 0.335840 -17.927848 2.615628 0.487798 -26.920649 2.888941 0.632256 -24.685420 1.825993 0.245432 -15.309813 2.057104 -0.016993 -33.645785 2.087494 0.322590 -17.567841 1.346847 0.132425 -11.231190 6.730000 4.013835 -47.231339 -1.580553 0.463141 -21.502875 0.924059 0.062014 -7.679789 3.964603 1.323898 -2.777709 28.662585 -0.976573 71.116824 27.289338 0.000008 0.000014 -15.284961 -1.577428 1.878949 -22.410689 4.252127 -7.895434 0.352856 7.100904 -0.585264 0.340974 -1.732348 -3.021528 -4.738651 0.654829 8.627870 -4.741989 1.855165 42.715040 -1.169000 0.098538 9.637096 -6.262582 1.542511 16.033138 -3.950979 1.224560 34.429703 -1.020429 -1.316882 7.010973 -3.890463 1.133913 27.342060 -3.197283 0.774733 27.236419 -1.354204 -1.488723 9.084756 -6.022060 2.822924 37.801723 -2.560780 0.486405 21.507492 -1.045803 0.078759 8.613404 6.046610 -10.791922 6.577468 10.872856 21.611921 6.490495 -2.907100 -8.324226 -10.155293 -0.000013 -0.355611 0.000003 -10.576376 -13.791316 0.045550 -7.626729 28.302996 -3.404752 -7.360132 -13.058398 1.581998 -0.000003 -0.000011 0.000001 
-10.125816 97.170143 -0.044061 1.905567 -1.702260 1.022402 -0.469801 1.023892 0.575263 -3.416598 0.993457 1.312985 -3.393093 0.941327 1.359330 1.090429 1.133936 -2.757729 -3.202746 11.023011 1.955004 6.504256 0.121492 -5.130948 -26.007023 3.071400 -69.111576 -29.828092 0.000006 0.000005 12.543935 7.009757 -11.665807 13.323870 -12.328572 4.209701 13.868259 9.564612 4.850055 2.666654 -0.226581 3.012048 1.640819 0.140802 -20.873350 4.051675 1.310570 -35.837108 2.074804 0.318587 -17.457750 2.624826 0.487918 -27.315713 2.826426 0.603906 -24.117179 1.795784 0.237235 -15.050721 2.032961 -0.036149 -33.718735 2.057398 0.313133 -17.306581 1.332528 0.129613 -11.110308 6.691587 3.959052 -47.020009 -1.592117 0.458606 -21.400081 0.923304 0.061912 -7.673613 3.974092 1.325324 -2.808498 28.376892 -0.919979 71.125574 27.222749 0.000002 -0.000004 -15.287562 -1.746221 1.909188 -22.478458 4.359953 -7.892470 0.405977 7.006447 -0.552138 0.389498 -1.755243 -3.020371 -4.745589 0.641956 8.414115 -4.742029 1.855217 42.715426 -1.185408 0.101343 9.773793 -6.268313 1.521024 15.748205 -3.949849 1.223793 34.418443 -1.039215 -1.306352 7.147679 -3.910967 1.142338 27.199924 -3.192579 0.772347 27.193112 -1.362102 -1.479784 9.146326 -6.044198 2.831889 37.629653 -2.556511 0.484741 21.469829 -1.056897 0.080448 8.705549 6.128133 -10.578685 6.407079 10.761020 20.887250 6.306305 -2.834343 -7.971868 -10.134833 -0.000006 -0.326959 -0.000004 -10.788390 -13.727063 -0.045984 -7.519213 27.706922 -3.360087 -7.107233 -12.664800 1.608013 -0.000015 -0.000042 -0.000001 
-9.891034 97.264153 -0.090012 1.808409 -1.564403 1.013208 -0.475145 0.962514 0.554307 -3.370715 0.897594 1.268537 -3.348805 0.848310 1.310386 1.131142 1.022163 -2.791479 -3.139800 10.955869 1.965868 6.846102 0.109094 -5.183294 -25.496393 3.141977 -68.793829 -29.703782 -0.000017 -0.000036 12.657357 7.094515 -11.926551 13.368958 -12.316164 4.230879 13.693814 9.229335 4.706784 2.439160 -0.323156 2.968642 1.718668 0.155905 -21.788179 3.948507 1.237498 -34.791997 2.002559 0.296304 -16.831666 2.675334 0.506922 -27.916995 2.743765 0.567549 -23.369687 1.755931 0.226645 -14.709101 2.046615 -0.033419 -33.859737 2.017882 0.300959 -16.964248 1.313692 0.125921 -10.951507 6.685441 3.939082 -46.799814 -1.608008 0.452401 -21.258774 0.922479 0.061789 -7.666609 3.941746 1.318179 -2.876185 28.153498 -0.918751 71.137281 27.145076 0.000018 -0.000010 -15.274192 -1.893609 1.946025 -22.499523 4.388332 -7.879965 0.411467 6.997208 -0.546795 0.390269 -1.756359 -3.023020 -4.731199 0.615338 8.043041 -4.746446 1.859283 42.764600 -1.213967 0.106332 10.011573 -6.239155 1.453211 15.021430 -3.971933 1.238992 34.637990 -1.079327 -1.231145 7.487655 -3.925472 1.143103 26.788309 -3.217393 0.785143 27.421932 -1.380572 -1.402901 9.351412 -6.071484 2.828200 37.129725 -2.571953 0.490831 21.605925 -1.102464 0.087571 9.083961 6.192708 -10.413680 6.255342 10.658525 20.324768 6.140158 -2.725007 -7.705953 -10.125878 -0.000020 -0.299552 -0.000004 -10.986697 -13.699084 -0.122118 -7.310795 27.233631 -3.306557 -6.961400 -12.326617 1.665203 -0.000006 -0.000034 -0.000002 
-9.648236 97.341957 -0.130507 1.686878 -1.448607 0.994118 -0.473947 0.907713 0.537144 -3.319995 0.816770 1.230050 -3.299507 0.769852 1.268063 1.186215 0.884546 -2.842133 -3.051978 10.873755 1.964553 7.216920 0.096528 -5.243643 -25.049755 3.226426 -68.486737 -29.625259 -0.000011 -0.000029 12.844533 7.316635 -12.103164 13.433654 -12.294479 4.239409 13.520964 8.895573 4.562890 2.204630 -0.426657 2.933280 1.794802 0.171076 -22.702348 3.843868 1.166217 -33.745137 1.927991 0.274204 -16.187555 2.728468 0.527624 -28.529444 2.659252 0.531700 -22.610044 1.717492 0.216678 -14.380215 2.067108 -0.026823 -34.017153 1.976862 0.288580 -16.609381 1.295617 0.122456 -10.798934 6.685736 3.926265 -46.582020 -1.627858 0.444721 -21.082620 0.921734 0.061695 -7.660494 3.857423 1.300444 -2.976221 27.944884 -0.980051 71.176302 27.059731 -0.000009 0.000006 -15.249154 -1.963389 1.968540 -22.469492 4.332680 -7.855132 0.366046 7.078721 -0.571964 0.342396 -1.735243 -3.029167 -4.695027 0.580322 7.593243 -4.751398 1.863879 42.819921 -1.248708 0.112551 10.301111 -6.184933 1.359483 14.060284 -4.003606 1.260992 34.953548 -1.128242 -1.121831 7.926808 -3.937476 1.139338 26.229378 -3.254709 0.804639 27.766922 -1.402762 -1.290838 9.624847 -6.106206 2.819511 36.446596 -2.594661 0.499892 21.806228 -1.164160 0.097712 9.597021 6.247884 -10.275424 6.119355 10.567887 19.879204 5.989319 -2.583764 -7.504975 -10.115210 -0.000005 -0.277554 0.000006 -11.113765 -13.681615 -0.184156 -7.044857 26.830547 -3.251730 -6.931445 -12.018067 1.753749 0.000004 -0.000006 0.000003 
-9.398660 97.407768 -0.166874 1.545794 -1.347613 0.967549 -0.465294 0.858219 0.521659 -3.264490 0.749389 1.195794 -3.245323 0.704412 1.230480 1.251022 0.729959 -2.897973 -2.939085 10.780047 1.948512 7.581010 0.082112 -5.274543 -24.620745 3.317467 -68.239204 -29.592621 -0.000006 -0.000046 13.073371 7.671030 -12.193182 13.497629 -12.271984 4.242409 13.364106 8.591759 4.429538 1.996259 -0.520238 2.906041 1.826756 0.172703 -23.357297 3.759482 1.110749 -32.910198 1.864813 0.256176 -15.643370 2.746643 0.531681 -28.975022 2.589084 0.502920 -21.982264 1.690007 0.209687 -14.145285 2.064850 -0.033913 -34.140311 1.941157 0.278034 -16.301092 1.282753 0.120019 -10.690266 6.668065 3.894512 -46.367419 -1.651243 0.435736 -20.875292 0.921326 0.061655 -7.656869 3.720091 1.271908 -3.099461 27.712905 -1.093411 71.259309 26.977251 -0.000006 0.000028 -15.212052 -1.925474 1.952474 -22.406760 4.219880 -7.833850 0.292018 7.210908 -0.614835 0.267826 -1.701703 -3.036393 -4.638607 0.545241 7.180468 -4.750952 1.863459 42.814877 -1.280693 0.118444 10.567922 -6.125907 1.272339 13.185742 -4.023255 1.274770 35.150144 -1.170331 -1.025702 8.315484 -3.956425 1.138908 25.713895 -3.277480 0.816675 27.977887 -1.421169 -1.193716 9.861901 -6.156195 2.822477 35.806488 -2.605182 0.504083 21.899149 -1.217082 0.106874 10.037489 6.283720 -10.229507 5.978824 10.507834 19.653736 5.882744 -2.415480 -7.418234 -9.968709 -0.000001 -0.261596 0.000001 -11.148552 -13.672872 -0.239623 -6.813404 26.475659 -3.226446 -6.953644 -11.729826 1.872015 0.000009 -0.000005 0.000005 
-9.144250 97.464165 -0.200614 1.398917 -1.254160 0.937064 -0.450860 0.812127 0.505409 -3.205753 0.692210 1.162242 -3.187879 0.648955 1.193953 1.320632 0.569466 -2.946759 -2.802039 10.666729 1.919013 7.910180 0.064332 -5.251566 -24.192335 3.417947 -68.077923 -29.599875 -0.000016 -0.000038 13.302463 8.108539 -12.214766 13.545150 -12.255887 4.247331 13.231862 8.334981 4.314021 1.834876 -0.592525 2.884783 1.791008 0.152240 -23.616771 3.707000 1.077121 -32.394754 1.819965 0.243787 -15.258125 2.709505 0.508496 -29.157459 2.541648 0.483975 -21.559412 1.678108 0.206700 -14.043595 2.024093 -0.064006 -34.199259 1.914299 0.270240 -16.069584 1.277239 0.118968 -10.643928 6.619731 3.830549 -46.150639 -1.677747 0.425696 -20.640473 0.921300 0.061642 -7.656680 3.539936 1.234537 -3.232544 27.443196 -1.231548 71.390599 26.911415 0.000004 -0.000013 -15.159697 -1.784966 1.877502 -22.336269 4.087595 -7.834623 0.218846 7.341137 -0.657727 0.194179 -1.667946 -3.041883 -4.566128 0.518730 6.922392 -4.738789 1.852224 42.679448 -1.300608 0.122195 10.734063 -6.086309 1.225424 12.733653 -4.008593 1.264480 35.003446 -1.192410 -0.990989 8.506122 -3.991869 1.150496 25.442660 -3.257620 0.806177 27.793839 -1.430476 -1.161991 9.962973 -6.228103 2.854936 35.448211 -2.584228 0.495696 21.714152 -1.238079 0.110638 10.212323 6.297822 -10.228469 5.838924 10.462387 19.538065 5.795459 -2.224121 -7.388089 -9.781421 0.000006 -0.249178 0.000004 -11.114580 -13.675389 -0.297744 -6.700709 26.156373 -3.257561 -6.935044 -11.459359 2.012526 0.000009 0.000009 0.000002 
-8.886614 97.513641 -0.232494 1.264598 -1.165048 0.905658 -0.434075 0.767537 0.486148 -3.146186 0.641549 1.125406 -3.129658 0.600064 1.154384 1.390463 0.414209 -2.978615 -2.644528 10.518090 1.881208 8.190654 0.042146 -5.164496 -23.779403 3.537254 -68.009580 -29.636051 -0.000008 -0.000035 13.491929 8.546755 -12.196137 13.566486 -12.250143 4.257813 13.130292 8.137549 4.222586 1.730279 -0.637871 2.867507 1.693217 0.112282 -23.501846 3.684835 1.063108 -32.177940 1.792283 0.236300 -15.020600 2.622418 0.461263 -29.088516 2.515712 0.473784 -21.328592 1.680559 0.207315 -14.064619 1.949931 -0.113663 -34.193768 1.895832 0.264948 -15.910372 1.278573 0.119224 -10.655179 6.545125 3.739428 -45.926062 -1.707025 0.414735 -20.381851 0.921679 0.061705 -7.659859 3.335524 1.192070 -3.361123 27.145738 -1.358626 71.563553 26.873992 0.000006 0.000028 -15.089846 -1.577114 1.734583 -22.273595 3.963458 -7.862636 0.164627 7.437459 -0.689309 0.137792 -1.641439 -3.044158 -4.485088 0.506773 6.900112 -4.710304 1.826095 42.363316 -1.301683 0.122387 10.743084 -6.085033 1.241849 12.936700 -3.944488 1.220125 34.365322 -1.186595 -1.048862 8.405452 -4.047938 1.179830 25.555486 -3.176466 0.764084 27.044822 -1.428182 -1.227385 9.869956 -6.321328 2.927630 35.538618 -2.520926 0.470871 21.156794 -1.214221 0.106367 10.013701 6.292599 -10.247600 5.701157 10.415406 19.470489 5.710797 -2.020844 -7.381543 -9.593442 0.000011 -0.236586 -0.000001 -11.063341 -13.686521 -0.366001 -6.721553 25.862452 -3.342400 -6.821989 -11.205841 2.163989 0.000007 0.000015 -0.000001 
-8.627157 97.558624 -0.262331 1.159550 -1.081563 0.874383 -0.418596 0.722823 0.462353 -3.087921 0.593937 1.082390 -3.072835 0.554483 1.108822 1.456958 0.272258 -2.988575 -2.473983 10.317891 1.842983 8.429158 0.015334 -5.017497 -23.420049 3.685621 -68.024750 -29.688872 0.000016 0.000002 13.612410 8.894283 -12.165387 13.556230 -12.255285 4.271925 13.067045 8.014741 4.163819 1.686777 -0.653962 2.853621 1.566097 0.065550 -23.160275 3.681072 1.060776 -32.141221 1.774377 0.231501 -14.867030 2.514369 0.405532 -28.867911 2.502563 0.468671 -21.211771 1.691758 0.210130 -14.160340 1.865986 -0.167847 -34.149675 1.882175 0.261061 -15.792792 1.284110 0.120277 -10.701803 6.463939 3.642209 -45.692456 -1.738619 0.403089 -20.103017 0.922371 0.061800 -7.665494 3.126955 1.148507 -3.473878 26.843420 -1.442180 71.766451 26.870266 -0.000012 0.000032 -15.003952 -1.350996 1.530221 -22.218838 3.855657 -7.904884 0.128202 7.502210 -0.709852 0.097106 -1.621646 -3.044024 -4.406609 0.511077 7.132931 -4.663946 1.784241 41.852230 -1.281820 0.118658 10.577377 -6.128339 1.326502 13.838406 -3.828841 1.142753 33.226039 -1.150882 -1.200523 8.007419 -4.121597 1.227252 26.077635 -3.032281 0.692570 25.725935 -1.413876 -1.389822 9.587710 -6.426675 3.039044 36.108540 -2.418513 0.432138 20.259012 -1.147649 0.094956 9.459541 6.275703 -10.280218 5.565056 10.352159 19.432879 5.620897 -1.819664 -7.388613 -9.400423 0.000011 -0.221936 -0.000000 -11.045607 -13.696947 -0.447165 -6.807095 25.584488 -3.443944 -6.637556 -10.967680 2.314649 -0.000001 -0.000015 -0.000002 
-8.367067 97.603119 -0.289693 1.093698 -1.005295 0.842166 -0.406807 0.676670 0.434193 -3.031722 0.546280 1.032497 -3.018163 0.509211 1.056530 1.518188 0.145359 -2.977878 -2.300745 10.057570 1.812459 8.653837 -0.015697 -4.829526 -23.159250 3.869179 -68.100469 -29.748691 0.000010 -0.000017 13.650274 9.079806 -12.143694 13.511271 -12.269398 4.283542 13.051691 7.985350 4.147692 1.707011 -0.639977 2.844361 1.455294 0.027841 -22.789934 3.680129 1.060164 -32.131870 1.756752 0.226858 -14.716100 2.425220 0.361377 -28.631304 2.490870 0.464139 -21.107962 1.704621 0.213375 -14.270223 1.803864 -0.207221 -34.104466 1.868727 0.257289 -15.677108 1.290471 0.121472 -10.755480 6.402167 3.565973 -45.453580 -1.772138 0.390925 -19.807726 0.923134 0.061884 -7.672141 2.927664 1.106415 -3.566510 26.555758 -1.463425 71.990686 26.897917 -0.000004 0.000034 -14.907496 -1.149598 1.285224 -22.162494 3.758025 -7.938175 0.095092 7.561015 -0.728198 0.058969 -1.602989 -3.043648 -4.343901 0.529630 7.578207 -4.601504 1.729009 41.170352 -1.243844 0.111665 10.260511 -6.208750 1.465586 15.279285 -3.673846 1.044125 31.721741 -1.089194 -1.416385 7.391482 -4.204483 1.287569 26.909578 -2.841936 0.604332 24.006607 -1.389300 -1.616966 9.180327 -6.530517 3.174996 37.039706 -2.293998 0.387500 19.174672 -1.054179 0.080031 8.682947 6.257843 -10.312627 5.431494 10.259301 19.396434 5.518292 -1.631990 -7.394785 -9.198867 0.000012 -0.206984 0.000003 -11.088729 -13.691169 -0.540597 -6.852417 25.303228 -3.508311 -6.457151 -10.735690 2.453412 0.000011 0.000020 -0.000003 
-8.107791 97.653580 -0.315018 1.068010 -0.932173 0.808370 -0.398987 0.628143 0.403184 -2.976466 0.496005 0.977514 -2.964471 0.461604 0.999268 1.574206 0.027090 -2.953497 -2.135440 9.742900 1.795113 8.907023 -0.050150 -4.630787 -23.030206 4.087587 -68.204671 -29.812949 -0.000006 0.000000 13.607327 9.076632 -12.142765 13.432065 -12.289489 4.285862 13.090494 8.061590 4.181119 1.789898 -0.597233 2.841589 1.399480 0.010594 -22.554523 3.669387 1.053415 -32.027003 1.731940 0.220398 -14.503748 2.388084 0.344041 -28.491525 2.471494 0.456700 -20.936172 1.713471 0.215648 -14.345863 1.788448 -0.216784 -34.090229 1.851800 0.252555 -15.531577 1.294973 0.122349 -10.793406 6.380066 3.531167 -45.215091 -1.807176 0.378422 -19.499625 0.923887 0.061986 -7.678440 2.737768 1.065623 -3.644741 26.288768 -1.421662 72.236811 26.948535 -0.000004 0.000036 -14.808099 -0.995318 1.028642 -22.098164 3.664330 -7.945103 0.052801 7.635941 -0.752297 0.012745 -1.580982 -3.044828 -4.308520 0.558524 8.153415 -4.527355 1.665084 40.369447 -1.193995 0.102838 9.845147 -6.310025 1.632144 16.961482 -3.502165 0.941367 30.083032 -1.011469 -1.647556 6.687475 -4.286574 1.351889 27.865420 -2.635524 0.516361 22.167464 -1.358859 -1.857034 8.743324 -6.620748 3.313571 38.110154 -2.171505 0.346201 18.114649 -0.956723 0.065838 7.875018 6.247970 -10.326507 5.299034 10.131056 19.314496 5.397324 -1.465148 -7.376598 -8.986775 -0.000001 -0.196773 0.000000 -11.187237 -13.654462 -0.646316 -6.788494 24.985676 -3.493720 -6.347555 -10.491915 2.570474 0.000009 -0.000030 -0.000000 
-7.850787 97.717224 -0.339734 1.075045 -0.851458 0.773611 -0.393544 0.576886 0.372274 -2.919727 0.441424 0.921080 -2.909259 0.409791 0.940633 1.626851 -0.096084 -2.925876 -1.985882 9.395712 1.791738 9.230097 -0.087079 -4.454464 -23.039022 4.335159 -68.302595 -29.888044 0.000010 0.000002 13.496436 8.912854 -12.165562 13.326216 -12.312032 4.275642 13.178304 8.232643 4.259904 1.923610 -0.531747 2.846041 1.413525 0.017052 -22.526966 3.643250 1.037156 -31.772527 1.696891 0.211420 -14.204087 2.414183 0.358022 -28.498187 2.440456 0.444912 -20.661358 1.715836 0.216247 -14.365995 1.826255 -0.193028 -34.120357 1.829834 0.246487 -15.342871 1.296381 0.122606 -10.805380 6.402277 3.541584 -44.979832 -1.843335 0.365716 -19.182410 0.924496 0.062076 -7.683468 2.541254 1.022810 -3.724614 26.037403 -1.331933 72.516282 27.010914 -0.000012 0.000018 -14.713218 -0.886094 0.788797 -22.033280 3.581147 -7.927564 0.004389 7.721407 -0.780691 -0.037469 -1.557643 -3.047679 -4.305627 0.593559 8.767880 -4.447000 1.597847 39.512180 -1.139753 0.093646 9.393808 -6.413827 1.795560 18.560095 -3.338779 0.849644 28.548097 -0.931309 -1.845160 6.025316 -4.359001 1.410796 28.742659 -2.445376 0.442118 20.494034 -1.328868 -2.059037 8.365547 -6.690671 3.433014 39.077449 -2.071417 0.314274 17.253290 -0.876145 0.055180 7.208020 6.249697 -10.304289 5.163889 9.974491 19.130701 5.255844 -1.324019 -7.305528 -8.763714 0.000002 -0.196962 -0.000000 -11.306280 -13.576996 -0.765129 -6.628357 24.588263 -3.394623 -6.321675 -10.212661 2.660859 0.000000 -0.000011 -0.000002 
-7.596894 97.797829 -0.364833 1.101371 -0.752515 0.738337 -0.388160 0.523356 0.344381 -2.859375 0.382175 0.867314 -2.850314 0.353182 0.884710 1.678990 -0.240284 -2.905709 -1.855251 9.049236 1.797966 9.645822 -0.125191 -4.324126 -23.157714 4.603448 -68.367366 -29.987153 0.000004 -0.000012 13.335769 8.663076 -12.207365 13.211582 -12.333215 4.255312 13.293250 8.455227 4.364413 2.079882 -0.457048 2.855996 1.483167 0.042142 -22.679454 3.603430 1.012692 -31.386078 1.653103 0.200506 -13.830364 2.488505 0.395811 -28.630048 2.399174 0.429480 -20.296479 1.712468 0.215400 -14.337214 1.901981 -0.145533 -34.186842 1.803512 0.239329 -15.116798 1.295039 0.122339 -10.794096 6.455064 3.582245 -44.744682 -1.880178 0.353013 -18.859850 0.924901 0.062128 -7.686831 2.308562 0.972389 -3.830477 25.798466 -1.218002 72.847949 27.074018 -0.000001 0.000026 -14.627912 -0.802593 0.585779 -21.990562 3.530838 -7.909185 -0.028037 7.778586 -0.799954 -0.070447 -1.542422 -3.050027 -4.330814 0.630791 9.347858 -4.365943 1.532023 38.657815 -1.087834 0.085253 8.962260 -6.504244 1.930601 19.829439 -3.202297 0.777344 27.282643 -0.861244 -1.977895 5.493180 -4.415065 1.456646 29.390219 -2.294350 0.387642 19.177681 -1.304665 -2.191410 8.098875 -6.738598 3.518077 39.761188 -2.012457 0.296262 16.747602 -0.823856 0.048764 6.775925 6.258282 -10.237668 5.023740 9.811817 18.810879 5.098986 -1.211715 -7.164914 -8.532253 0.000008 -0.209786 -0.000001 -11.395208 -13.457864 -0.893959 -6.460544 24.080433 -3.249553 -6.336905 -9.881164 2.730258 -0.000010 -0.000034 -0.000002 
-7.345435 97.893250 -0.389059 1.132412 -0.634003 0.698599 -0.381245 0.468724 0.321903 -2.795457 0.319232 0.819148 -2.787618 0.292574 0.834436 1.733277 -0.417485 -2.900646 -1.742315 8.738424 1.805796 10.145511 -0.163197 -4.242095 -23.327439 4.883543 -68.390814 -30.124392 0.000004 -0.000019 13.144096 8.423885 -12.258267 13.114294 -12.348930 4.232109 13.399750 8.660204 4.461907 2.216682 -0.392563 2.867259 1.573433 0.074279 -22.915558 3.556411 0.984260 -30.931608 1.605056 0.188854 -13.420801 2.577647 0.441134 -28.817166 2.352539 0.412449 -19.885370 1.706246 0.213807 -14.283899 1.985495 -0.093205 -34.266410 1.774869 0.231663 -14.871361 1.292270 0.121800 -10.770779 6.511974 3.625675 -44.501681 -1.917270 0.340452 -18.535539 0.925131 0.062164 -7.688696 2.005229 0.907977 -3.988465 25.584169 -1.103347 73.249865 27.128758 0.000007 0.000029 -14.553815 -0.722227 0.428338 -21.998508 3.542862 -7.924136 -0.012971 7.752184 -0.790432 -0.057167 -1.548145 -3.048483 -4.371082 0.666085 9.847057 -4.288789 1.471223 37.853926 -1.043101 0.078343 8.590999 -6.569766 2.022718 20.659113 -3.099804 0.725538 26.341743 -0.808256 -2.040338 5.121635 -4.450120 1.484615 29.746188 -2.189286 0.352038 18.268130 -1.288336 -2.249911 7.948953 -6.765101 3.562420 40.089351 -1.977422 0.285824 16.447825 -0.799819 0.045954 6.577234 6.256423 -10.130142 4.883772 9.678223 18.367226 4.940354 -1.128595 -6.963258 -8.298716 -0.000006 -0.231601 0.000001 -11.411732 -13.298523 -1.020543 -6.393908 23.457878 -3.121967 -6.329180 -9.494935 2.795366 -0.000005 -0.000018 -0.000004 
-7.094727 97.994278 -0.408447 1.159260 -0.506875 0.647451 -0.372900 0.414350 0.305583 -2.731216 0.254148 0.776972 -2.724372 0.229449 0.790205 1.791016 -0.629451 -2.912918 -1.643001 8.489015 1.806411 10.687460 -0.200851 -4.183551 -23.471383 5.165970 -68.390097 -30.306642 -0.000028 -0.000029 12.939059 8.281766 -12.304245 13.060133 -12.355533 4.214628 13.460860 8.777338 4.518031 2.291708 -0.357715 2.874725 1.645076 0.099908 -23.123066 3.509815 0.956601 -30.483315 1.557779 0.177748 -13.018486 2.645178 0.475632 -28.978631 2.306303 0.395898 -19.478798 1.700385 0.212312 -14.233973 2.045049 -0.056083 -34.332595 1.746383 0.224149 -14.627335 1.289630 0.121321 -10.748403 6.545427 3.644010 -44.241908 -1.954207 0.328195 -18.213212 0.925236 0.062180 -7.689518 1.605485 0.824501 -4.217466 25.424930 -1.002749 73.728839 27.169309 0.000003 0.000003 -14.489586 -0.633631 0.315757 -22.076447 3.638139 -7.997699 0.072976 7.600853 -0.737619 0.023272 -1.583935 -3.040403 -4.410399 0.695767 10.244310 -4.219008 1.417683 37.134041 -1.008442 0.073213 8.303490 -6.604329 2.069589 21.068483 -3.027500 0.690257 25.682587 -0.772912 -2.049056 4.894000 -4.461836 1.493376 29.834369 -2.122468 0.330343 17.692067 -1.278572 -2.253239 7.886665 -6.771173 3.567989 40.094594 -1.942538 0.275611 16.149789 -0.795490 0.045457 6.541428 6.212139 -10.000005 4.755543 9.613396 17.869149 4.800333 -1.069574 -6.739261 -8.073239 0.000004 -0.255488 0.000001 -11.351613 -13.106188 -1.128427 -6.481786 22.759819 -3.061254 -6.255960 -9.074890 2.875563 -0.000011 -0.000029 -0.000001 
-6.843532 98.088371 -0.417827 1.183355 -0.388030 0.582177 -0.364863 0.361016 0.293962 -2.672402 0.187918 0.738221 -2.666318 0.164850 0.749453 1.851550 -0.865622 -2.938350 -1.551894 8.309889 1.793414 11.207919 -0.240307 -4.100877 -23.513024 5.439804 -68.405328 -30.527213 0.000004 0.000005 12.737646 8.285965 -12.329061 13.062914 -12.351583 4.208517 13.455065 8.766241 4.512743 2.280976 -0.363278 2.875002 1.670551 0.108623 -23.221383 3.469467 0.933021 -30.096788 1.515034 0.168014 -12.655407 2.666671 0.486278 -29.056697 2.264839 0.381372 -19.115087 1.697291 0.211526 -14.207522 2.060566 -0.047189 -34.366715 1.719919 0.217301 -14.400853 1.288207 0.121056 -10.736364 6.538299 3.620851 -43.961071 -1.990572 0.316345 -17.896460 0.925230 0.062168 -7.689666 1.107590 0.720457 -4.518110 25.355508 -0.916245 74.271532 27.194415 0.000012 0.000023 -14.432364 -0.544582 0.242417 -22.222488 3.815583 -8.130172 0.229682 7.323752 -0.642078 0.170089 -1.649409 -3.025521 -4.438005 0.717569 10.537456 -4.158572 1.372443 36.516158 -0.984731 0.069782 8.107070 -6.609353 2.078818 21.157600 -2.975643 0.665584 25.211932 -0.751809 -2.030428 4.770772 -4.451975 1.485335 29.730427 -2.078804 0.316592 17.316630 -1.272802 -2.229797 7.871136 -6.759136 3.542859 39.872411 -1.908223 0.265774 15.856994 -0.799945 0.045965 6.578294 6.089337 -9.874063 4.646942 9.643732 17.414585 4.698097 -1.022247 -6.545435 -7.866303 0.000009 -0.275431 0.000001 -11.264354 -12.897466 -1.210904 -6.675806 22.060936 -3.067899 -6.121366 -8.661649 2.979331 0.000002 -0.000033 0.000004 
-6.591896 98.162872 -0.413099 1.214156 -0.289685 0.509526 -0.359413 0.308480 0.283686 -2.624840 0.120161 0.698280 -2.619334 0.098563 0.707538 1.912324 -1.106558 -2.967092 -1.462851 8.191615 1.765526 11.640709 -0.286120 -3.938586 -23.395150 5.692518 -68.488581 -30.764050 -0.000004 -0.000011 12.556926 8.436234 -12.316630 13.116173 -12.338795 4.214001 13.387795 8.637148 4.451289 2.192232 -0.405296 2.868089 1.642479 0.097451 -23.184804 3.438041 0.914944 -29.796953 1.478563 0.159913 -12.345973 2.637472 0.470482 -29.033833 2.230248 0.369494 -18.812219 1.697847 0.211665 -14.212180 2.030585 -0.067344 -34.363932 1.696440 0.211300 -14.200275 1.288430 0.121095 -10.738265 6.490643 3.557554 -43.662790 -2.025943 0.305010 -17.588960 0.925210 0.062175 -7.689405 0.544390 0.600600 -4.865563 25.390738 -0.826135 74.840015 27.208757 -0.000032 0.000048 -14.379193 -0.479996 0.202248 -22.411019 4.049197 -8.292416 0.429542 6.967860 -0.521910 0.357902 -1.733270 -3.006551 -4.454794 0.732298 10.740822 -4.107654 1.335131 35.999465 -0.970916 0.067828 7.992579 -6.595308 2.064595 21.051306 -2.934138 0.646194 24.836612 -0.740436 -2.007357 4.710892 -4.428539 1.467227 29.521030 -2.044060 0.305838 17.018468 -1.269034 -2.203736 7.870021 -6.735285 3.499979 39.530563 -1.878589 0.257422 15.604551 -0.805090 0.046566 6.620767 5.872432 -9.787151 4.552754 9.759705 17.102474 4.645899 -0.965996 -6.432269 -7.685744 -0.000017 -0.297457 0.000000 -11.231630 -12.706808 -1.279992 -6.853566 21.460128 -3.096761 -5.968497 -8.307530 3.100572 0.000007 -0.000005 0.000004 
-6.340646 98.210159 -0.392868 1.259408 -0.212440 0.441908 -0.357901 0.255740 0.270727 -2.591410 0.049485 0.652511 -2.586364 0.029383 0.659763 1.969594 -1.331568 -2.985947 -1.369153 8.111557 1.727794 11.938388 -0.342848 -3.653647 -23.094437 5.912842 -68.685359 -30.984648 0.000002 -0.000013 12.413104 8.688972 -12.255092 13.193860 -12.322154 4.226014 13.290256 8.449046 4.362724 2.064349 -0.465475 2.857480 1.572599 0.071139 -23.038658 3.415439 0.902029 -29.581587 1.448264 0.153363 -12.089075 2.571478 0.435819 -28.929908 2.202571 0.360141 -18.570193 1.701617 0.212619 -14.244406 1.970892 -0.106213 -34.332154 1.676157 0.206211 -14.027031 1.290127 0.121409 -10.752648 6.418500 3.471392 -43.358335 -2.059865 0.294364 -17.294401 0.925127 0.062167 -7.688775 -0.017691 0.477595 -5.210263 25.504655 -0.698825 75.376895 27.223348 0.000000 0.000020 -14.328116 -0.469327 0.190114 -22.602004 4.297098 -8.437445 0.628536 6.610732 -0.404389 0.546162 -1.817532 -2.988051 -4.474170 0.744291 10.885421 -4.064311 1.303895 35.562107 -0.963850 0.066840 7.933974 -6.581072 2.043736 20.863796 -2.895973 0.628686 24.492370 -0.734444 -1.991461 4.681081 -4.406429 1.449220 29.277432 -2.009663 0.295410 16.723687 -1.266333 -2.186991 7.867559 -6.711906 3.455670 39.155323 -1.847517 0.248831 15.340016 -0.807734 0.046861 6.642683 5.590313 -9.767459 4.458927 9.904278 16.988169 4.636487 -0.877142 -6.425769 -7.530359 -0.000013 -0.310777 0.000003 -11.314411 -12.572892 -1.359365 -6.905237 21.035582 -3.092810 -5.845597 -8.052049 3.225210 0.000002 -0.000041 0.000002 
-6.090003 98.231102 -0.358780 1.315390 -0.146575 0.386858 -0.359721 0.201960 0.252453 -2.570064 -0.025120 0.598593 -2.565423 -0.043593 0.603760 2.019515 -1.526657 -2.982068 -1.264174 8.043006 1.690428 12.086967 -0.411558 -3.233667 -22.627650 6.094345 -69.015530 -31.156273 -0.000000 -0.000013 12.318546 8.979154 -12.140560 13.260733 -12.307960 4.236778 13.205503 8.284748 4.286511 1.951738 -0.518359 2.848065 1.483917 0.038612 -22.837637 3.399734 0.893150 -29.432405 1.422926 0.147980 -11.874510 2.492846 0.395244 -28.786215 2.180575 0.352777 -18.378244 1.707457 0.214114 -14.294344 1.906115 -0.147731 -34.286761 1.658762 0.201883 -13.878556 1.292772 0.121914 -10.774918 6.346075 3.386791 -43.063219 -2.091934 0.284467 -17.016498 0.924999 0.062145 -7.687702 -0.495444 0.370502 -5.490395 25.628057 -0.493261 75.819259 27.252820 -0.000012 0.000041 -14.278134 -0.527998 0.200541 -22.757637 4.517758 -8.523797 0.785556 6.326877 -0.313489 0.696436 -1.885273 -2.974288 -4.515744 0.760045 11.015689 -4.024747 1.275823 35.165096 -0.958756 0.066119 7.891808 -6.589083 2.032692 20.689010 -2.857389 0.611247 24.145351 -0.729591 -1.983456 4.654486 -4.404421 1.442965 29.049901 -1.972770 0.284442 16.407979 -1.264248 -2.179890 7.860817 -6.705753 3.427458 38.804880 -1.815644 0.240158 15.069303 -0.808451 0.046959 6.648495 5.311950 -9.825111 4.354421 9.998394 17.064871 4.645942 -0.741298 -6.519929 -7.389919 0.000002 -0.314295 -0.000001 -11.510067 -12.516042 -1.466358 -6.802129 20.803489 -3.026542 -5.772882 -7.901066 3.341793 0.000009 -0.000040 -0.000001 
-5.838639 98.234581 -0.314361 1.366597 -0.080900 0.340098 -0.362420 0.147514 0.228838 -2.554180 -0.102740 0.538021 -2.549931 -0.119426 0.541054 2.059273 -1.688578 -2.947051 -1.143057 7.964830 1.664882 12.109407 -0.488221 -2.705344 -22.047472 6.237490 -69.460217 -31.257179 0.000003 -0.000016 12.277796 9.247259 -11.981499 13.287336 -12.301373 4.239641 13.169550 8.214648 4.254954 1.900929 -0.542274 2.843927 1.400324 0.008781 -22.639818 3.388483 0.886823 -29.325479 1.401066 0.143412 -11.689663 2.425251 0.361108 -28.646179 2.162640 0.346846 -18.221859 1.714005 0.215784 -14.350286 1.858770 -0.177462 -34.243334 1.643757 0.198204 -13.750468 1.295722 0.122483 -10.799771 6.295029 3.324804 -42.792177 -2.121698 0.275426 -16.758962 0.924823 0.062121 -7.686141 -0.818029 0.297963 -5.652893 25.669799 -0.177415 76.119364 27.309366 -0.000000 0.000025 -14.228810 -0.640946 0.225621 -22.858505 4.684397 -8.537538 0.880288 6.154644 -0.259617 0.788586 -1.927485 -2.967530 -4.594120 0.785248 11.176090 -3.984830 1.247919 34.766291 -0.950676 0.065015 7.824863 -6.636847 2.044267 20.602724 -2.816490 0.593077 23.778607 -0.721842 -1.979150 4.607467 -4.438338 1.457806 28.875407 -1.933373 0.272967 16.071471 -1.262211 -2.177514 7.850248 -6.732148 3.429989 38.520802 -1.786170 0.232296 14.818934 -0.808580 0.046974 6.649737 5.106263 -9.944364 4.239341 9.993432 17.271375 4.650574 -0.565278 -6.683101 -7.252200 -0.000022 -0.310376 -0.000002 -11.757144 -12.519404 -1.598071 -6.606009 20.700338 -2.908890 -5.735300 -7.818820 3.448171 0.000006 -0.000046 0.000002 
-5.584153 98.232910 -0.263046 1.395349 -0.013030 0.287645 -0.362877 0.094328 0.202720 -2.535270 -0.179898 0.475906 -2.531387 -0.194760 0.476872 2.087840 -1.823009 -2.879887 -1.004939 7.868184 1.658336 12.056890 -0.565478 -2.128754 -21.428042 6.348329 -69.961996 -31.284589 -0.000018 -0.000029 12.285426 9.460662 -11.798238 13.261960 -12.304593 4.232083 13.196988 8.267541 4.280922 1.931740 -0.527916 2.846747 1.338475 -0.012745 -22.487676 3.379266 0.881635 -29.238121 1.381458 0.139398 -11.523642 2.383448 0.340552 -28.540891 2.147173 0.341790 -18.086959 1.720033 0.217323 -14.401871 1.840780 -0.187975 -34.212616 1.630590 0.194967 -13.638319 1.298405 0.122999 -10.822457 6.276061 3.295077 -42.555084 -2.148695 0.267354 -16.525518 0.924578 0.062085 -7.684165 -0.958065 0.268638 -5.676567 25.554441 0.251745 76.264834 27.394939 -0.000007 0.000010 -14.180503 -0.757607 0.254390 -22.909867 4.791809 -8.500982 0.920088 6.082123 -0.236913 0.827331 -1.946086 -2.966945 -4.708154 0.821490 11.389363 -3.942118 1.218517 34.341815 -0.936597 0.063090 7.708321 -6.727732 2.084124 20.655657 -2.772189 0.573736 23.382458 -0.708335 -1.976211 4.523046 -4.512773 1.496734 28.782414 -1.891459 0.261027 15.714032 -1.259361 -2.176888 7.833352 -6.797075 3.469754 38.336250 -1.760570 0.225579 14.601961 -0.808207 0.046925 6.646599 4.998026 -10.085137 4.124143 9.904196 17.519917 4.643065 -0.374358 -6.872756 -7.110848 -0.000008 -0.302091 0.000000 -11.978758 -12.534850 -1.733581 -6.413690 20.622091 -2.778876 -5.701979 -7.750091 3.551947 -0.000012 -0.000011 0.000002 
-5.324129 98.237297 -0.207175 1.392220 0.047553 0.215486 -0.358852 0.045321 0.178791 -2.506668 -0.251553 0.419003 -2.503074 -0.264737 0.418152 2.105943 -1.938277 -2.787229 -0.854450 7.758379 1.668905 11.990856 -0.636256 -1.578143 -20.843717 6.435102 -70.441483 -31.255714 -0.000018 -0.000036 12.326944 9.620455 -11.618567 13.193623 -12.316188 4.216322 13.277315 8.422709 4.355002 2.031719 -0.481174 2.855547 1.303536 -0.024720 -22.398649 3.370340 0.876649 -29.153535 1.363274 0.135706 -11.370199 2.369373 0.334148 -28.482142 2.132971 0.337149 -17.963423 1.724746 0.218546 -14.442104 1.850333 -0.180817 -34.197965 1.618881 0.192166 -13.538572 1.300483 0.123389 -10.839830 6.285841 3.293953 -42.355676 -2.172509 0.260337 -16.319875 0.924311 0.062052 -7.681941 -0.949391 0.274816 -5.585064 25.257256 0.756545 76.288691 27.496016 0.000003 0.000003 -14.134887 -0.804090 0.275318 -22.935085 4.853444 -8.460595 0.932971 6.058896 -0.227778 0.836390 -1.951319 -2.969373 -4.836765 0.863811 11.636970 -3.897969 1.188596 33.905250 -0.917536 0.060544 7.550537 -6.845573 2.147041 20.850356 -2.724780 0.553453 22.959689 -0.689292 -1.976873 4.401617 -4.615526 1.553642 28.782205 -1.846665 0.248579 15.332868 -1.255282 -2.179797 7.805703 -6.890976 3.540455 38.268157 -1.738356 0.219830 14.413782 -0.805801 0.046649 6.626697 4.957144 -10.200404 4.020902 9.791409 17.738157 4.634082 -0.192938 -7.055254 -6.967710 -0.000003 -0.292696 0.000003 -12.125169 -12.501842 -1.848905 -6.291435 20.468593 -2.675302 -5.655813 -7.643121 3.663854 0.000002 -0.000019 0.000005 
-5.057434 98.255913 -0.148586 1.359330 0.086195 0.119506 -0.350065 0.003109 0.161303 -2.466294 -0.313133 0.372831 -2.462828 -0.324955 0.370579 2.115183 -2.038517 -2.680400 -0.701418 7.652218 1.685116 11.962316 -0.696511 -1.115869 -20.347846 6.506149 -70.824506 -31.201250 0.000012 -0.000006 12.382855 9.753908 -11.467906 13.105641 -12.332132 4.197806 13.382311 8.624655 4.451829 2.165289 -0.418608 2.867445 1.288897 -0.029736 -22.363945 3.361075 0.871497 -29.065921 1.346710 0.132390 -11.230080 2.373170 0.336626 -28.462278 2.119752 0.332874 -17.848321 1.727877 0.219357 -14.468924 1.874341 -0.164541 -34.195748 1.608517 0.189663 -13.450347 1.301811 0.123644 -10.851083 6.310048 3.307832 -42.192732 -2.192724 0.254451 -16.145647 0.924037 0.062015 -7.679678 -0.880539 0.294878 -5.442800 24.818952 1.265223 76.263427 27.584921 -0.000019 0.000026 -14.095904 -0.710519 0.280347 -22.960041 4.890820 -8.460654 0.950753 6.027390 -0.212992 0.843832 -1.955392 -2.971161 -4.944532 0.900761 11.855477 -3.858123 1.162013 33.512999 -0.899058 0.058125 7.397548 -6.956890 2.214332 21.114095 -2.677992 0.533840 22.543977 -0.669343 -1.984575 4.271034 -4.718480 1.612723 28.850145 -1.800844 0.236192 14.943508 -1.250521 -2.189608 7.768435 -6.988732 3.620904 38.294063 -1.718022 0.214628 14.241493 -0.800169 0.045986 6.580162 4.927444 -10.241513 3.934418 9.711076 17.863281 4.631823 -0.026865 -7.200239 -6.825528 0.000013 -0.285851 0.000002 -12.186938 -12.372349 -1.933358 -6.249247 20.175122 -2.614895 -5.600996 -7.465428 3.790120 -0.000001 -0.000001 0.000001 
-4.784227 98.293030 -0.089609 1.306552 0.092981 0.007366 -0.338168 -0.031153 0.152646 -2.417071 -0.362449 0.339238 -2.413524 -0.373311 0.336090 2.116685 -2.120164 -2.570322 -0.558545 7.572286 1.690569 11.995483 -0.745776 -0.770561 -19.958846 6.569267 -71.070106 -31.154624 -0.000009 -0.000036 12.433348 9.896431 -11.359612 13.024145 -12.347785 4.182263 13.479444 8.810620 4.541648 2.291179 -0.359407 2.878529 1.278875 -0.033547 -22.352399 3.352554 0.866775 -28.985205 1.332831 0.129650 -11.112977 2.377678 0.339127 -28.457580 2.108359 0.329225 -17.749263 1.729933 0.219878 -14.486555 1.894582 -0.151032 -34.197237 1.599923 0.187631 -13.377059 1.302638 0.123794 -10.858140 6.330447 3.319665 -42.062938 -2.208861 0.249790 -16.006492 0.923800 0.061981 -7.677528 -0.862570 0.303025 -5.331923 24.328975 1.697242 76.278207 27.628902 -0.000013 0.000026 -14.069769 -0.443890 0.268020 -22.997882 4.921559 -8.517506 0.990884 5.955643 -0.182773 0.866648 -1.965721 -2.970195 -4.995246 0.918335 11.956845 -3.831144 1.144258 33.248504 -0.889600 0.056888 7.319390 -7.021034 2.256100 21.293519 -2.640739 0.518482 22.213633 -0.657037 -1.997637 4.186805 -4.785508 1.651947 28.912727 -1.761260 0.225763 14.607814 -1.247104 -2.204527 7.735062 -7.056634 3.678534 38.333460 -1.702224 0.210644 14.107891 -0.792712 0.045124 6.518669 4.861892 -10.177208 3.860421 9.680456 17.856881 4.629109 0.139311 -7.286825 -6.681654 0.000006 -0.281903 0.000001 -12.184422 -12.123640 -1.992956 -6.258146 19.713536 -2.591126 -5.550085 -7.203210 3.929330 0.000009 -0.000001 0.000004 
-4.505437 98.346626 -0.033250 1.244854 0.068225 -0.106892 -0.325754 -0.058153 0.152207 -2.365010 -0.400333 0.315616 -2.361157 -0.410586 0.312043 2.110027 -2.173518 -2.462811 -0.437853 7.540819 1.672941 12.082060 -0.786169 -0.528040 -19.658785 6.631283 -71.184744 -31.140806 -0.000012 -0.000034 12.462837 10.073212 -11.289025 12.967591 -12.359366 4.173291 13.544820 8.935330 4.602137 2.378828 -0.317870 2.885677 1.253136 -0.043122 -22.319426 3.347538 0.864002 -28.937903 1.323811 0.127890 -11.036883 2.364079 0.332273 -28.435198 2.100984 0.326885 -17.685113 1.732077 0.220423 -14.504971 1.894735 -0.150611 -34.190937 1.594028 0.186235 -13.326893 1.303517 0.123970 -10.865499 6.332512 3.316238 -41.962671 -2.220512 0.246475 -15.906102 0.923516 0.061944 -7.675393 -0.983454 0.279815 -5.318990 23.884738 1.994989 76.405146 27.604348 -0.000012 0.000022 -14.062461 -0.029322 0.243842 -23.041616 4.950921 -8.608228 1.046988 5.854804 -0.142395 0.902601 -1.981448 -2.966824 -4.967097 0.906400 11.866456 -3.825088 1.140299 33.189344 -0.897097 0.057853 7.381410 -7.004718 2.240511 21.192390 -2.626120 0.512521 22.084300 -0.662213 -2.004816 4.216252 -4.785019 1.649978 28.858632 -1.741518 0.220641 14.440511 -1.247795 -2.212985 7.732218 -7.064109 3.678693 38.256996 -1.691219 0.207879 14.014951 -0.788399 0.044654 6.482934 4.739897 -10.007977 3.790217 9.683224 17.719493 4.607816 0.328145 -7.311252 -6.528694 0.000011 -0.277894 -0.000001 -12.150188 -11.771846 -2.043815 -6.283055 19.107161 -2.589236 -5.506897 -6.867350 4.076990 -0.000008 -0.000045 0.000003 
-4.221634 98.408119 0.017474 1.180538 0.021037 -0.211867 -0.315027 -0.079831 0.156733 -2.316149 -0.429702 0.296139 -2.311815 -0.439561 0.292495 2.093158 -2.187987 -2.356749 -0.347320 7.575099 1.632761 12.188165 -0.821349 -0.340667 -19.405315 6.696375 -71.215282 -31.169691 0.000015 0.000002 12.462755 10.289484 -11.235750 12.942313 -12.365251 4.171197 13.569795 8.983026 4.624803 2.416351 -0.299521 2.887730 1.193085 -0.064748 -22.220506 3.349840 0.865286 -28.959654 1.322256 0.127592 -11.023658 2.318231 0.309117 -28.362531 2.100519 0.326737 -17.681116 1.735821 0.221399 -14.536932 1.866139 -0.168570 -34.165556 1.592164 0.185777 -13.310985 1.305114 0.124276 -10.878931 6.311127 3.292879 -41.888854 -2.227249 0.244564 -15.848095 0.923258 0.061906 -7.673131 -1.270744 0.218496 -5.427075 23.548185 2.146050 76.670287 27.508843 -0.000003 0.000037 -14.075973 0.451438 0.216696 -23.068472 4.971029 -8.681666 1.092729 5.772484 -0.109776 0.932920 -1.994584 -2.963345 -4.862657 0.864559 11.559914 -3.843785 1.152584 33.372376 -0.925054 0.061532 7.612711 -6.894445 2.148843 20.649545 -2.647188 0.521142 22.270802 -0.691455 -1.987347 4.410305 -4.702009 1.595497 28.580262 -1.757631 0.224793 14.577120 -1.254907 -2.195598 7.790260 -6.994895 3.598940 37.933972 -1.684921 0.206320 13.961678 -0.794129 0.045294 6.530267 4.565784 -9.772799 3.717062 9.697366 17.505853 4.556963 0.551500 -7.296636 -6.360947 -0.000003 -0.269554 0.000001 -12.115115 -11.364493 -2.102009 -6.298083 18.422868 -2.594826 -5.463911 -6.489281 4.228653 0.000002 -0.000043 0.000001 
-3.932228 98.466026 0.060362 1.112949 -0.036691 -0.305401 -0.306940 -0.098231 0.161660 -2.274084 -0.453807 0.274449 -2.269184 -0.463286 0.270941 2.064333 -2.161229 -2.246499 -0.287612 7.678480 1.585859 12.271199 -0.855236 -0.150585 -19.152238 6.764295 -71.225452 -31.235480 -0.000001 -0.000028 12.433078 10.531786 -11.173816 12.944093 -12.365543 4.173873 13.559854 8.964502 4.614428 2.409042 -0.302060 2.885288 1.088675 -0.101108 -22.027483 3.362210 0.872136 -29.076621 1.329685 0.129050 -11.086320 2.235540 0.268075 -28.218539 2.108971 0.329427 -17.754658 1.742299 0.223082 -14.592325 1.810678 -0.203032 -34.112762 1.595151 0.186480 -13.336411 1.307928 0.124809 -10.902797 6.271796 3.254384 -41.833823 -2.229188 0.244017 -15.831257 0.922930 0.061859 -7.670366 -1.681228 0.126712 -5.627404 23.323161 2.186264 77.043858 27.365295 -0.000012 0.000005 -14.104852 0.887681 0.194080 -23.052607 4.966418 -8.684859 1.096354 5.766337 -0.105635 0.933662 -1.994655 -2.962879 -4.708747 0.803050 11.079422 -3.884110 1.179286 33.768527 -0.970510 0.067782 7.989154 -6.702678 1.987518 19.624382 -2.709525 0.547005 22.824052 -0.744127 -1.928045 4.776137 -4.544863 1.494131 28.029029 -1.819441 0.241169 15.101359 -1.268859 -2.134740 7.927484 -6.853547 3.441511 37.298570 -1.684107 0.206114 13.954738 -0.815307 0.047764 6.705245 4.360177 -9.533360 3.640057 9.715861 17.305932 4.483939 0.801349 -7.285122 -6.179334 -0.000005 -0.253369 -0.000003 -12.099808 -10.961441 -2.175372 -6.287213 17.749193 -2.597947 -5.410732 -6.110569 4.382539 0.000004 -0.000036 -0.000001 
-3.635590 98.512123 0.094189 1.036835 -0.095644 -0.394580 -0.301157 -0.114509 0.163303 -2.239199 -0.474646 0.246401 -2.233746 -0.483622 0.243133 2.024132 -2.103482 -2.126824 -0.251920 7.837319 1.557733 12.299476 -0.890307 0.083432 -18.869576 6.830504 -71.265634 -31.321403 0.000006 0.000003 12.381835 10.778270 -11.084471 12.963747 -12.361598 4.178391 13.528246 8.904810 4.583572 2.371659 -0.318852 2.880446 0.944142 -0.149680 -21.741776 3.384580 0.884632 -29.288558 1.345396 0.132132 -11.219077 2.123838 0.213912 -28.002662 2.126032 0.334901 -17.902973 1.751734 0.225545 -14.673172 1.740217 -0.245852 -34.030246 1.602654 0.188278 -13.400277 1.312123 0.125636 -10.938035 6.228010 3.212258 -41.783870 -2.227367 0.244520 -15.847195 0.922519 0.061809 -7.666869 -2.123194 0.024135 -5.854992 23.164450 2.183260 77.455219 27.214911 0.000010 0.000009 -14.135790 1.181934 0.178674 -22.980259 4.922688 -8.592158 1.038003 5.872497 -0.142998 0.889241 -1.974942 -2.967149 -4.546308 0.737453 10.518353 -3.936656 1.214798 34.287632 -1.024897 0.075622 8.440050 -6.466829 1.788551 18.246741 -2.805637 0.588295 23.681403 -0.811081 -1.823985 5.264533 -4.345472 1.368541 27.258402 -1.922057 0.269720 15.975012 -1.287391 -2.027512 8.135876 -6.666644 3.237028 36.404929 -1.707297 0.211911 14.150853 -0.852040 0.052181 7.008752 4.149957 -9.341590 3.562746 9.747217 17.194301 4.409332 1.054956 -7.313323 -5.990239 0.000012 -0.227484 -0.000003 -12.112302 -10.602120 -2.262338 -6.244307 17.144331 -2.590113 -5.339033 -5.758249 4.536225 0.000002 -0.000032 0.000000 
-3.329799 98.545746 0.118217 0.946964 -0.149730 -0.488380 -0.296660 -0.128559 0.159907 -2.209602 -0.492391 0.211590 -2.203691 -0.500687 0.208623 1.974214 -2.026589 -1.996629 -0.232704 8.040780 1.573719 12.266076 -0.926254 0.368208 -18.555100 6.887965 -71.352896 -31.407078 0.000002 -0.000024 12.323283 11.010509 -10.965758 12.992416 -12.354946 4.182273 13.488591 8.829637 4.545546 2.319884 -0.342940 2.875462 0.779423 -0.202636 -21.398199 3.414720 0.901624 -29.574869 1.367710 0.136617 -11.407452 2.002109 0.156694 -27.738710 2.149952 0.342695 -18.111310 1.763186 0.228556 -14.771126 1.672127 -0.285511 -33.924054 1.613923 0.190960 -13.496280 1.317189 0.126612 -10.980898 6.195794 3.180776 -41.735748 -2.222011 0.246045 -15.893235 0.922009 0.061738 -7.662642 -2.498480 -0.064910 -6.039032 23.009172 2.206828 77.824091 27.101352 -0.000002 0.000019 -14.151218 1.287464 0.167626 -22.859347 4.835170 -8.420840 0.921240 6.083728 -0.219927 0.801766 -1.936291 -2.975846 -4.414796 0.681693 9.981338 -3.990929 1.252135 34.827039 -1.077574 0.083648 8.877089 -6.241553 1.597854 16.802028 -2.916418 0.638037 24.676662 -0.878153 -1.693875 5.781713 -4.152545 1.250616 26.432156 -2.045280 0.306237 17.028912 -1.306475 -1.893419 8.377266 -6.479327 3.036430 35.444662 -1.749731 0.222763 14.510158 -0.897431 0.057907 7.384017 3.957905 -9.214333 3.486683 9.802096 17.183938 4.351878 1.289904 -7.387866 -5.799536 -0.000000 -0.192369 -0.000000 -12.152016 -10.293180 -2.358524 -6.173956 16.610957 -2.562584 -5.238518 -5.433267 4.684385 -0.000001 -0.000005 -0.000002 
-3.013562 98.572014 0.131854 0.840343 -0.194570 -0.591566 -0.292489 -0.139270 0.152166 -2.182872 -0.505706 0.172968 -2.176630 -0.513187 0.170384 1.918153 -1.943329 -1.860963 -0.223158 8.274631 1.644937 12.190636 -0.960334 0.674807 -18.232541 6.929101 -71.467575 -31.474895 0.000004 -0.000028 12.274311 11.219634 -10.833892 13.024750 -12.346762 4.184497 13.450084 8.756104 4.509643 2.264628 -0.369452 2.872001 0.625880 -0.249438 -21.055953 3.448209 0.920767 -29.893918 1.393538 0.141863 -11.625890 1.894979 0.108432 -27.469976 2.177460 0.351752 -18.350997 1.774703 0.231611 -14.869822 1.622693 -0.312005 -33.809132 1.627536 0.194249 -13.612284 1.322303 0.127598 -11.024060 6.186047 3.170059 -41.696403 -2.213385 0.248510 -15.967497 0.921479 0.061665 -7.658165 -2.742403 -0.122005 -6.132022 22.810101 2.298242 78.092442 27.053667 -0.000010 0.000038 -14.135325 1.222871 0.155274 -22.718908 4.715201 -8.225291 0.774196 6.347954 -0.318261 0.691956 -1.887626 -2.986533 -4.338713 0.643083 9.541433 -4.038640 1.285646 35.304237 -1.119955 0.090377 9.229232 -6.082503 1.457257 15.631346 -3.016437 0.684971 25.582018 -0.932518 -1.574297 6.221647 -4.017227 1.169539 25.768402 -2.158311 0.341883 18.000911 -1.322364 -1.770796 8.594104 -6.343383 2.892261 34.681020 -1.797134 0.235221 14.912050 -0.939310 0.063465 7.730779 3.792311 -9.141282 3.408995 9.882294 17.241595 4.319830 1.501041 -7.492095 -5.610043 -0.000003 -0.151336 0.000001 -12.216570 -10.015357 -2.458552 -6.069570 16.100745 -2.507398 -5.123900 -5.109436 4.822387 0.000000 -0.000022 0.000000 
-2.686271 98.595779 0.134961 0.714379 -0.228791 -0.704431 -0.288098 -0.145054 0.142334 -2.157448 -0.512415 0.134983 -2.151001 -0.519059 0.132905 1.860236 -1.863734 -1.728964 -0.219134 8.521191 1.762105 12.108634 -0.989108 0.953404 -17.940182 6.946925 -71.567460 -31.513311 -0.000007 -0.000018 12.250111 11.404467 -10.715762 13.059211 -12.337689 4.185219 13.416016 8.690452 4.479444 2.210669 -0.396145 2.870743 0.516636 -0.280365 -20.779230 3.479888 0.939080 -30.196536 1.419465 0.147255 -11.845276 1.824577 0.078646 -27.246914 2.204599 0.360828 -18.588006 1.784092 0.234098 -14.950347 1.600525 -0.321051 -33.707185 1.641801 0.197730 -13.733897 1.326466 0.128416 -11.059138 6.199080 3.181242 -41.685420 -2.201727 0.251849 -16.067971 0.920974 0.061607 -7.654081 -2.842719 -0.142364 -6.124319 22.554536 2.453092 78.241818 27.074981 0.000002 0.000000 -14.080087 1.057348 0.136924 -22.599516 4.590935 -8.073186 0.640566 6.586605 -0.408445 0.591838 -1.843022 -2.995727 -4.322180 0.621986 9.218675 -4.076237 1.312419 35.682121 -1.148433 0.095098 9.465952 -6.027260 1.392206 15.000781 -3.083462 0.717472 26.192404 -0.967345 -1.504671 6.504229 -3.976193 1.143208 25.452739 -2.231784 0.366208 18.635509 -1.333185 -1.701358 8.731124 -6.299673 2.841443 34.343205 -1.833573 0.244997 15.221573 -0.965014 0.067001 7.943595 3.644210 -9.100625 3.326679 9.977005 17.323578 4.307272 1.707147 -7.603983 -5.420831 0.000000 -0.110083 -0.000001 -12.302393 -9.750122 -2.558390 -5.934641 15.572075 -2.427715 -4.998641 -4.765128 4.949992 0.000002 -0.000059 0.000002 
-2.347512 98.617630 0.127681 0.564948 -0.256364 -0.825164 -0.283202 -0.144238 0.132854 -2.132982 -0.509988 0.101268 -2.126434 -0.515859 0.099851 1.803725 -1.793222 -1.609391 -0.219545 8.761082 1.900239 12.053603 -1.010044 1.155916 -17.717654 6.936021 -71.610872 -31.516709 -0.000004 -0.000023 12.260844 11.563352 -10.636898 13.096115 -12.328009 4.185165 13.385499 8.630936 4.454128 2.158482 -0.422608 2.871345 0.474805 -0.289725 -20.615789 3.505616 0.954124 -30.443007 1.442724 0.152182 -12.042193 1.802297 0.071274 -27.111509 2.228252 0.368797 -18.794715 1.789641 0.235584 -14.997886 1.602951 -0.315793 -33.641127 1.655305 0.201040 -13.849016 1.328871 0.128893 -11.079523 6.223682 3.205741 -41.731967 -2.187262 0.256030 -16.192668 0.920614 0.061541 -7.651066 -2.831423 -0.134477 -6.039118 22.262641 2.625979 78.291754 27.142308 -0.000006 -0.000009 -13.988980 0.874757 0.111281 -22.539081 4.500572 -8.016396 0.563566 6.723554 -0.460361 0.533123 -1.816606 -3.000459 -4.353690 0.614189 8.989495 -4.104721 1.332994 35.969822 -1.164195 0.097711 9.597219 -6.082465 1.407586 14.999630 -3.107123 0.729149 26.408648 -0.982314 -1.508691 6.600913 -4.038944 1.175616 25.560098 -2.250215 0.372451 18.795050 -1.338704 -1.710413 8.757780 -6.361680 2.895744 34.526890 -1.847122 0.248713 15.336712 -0.966676 0.067219 7.957450 3.494779 -9.083388 3.240681 10.055994 17.427545 4.297691 1.953472 -7.721955 -5.229935 0.000001 -0.074894 0.000000 -12.403595 -9.491262 -2.654410 -5.776989 15.017132 -2.338394 -4.859844 -4.395686 5.074177 -0.000010 -0.000039 0.000005 
-1.996610 98.633781 0.109769 0.388101 -0.285462 -0.949987 -0.277320 -0.135180 0.125172 -2.109766 -0.495630 0.073054 -2.103217 -0.500851 0.072472 1.749723 -1.733577 -1.506562 -0.225240 8.976333 2.032238 12.040542 -1.021787 1.255187 -17.598233 6.893503 -71.575731 -31.483088 -0.000010 -0.000020 12.309725 11.685877 -10.611138 13.135034 -12.318108 4.185319 13.356356 8.573728 4.431020 2.107804 -0.448552 2.872714 0.504400 -0.277422 -20.581677 3.523553 0.964690 -30.615278 1.462072 0.156329 -12.206029 1.824706 0.083446 -27.083698 2.246921 0.375210 -18.958153 1.790643 0.235861 -15.006566 1.617711 -0.305339 -33.627576 1.667340 0.204009 -13.951706 1.329243 0.128957 -11.082569 6.242377 3.229266 -41.863862 -2.170229 0.260995 -16.339633 0.920443 0.061526 -7.649558 -2.757700 -0.112402 -5.913611 21.970780 2.753836 78.280935 27.217030 -0.000002 0.000009 -13.876596 0.734659 0.081409 -22.560200 4.479432 -8.070330 0.569827 6.712659 -0.455005 0.535689 -1.817429 -2.999435 -4.416542 0.614526 8.818154 -4.127582 1.349665 36.201334 -1.171041 0.098873 9.654081 -6.224332 1.489407 15.516516 -3.092559 0.721961 26.275529 -0.981215 -1.582095 6.537797 -4.185938 1.257762 26.023815 -2.218661 0.361792 18.521989 -1.339355 -1.793788 8.680396 -6.510473 3.040295 35.152583 -1.836779 0.245889 15.248841 -0.944913 0.064209 7.777133 3.330615 -9.090739 3.152032 10.047978 17.581672 4.261206 2.318407 -7.858305 -5.033580 -0.000007 -0.051420 0.000004 -12.515838 -9.248693 -2.747588 -5.593694 14.467445 -2.255542 -4.701339 -4.016421 5.206213 -0.000006 -0.000041 -0.000004 
-1.633121 98.639153 0.080223 0.183580 -0.324723 -1.072057 -0.269410 -0.116285 0.118550 -2.087911 -0.466375 0.048898 -2.081459 -0.471038 0.049334 1.697040 -1.685360 -1.418744 -0.237761 9.153545 2.143449 12.058492 -1.023550 1.252966 -17.608952 6.819421 -71.466441 -31.411562 -0.000014 -0.000036 12.393460 11.749782 -10.636555 13.172755 -12.308926 4.186241 13.328205 8.518395 4.408786 2.060971 -0.472409 2.873565 0.588048 -0.249198 -20.658168 3.534600 0.971253 -30.721535 1.478009 0.159791 -12.341154 1.875204 0.107120 -27.154575 2.261212 0.380124 -19.083164 1.787647 0.235061 -14.980862 1.629373 -0.299961 -33.669168 1.678063 0.206687 -14.043349 1.327775 0.128666 -11.070206 6.240617 3.239103 -42.092352 -2.150857 0.266727 -16.506865 0.920420 0.061524 -7.649411 -2.657844 -0.086618 -5.777578 21.711990 2.785063 78.243847 27.261327 -0.000002 0.000027 -13.764238 0.649619 0.052951 -22.662429 4.545627 -8.210291 0.659234 6.554022 -0.392742 0.600543 -1.846353 -2.993451 -4.497540 0.619774 8.686708 -4.148069 1.364685 36.409259 -1.172348 0.099116 9.665005 -6.411021 1.609295 16.298551 -3.057830 0.704930 25.958528 -0.969467 -1.693936 6.377972 -4.377729 1.369778 26.666771 -2.160687 0.342648 18.021466 -1.335798 -1.918566 8.538670 -6.704315 3.237649 36.000636 -1.813184 0.239507 15.048356 -0.908620 0.059357 7.476700 3.154440 -9.128582 3.060063 10.034735 17.810693 4.219634 2.717308 -8.028957 -4.832530 -0.000006 -0.043062 0.000001 -12.641457 -9.047566 -2.845082 -5.385894 13.985048 -2.191256 -4.517062 -3.657948 5.355496 0.000007 -0.000023 0.000002 
-1.257497 98.629791 0.037787 -0.043596 -0.380301 -1.184054 -0.257902 -0.086100 0.110303 -2.066905 -0.419435 0.025549 -2.060684 -0.423537 0.027194 1.642897 -1.649707 -1.339404 -0.259162 9.285950 2.239307 12.074438 -1.014946 1.174711 -17.774739 6.715798 -71.307947 -31.301224 -0.000020 -0.000024 12.504779 11.725691 -10.699501 13.202566 -12.302293 4.188372 13.304163 8.471331 4.389031 2.024614 -0.490474 2.872975 0.693163 -0.214891 -20.800175 3.541910 0.975580 -30.791808 1.492531 0.162991 -12.464374 1.931342 0.132152 -27.288487 2.273357 0.384324 -19.189765 1.782166 0.233599 -14.933765 1.627622 -0.305558 -33.750506 1.688434 0.209301 -14.131737 1.325169 0.128167 -11.048248 6.215806 3.231546 -42.399680 -2.129391 0.273113 -16.692362 0.920499 0.061536 -7.650128 -2.537108 -0.058762 -5.639475 21.503765 2.700434 78.192074 27.253860 0.000015 0.000020 -13.673223 0.587499 0.032010 -22.821573 4.691342 -8.383772 0.805035 6.293642 -0.292980 0.709563 -1.895533 -2.984857 -4.588664 0.629277 8.603667 -4.167758 1.379268 36.609800 -1.169745 0.098665 9.643319 -6.598270 1.732142 17.057241 -3.026439 0.689745 25.672909 -0.952859 -1.799973 6.194713 -4.569143 1.485222 27.275223 -2.108721 0.325974 17.573734 -1.329434 -2.037144 8.388987 -6.895575 3.438011 36.802784 -1.792808 0.234052 14.875384 -0.871421 0.054585 7.169014 2.985230 -9.203015 2.956004 10.032059 18.132419 4.185824 3.113276 -8.243101 -4.629095 -0.000004 -0.049787 -0.000001 -12.786912 -8.924160 -2.946545 -5.254346 13.640754 -2.173183 -4.305462 -3.346996 5.521858 0.000009 -0.114242 0.000003 
-0.870122 98.605164 -0.017062 -0.284544 -0.454523 -1.283462 -0.241149 -0.043657 0.097935 -2.045906 -0.352910 -0.000710 -2.040083 -0.356356 0.002337 1.583895 -1.628162 -1.260117 -0.292643 9.372820 2.341722 12.046876 -0.996265 1.056977 -18.120181 6.585227 -71.131550 -31.152073 0.000014 -0.000010 12.634889 11.587800 -10.782147 13.215558 -12.300508 4.191776 13.290642 8.445115 4.377059 2.008898 -0.497646 2.870661 0.784098 -0.185767 -20.952510 3.549798 0.980288 -30.867834 1.508361 0.166512 -12.598756 1.974157 0.150274 -27.433877 2.286592 0.388962 -19.305748 1.776202 0.232000 -14.882712 1.613395 -0.319927 -33.840630 1.699711 0.212136 -14.228134 1.322343 0.127609 -11.024441 6.181011 3.215530 -42.737955 -2.106064 0.280159 -16.894249 0.920605 0.061545 -7.650859 -2.369988 -0.022062 -5.484812 21.348489 2.518299 78.109442 27.198249 -0.000007 -0.000021 -13.618490 0.495624 0.022805 -22.996747 4.883197 -8.532037 0.964203 6.007264 -0.186066 0.831783 -1.951251 -2.976641 -4.682073 0.643139 8.587236 -4.186974 1.393574 36.805922 -1.163595 0.097631 9.592192 -6.749625 1.825769 17.566891 -3.018635 0.685979 25.601885 -0.936820 -1.861006 6.049597 -4.721268 1.577531 27.677497 -2.091131 0.320427 17.422551 -1.322585 -2.106880 8.283467 -7.045006 3.593439 37.342502 -1.799105 0.235727 14.928773 -0.846279 0.051465 6.961187 2.848674 -9.311850 2.830335 10.037491 18.540074 4.172832 3.481340 -8.497276 -4.426583 -0.000000 -0.066540 0.000000 -12.948790 -8.874239 -3.068691 -5.107341 13.438358 -2.170769 -4.073291 -3.092429 5.705900 0.000026 -0.238326 -0.000003 
-0.472512 98.566292 -0.082185 -0.529329 -0.545894 -1.373073 -0.218015 0.011090 0.079328 -2.024472 -0.266645 -0.032932 -2.019235 -0.269215 -0.028283 1.517000 -1.620941 -1.173489 -0.342725 9.417065 2.476733 11.942087 -0.968833 0.933883 -18.664569 6.429602 -70.962817 -30.967292 0.000004 -0.000010 12.774511 11.324934 -10.869871 13.203547 -12.305544 4.196025 13.295196 8.454392 4.379728 2.024169 -0.488919 2.867415 0.835514 -0.169969 -21.066569 3.562515 0.987917 -30.990505 1.528116 0.170942 -12.766449 1.995657 0.158636 -27.538590 2.303992 0.395092 -19.458603 1.771725 0.230816 -14.844346 1.599301 -0.332710 -33.902218 1.713193 0.215579 -14.343597 1.320218 0.127192 -11.006406 6.160743 3.210778 -43.042524 -2.081059 0.287820 -17.110595 0.920603 0.061546 -7.650964 -2.116138 0.034201 -5.286698 21.243316 2.284301 77.960353 27.121597 -0.000012 0.000024 -13.604688 0.331673 0.026645 -23.143538 5.072764 -8.612180 1.093181 5.773606 -0.101070 0.934264 -1.998578 -2.971183 -4.763785 0.659559 8.638421 -4.206148 1.407964 37.002188 -1.154764 0.096139 9.518667 -6.839431 1.869025 17.718081 -3.044657 0.698533 25.838679 -0.925723 -1.857524 5.980859 -4.807436 1.627177 27.794507 -2.122170 0.330248 17.689507 -1.317547 -2.105933 8.253163 -7.127582 3.671733 37.520756 -1.822625 0.242060 15.128539 -0.840824 0.050796 6.915984 2.767528 -9.452820 2.679588 10.047920 19.020839 4.192504 3.801434 -8.785109 -4.228678 -0.000004 -0.084446 0.000000 -13.111458 -8.888404 -3.211067 -4.954101 13.366217 -2.179109 -3.831814 -2.891795 5.905452 0.000012 -0.293453 0.000001 
-0.066674 98.514938 -0.154565 -0.769346 -0.649859 -1.458170 -0.188327 0.076961 0.053391 -2.003175 -0.162621 -0.072866 -1.998696 -0.164019 -0.066430 1.440305 -1.625035 -1.074926 -0.413806 9.422488 2.660169 11.746605 -0.934824 0.828869 -19.409477 6.249916 -70.816002 -30.755642 0.000001 0.000003 12.912532 10.946864 -10.954614 13.162588 -12.318045 4.200037 13.323558 8.510026 4.402811 2.076920 -0.461530 2.864607 0.841264 -0.169256 -21.110955 3.583061 1.000313 -31.188823 1.553554 0.176765 -12.982596 2.001097 0.160755 -27.564448 2.327764 0.403531 -19.667391 1.770129 0.230394 -14.830595 1.604119 -0.329627 -33.904082 1.729838 0.219847 -14.485721 1.319429 0.127043 -10.999764 6.180783 3.239654 -43.255745 -2.054664 0.295990 -17.339576 0.920507 0.061539 -7.650155 -1.741209 0.118487 -5.020012 21.190303 2.051843 77.707472 27.063831 -0.000006 0.000021 -13.625361 0.085856 0.041297 -23.228739 5.211876 -8.611420 1.162281 5.647702 -0.056816 0.992897 -2.026328 -2.969589 -4.812390 0.673121 8.725417 -4.226921 1.423670 37.215310 -1.145726 0.094632 9.443503 -6.852647 1.855706 17.521858 -3.102731 0.727012 26.368562 -0.922325 -1.794740 6.001166 -4.814929 1.626117 27.648614 -2.198175 0.354999 18.344886 -1.315570 -2.039206 8.300842 -7.132690 3.663748 37.369222 -1.857832 0.251659 15.427850 -0.855042 0.052556 7.033520 2.753981 -9.624419 2.507936 10.061449 19.561710 4.247320 4.063172 -9.100339 -4.035828 -0.000001 -0.093735 0.000002 -13.254388 -8.952010 -3.367465 -4.812583 13.398236 -2.198677 -3.590721 -2.735560 6.119685 -0.000003 -0.283145 0.000000 
0.345200 98.452568 -0.232050 -0.998796 -0.759310 -1.542890 -0.153019 0.151631 0.020442 -1.983655 -0.044739 -0.120765 -1.980066 -0.044635 -0.112376 1.353640 -1.633804 -0.963093 -0.507198 9.392477 2.888688 11.470232 -0.896960 0.752256 -20.325084 6.046958 -70.695689 -30.532547 -0.000004 -0.000000 13.034003 10.482905 -11.033457 13.094814 -12.336890 4.202384 13.377219 8.614529 4.448300 2.167132 -0.416017 2.863933 0.814556 -0.178187 -21.072935 3.612542 1.018251 -31.474352 1.585264 0.184156 -13.252415 2.004814 0.164513 -27.494990 2.358632 0.414645 -19.939081 1.771993 0.230880 -14.846681 1.643821 -0.299301 -33.831952 1.749823 0.225052 -14.656806 1.320300 0.127207 -11.007182 6.256572 3.316352 -43.350114 -2.027062 0.304658 -17.579235 0.920365 0.061527 -7.648870 -1.232835 0.232584 -4.673806 21.198716 1.862317 77.329257 27.062248 0.000004 0.000026 -13.664953 -0.215796 0.061379 -23.239843 5.266636 -8.549223 1.163188 5.645795 -0.058059 0.999084 -2.030128 -2.971169 -4.805363 0.676427 8.792463 -4.251774 1.442636 37.471101 -1.140096 0.093692 9.396752 -6.786130 1.794692 17.083801 -3.181054 0.766427 27.087038 -0.927199 -1.698580 6.098731 -4.745117 1.578965 27.340728 -2.300779 0.389892 19.233475 -1.316617 -1.933922 8.403604 -7.063396 3.582798 37.020237 -1.917720 0.268477 15.937953 -0.882153 0.055953 7.257744 2.804258 -9.827317 2.323843 10.078283 20.152138 4.329106 4.269139 -9.437652 -3.844751 0.000022 -0.089513 -0.000003 -13.366480 -9.056853 -3.529909 -4.700224 13.512912 -2.234024 -3.350392 -2.615650 6.348576 0.000004 -0.213166 -0.000001 
0.760854 98.380898 -0.314562 -1.215728 -0.865298 -1.628482 -0.113917 0.232108 -0.017914 -1.968019 0.082096 -0.175402 -1.965386 0.084005 -0.164913 1.258880 -1.638506 -0.839344 -0.618081 9.330975 3.140188 11.139694 -0.857768 0.704223 -21.343824 5.822340 -70.601036 -30.318783 -0.000006 -0.000031 13.119584 9.974295 -11.104727 13.007855 -12.359677 4.201879 13.453010 8.761324 4.513734 2.288671 -0.355878 2.866693 0.779392 -0.187559 -20.951078 3.650372 1.041584 -31.841854 1.622895 0.193128 -13.572747 2.021611 0.177253 -27.334229 2.396053 0.428333 -20.268907 1.777309 0.232307 -14.892119 1.722691 -0.239720 -33.692586 1.772861 0.231117 -14.854077 1.322857 0.127710 -11.028720 6.385240 3.438587 -43.339917 -1.998475 0.313803 -17.827511 0.920228 0.061489 -7.647878 -0.605084 0.370790 -4.255746 21.278280 1.732945 76.830940 27.137894 -0.000002 -0.000009 -13.703193 -0.526044 0.079111 -23.185383 5.224910 -8.466754 1.107453 5.746651 -0.097303 0.959612 -2.012510 -2.974166 -4.729912 0.663789 8.788029 -4.282550 1.466378 37.789244 -1.140703 0.093794 9.401764 -6.651923 1.706672 16.569540 -3.262491 0.808735 27.839008 -0.938647 -1.604960 6.239968 -4.614054 1.500411 27.013140 -2.404425 0.426954 20.135978 -1.319779 -1.828842 8.522074 -6.936475 3.458317 36.657410 -1.978510 0.286145 16.457170 -0.911513 0.059733 7.500615 2.900140 -10.062992 2.136906 10.100136 20.780449 4.420805 4.434393 -9.789915 -3.649329 -0.000008 -0.072026 0.000001 -13.455215 -9.200846 -3.691576 -4.625918 13.690227 -2.288958 -3.098650 -2.523355 6.590085 0.000002 -0.096024 0.000004 
1.177934 98.302277 -0.403631 -1.422931 -0.959506 -1.715368 -0.073400 0.315452 -0.058827 -1.958027 0.213161 -0.234238 -1.956348 0.217103 -0.221517 1.159722 -1.631089 -0.706586 -0.734445 9.244552 3.382533 10.785425 -0.819118 0.679339 -22.368504 5.578972 -70.530473 -30.136673 0.000007 -0.000016 13.148877 9.464399 -11.164982 12.911730 -12.383679 4.198226 13.544329 8.937346 4.593109 2.432009 -0.286055 2.873327 0.756632 -0.189253 -20.746047 3.694800 1.069392 -32.275390 1.665427 0.203537 -13.935439 2.057148 0.201198 -27.098274 2.438588 0.444202 -20.644861 1.785565 0.234490 -14.962957 1.828747 -0.160735 -33.509567 1.798220 0.237892 -15.071524 1.326874 0.128490 -11.062661 6.543984 3.586480 -43.275631 -1.969217 0.323273 -18.082364 0.920269 0.061507 -7.648115 0.108265 0.523090 -3.788934 21.428332 1.654914 76.245197 27.288347 -0.000007 0.000020 -13.720463 -0.799852 0.086074 -23.087655 5.095786 -8.409222 1.018638 5.906777 -0.159703 0.891353 -1.980619 -2.976378 -4.591488 0.635356 8.693809 -4.318942 1.494795 38.167008 -1.147561 0.094924 9.458746 -6.478649 1.618961 16.169430 -3.329894 0.844806 28.465242 -0.952822 -1.547985 6.375274 -4.451016 1.410917 26.811540 -2.484824 0.456990 20.839633 -1.323891 -1.760975 8.613228 -6.780999 3.326947 36.464498 -2.026915 0.300603 16.871556 -0.932447 0.062551 7.673832 3.017787 -10.329976 1.956207 10.129206 21.429696 4.503493 4.581289 -10.146680 -3.443747 -0.000007 -0.044064 -0.000001 -13.546487 -9.382548 -3.845490 -4.581893 13.904757 -2.362598 -2.818542 -2.445218 6.838472 0.000010 -0.000039 0.000002 
1.594222 98.219704 -0.500407 -1.627052 -1.037838 -1.805855 -0.033911 0.399426 -0.098877 -1.954549 0.345033 -0.293853 -1.953749 0.351110 -0.278748 1.060777 -1.606749 -0.567859 -0.839356 9.143488 3.585890 10.427891 -0.781800 0.671601 -23.295868 5.321041 -70.483201 -30.004174 0.000003 -0.000005 13.107933 8.991433 -11.209204 12.815732 -12.407237 4.192783 13.642957 9.126809 4.678810 2.586936 -0.211487 2.882995 0.752192 -0.181403 -20.457023 3.743662 1.100524 -32.754394 1.711708 0.215197 -14.330756 2.102186 0.230638 -26.807140 2.484522 0.461700 -21.051787 1.796182 0.237340 -15.053966 1.935123 -0.082004 -33.313472 1.825052 0.245170 -15.301787 1.332064 0.129512 -11.106486 6.695898 3.728184 -43.223712 -1.939469 0.333057 -18.341735 0.920513 0.061536 -7.650054 0.867447 0.679767 -3.302335 21.630140 1.600880 75.621437 27.490250 -0.000006 -0.000012 -13.703368 -1.014289 0.076447 -22.973772 4.905005 -8.409777 0.923386 6.077385 -0.227823 0.814596 -1.943538 -2.976236 -4.414930 0.597597 8.536548 -4.357955 1.525622 38.573985 -1.157315 0.096573 9.539875 -6.307095 1.557923 16.058541 -3.370741 0.867142 28.846546 -0.964443 -1.549589 6.451147 -4.293092 1.331409 26.850993 -2.525863 0.472767 21.200149 -1.327629 -1.754674 8.643325 -6.632910 3.223269 36.581588 -2.055033 0.309223 17.112626 -0.937569 0.063225 7.716406 3.137923 -10.622902 1.789001 10.167672 22.083185 4.566562 4.731267 -10.498529 -3.226953 0.000003 -0.007854 0.000004 -13.674065 -9.594139 -3.982945 -4.539371 14.126155 -2.448001 -2.503105 -2.365352 7.085847 -0.000007 -0.000070 0.000000 
2.007742 98.135788 -0.604128 -1.834558 -1.102291 -1.904622 0.002376 0.482947 -0.134875 -1.957620 0.476221 -0.350687 -1.957589 0.484423 -0.332998 0.966141 -1.565098 -0.425024 -0.916203 9.039907 3.733610 10.068737 -0.745421 0.678345 -24.048148 5.053132 -70.460320 -29.929325 -0.000004 -0.000037 12.999031 8.585309 -11.233960 12.726656 -12.429819 4.188478 13.739958 9.312474 4.762695 2.742840 -0.136796 2.893911 0.752963 -0.169315 -20.088640 3.794535 1.133571 -33.256031 1.760376 0.227816 -14.747265 2.133993 0.253400 -26.481714 2.532001 0.480154 -21.473425 1.808361 0.240621 -15.158526 2.007730 -0.026839 -33.132602 1.852464 0.252737 -15.537318 1.338009 0.130683 -11.156641 6.801279 3.829885 -43.242071 -1.909448 0.343090 -18.603760 0.920902 0.061594 -7.653364 1.640427 0.835007 -2.820509 21.848329 1.537476 75.009042 27.709862 -0.000003 0.000025 -13.648585 -1.176731 0.049690 -22.870793 4.690837 -8.482250 0.846699 6.213774 -0.283852 0.749177 -1.910560 -2.973051 -4.236729 0.560428 8.376524 -4.394924 1.555321 38.961984 -1.164487 0.097772 9.599602 -6.178599 1.542644 16.352996 -3.380313 0.872402 28.936100 -0.967938 -1.613861 6.426462 -4.175359 1.278716 27.189149 -2.523454 0.471830 21.178919 -1.329566 -1.814863 8.597678 -6.524886 3.172666 37.073300 -2.063681 0.311902 17.186769 -0.924844 0.061523 7.611025 3.247971 -10.931810 1.642471 10.216877 22.728245 4.606698 4.898665 -10.839690 -3.001612 0.000006 -0.000050 0.000000 -13.860827 -9.820943 -4.093481 -4.471122 14.329095 -2.536864 -2.169449 -2.270529 7.324152 0.000002 -0.000025 0.000001 
2.416427 98.051064 -0.712297 -2.046292 -1.159517 -2.015782 0.033962 0.566206 -0.164935 -1.966969 0.607319 -0.401907 -1.967574 0.617532 -0.381346 0.877985 -1.509527 -0.278103 -0.955140 8.943095 3.827683 9.690277 -0.708783 0.702497 -24.599813 4.779232 -70.465183 -29.905864 -0.000021 -0.000020 12.847444 8.267603 -11.241346 12.649866 -12.451629 4.189132 13.825057 9.475008 4.835718 2.886696 -0.067535 2.903324 0.733920 -0.162876 -19.664716 3.844625 1.166722 -33.752712 1.809590 0.240965 -15.169111 2.125226 0.255762 -26.148406 2.578856 0.498801 -21.890934 1.820951 0.244061 -15.266590 2.016503 -0.014948 -32.987515 1.879494 0.260315 -15.769785 1.344080 0.131887 -11.207868 6.830240 3.865730 -43.362907 -1.879399 0.353288 -18.866454 0.921326 0.061650 -7.657013 2.411391 0.987609 -2.355427 22.041912 1.437804 74.441043 27.915868 0.000003 0.000020 -13.563423 -1.319217 0.012267 -22.805375 4.500881 -8.623559 0.811904 6.275387 -0.309261 0.713988 -1.891067 -2.967232 -4.092281 0.532862 8.280519 -4.425493 1.580192 39.284359 -1.163856 0.097673 9.594322 -6.121102 1.580919 17.074479 -3.362540 0.862630 28.769911 -0.959143 -1.726974 6.286883 -4.119951 1.262237 27.812278 -2.485719 0.457340 20.847535 -1.328367 -1.926972 8.483974 -6.475891 3.186274 37.913963 -2.061597 0.311235 17.168852 -0.897445 0.057927 7.384215 3.337102 -11.248168 1.519506 10.277751 23.364339 4.630867 5.093941 -11.171260 -2.775540 -0.000008 -0.000009 0.000001 -14.105346 -10.049951 -4.171684 -4.348888 14.509342 -2.620343 -1.854528 -2.159946 7.550334 0.000000 -0.000036 0.000002 
2.818125 97.962914 -0.821938 -2.255718 -1.217528 -2.140416 0.060335 0.650456 -0.188711 -1.982456 0.740596 -0.446080 -1.983567 0.752673 -0.422230 0.795885 -1.445160 -0.125782 -0.957949 8.853155 3.887575 9.262925 -0.670231 0.751485 -24.986200 4.501201 -70.502456 -29.913152 -0.000004 -0.000012 12.700756 8.051565 -11.241959 12.591362 -12.472341 4.198223 13.886190 9.591584 4.887800 3.001099 -0.011386 2.908397 0.672796 -0.171101 -19.239600 3.890377 1.197562 -34.208873 1.856629 0.253899 -15.573094 2.056921 0.228700 -25.846175 2.622464 0.516498 -22.280410 1.832158 0.247117 -15.362707 1.946307 -0.055832 -32.891660 1.904996 0.267558 -15.989406 1.349334 0.132918 -11.252401 6.772271 3.825116 -43.590069 -1.849554 0.363555 -19.127970 0.921638 0.061688 -7.659523 3.180753 1.139547 -1.905477 22.181540 1.289891 73.924982 28.090200 -0.000007 0.000032 -13.462652 -1.484007 -0.023914 -22.803556 4.386557 -8.821401 0.840998 6.224295 -0.285727 0.726915 -1.894051 -2.959714 -4.003999 0.520136 8.295068 -4.447222 1.598040 39.514533 -1.152562 0.095766 9.500430 -6.139885 1.668596 18.141544 -3.328235 0.843921 28.449830 -0.936969 -1.862844 6.049487 -4.129267 1.282289 28.640090 -2.429513 0.436197 20.355374 -1.323431 -2.063316 8.327822 -6.485446 3.259052 38.997317 -2.060537 0.310903 17.159827 -0.862146 0.053439 7.092293 3.394274 -11.570232 1.417697 10.362322 24.006028 4.659893 5.302262 -11.502581 -2.559695 -0.000007 0.000001 -0.000001 -14.381370 -10.275506 -4.224597 -4.131576 14.686426 -2.685112 -1.590606 -2.049557 7.769026 0.000021 -0.000025 0.000008 
3.209985 97.866402 -0.930770 -2.453765 -1.282662 -2.276599 0.082163 0.737637 -0.207528 -2.003959 0.879223 -0.483230 -2.005465 0.893029 -0.455547 0.717285 -1.376141 0.032817 -0.939096 8.756622 3.943099 8.757393 -0.627689 0.832249 -25.288480 4.217963 -70.574405 -29.920388 0.000016 -0.000001 12.618239 7.940532 -11.253257 12.558577 -12.490426 4.217310 13.910682 9.638311 4.908282 3.065705 0.022333 2.906589 0.564998 -0.197091 -18.895811 3.927693 1.223106 -34.582771 1.898075 0.265583 -15.929743 1.930071 0.172558 -25.627763 2.659719 0.531879 -22.614133 1.839640 0.249191 -15.427031 1.803842 -0.145338 -32.855491 1.927710 0.274117 -16.185107 1.352699 0.133589 -11.280767 6.639469 3.716426 -43.909374 -1.820086 0.373856 -19.386353 0.921654 0.061692 -7.659620 3.958189 1.293396 -1.460735 22.265701 1.098319 73.444286 28.231375 -0.000022 0.000030 -13.362872 -1.707575 -0.045879 -22.885269 4.390590 -9.060012 0.949830 6.032040 -0.200631 0.801325 -1.926392 -2.951250 -3.975280 0.522949 8.432580 -4.460353 1.608874 39.653859 -1.131137 0.092221 9.322187 -6.217599 1.791039 19.396602 -3.290989 0.823880 28.103314 -0.904114 -1.993106 5.755051 -4.186778 1.330108 29.551725 -2.374154 0.415936 19.871880 -1.315315 -2.193725 8.162130 -6.535900 3.371543 40.170477 -2.070756 0.314078 17.247573 -0.826658 0.049086 6.799023 3.416984 -11.901939 1.331363 10.467843 24.678279 4.713210 5.498294 -11.848710 -2.363583 -0.000005 -0.000008 -0.000001 -14.647740 -10.513390 -4.257816 -3.883610 14.915636 -2.748154 -1.377147 -1.968325 7.986261 0.000004 -0.000072 0.000004 
3.589224 97.755058 -1.037501 -2.636917 -1.358313 -2.421431 0.101264 0.829726 -0.223176 -2.030677 1.026166 -0.514268 -2.032491 1.041595 -0.482089 0.639132 -1.303165 0.195771 -0.922059 8.627304 4.023885 8.156771 -0.578421 0.943054 -25.599781 3.926096 -70.675403 -29.895175 0.000011 -0.000006 12.653284 7.925786 -11.295463 12.558361 -12.503414 4.245446 13.889097 9.597488 4.889069 3.063639 0.025421 2.896912 0.430674 -0.236571 -18.723405 3.952862 1.240538 -34.835850 1.930591 0.274949 -16.210074 1.769439 0.097948 -25.550616 2.687804 0.543654 -22.866189 1.841198 0.249606 -15.440435 1.617908 -0.265863 -32.888826 1.946466 0.279582 -16.346953 1.353128 0.133675 -11.284220 6.463429 3.566495 -44.303237 -1.791248 0.384063 -19.639710 0.921312 0.061647 -7.656766 4.752847 1.449783 -1.010451 22.327576 0.879751 72.968536 28.350952 -0.000013 0.000020 -13.276396 -2.009239 -0.045370 -23.053184 4.528387 -9.319900 1.137668 5.697345 -0.056108 0.938320 -1.988867 -2.942373 -3.992311 0.538088 8.673279 -4.467376 1.614701 39.728465 -1.102921 0.087656 9.087725 -6.323095 1.926388 20.656702 -3.262378 0.808704 27.837928 -0.866087 -2.096528 5.452262 -4.264982 1.390055 30.421850 -2.334673 0.401800 19.528120 -1.305621 -2.295724 8.015213 -6.601207 3.495380 41.278498 -2.096475 0.322110 17.468537 -0.797090 0.045630 6.554754 3.423546 -12.258826 1.253684 10.536946 25.416829 4.783777 5.730148 -12.222582 -2.196344 -0.000000 -0.000014 0.000000 -14.857886 -10.787704 -4.279408 -3.695971 15.258747 -2.835021 -1.174521 -1.949434 8.209995 0.000009 -0.000031 -0.000001 
3.952860 97.624146 -1.140923 -2.811873 -1.445378 -2.571069 0.120106 0.927979 -0.237209 -2.060396 1.182926 -0.540076 -2.062428 1.199888 -0.502678 0.559770 -1.222064 0.356608 -0.931746 8.433597 4.148834 7.464034 -0.519206 1.066760 -25.986781 3.622646 -70.787705 -29.813923 0.000011 -0.000023 12.834620 7.986725 -11.383739 12.592753 -12.509209 4.279280 13.820459 9.467052 4.829208 2.990158 -0.004934 2.880141 0.308678 -0.279778 -18.788604 3.963878 1.248191 -34.946957 1.952144 0.281258 -16.395818 1.617258 0.022597 -25.656981 2.705144 0.551003 -23.022015 1.835503 0.248056 -15.391632 1.432483 -0.390591 -32.998321 1.960666 0.283770 -16.469495 1.350017 0.133051 -11.258130 6.287514 3.414983 -44.758151 -1.763231 0.394129 -19.886079 0.920678 0.061562 -7.651571 5.564944 1.606778 -0.552586 22.429071 0.655821 72.467303 28.466103 -0.000000 0.000039 -13.207558 -2.387462 -0.022761 -23.281694 4.773856 -9.572848 1.377479 5.264761 0.123908 1.119173 -2.072474 -2.933511 -4.031554 0.560281 8.978316 -4.471927 1.618481 39.776918 -1.072720 0.082872 8.836906 -6.423380 2.051137 21.763278 -3.248851 0.801562 27.712646 -0.829051 -2.163876 5.182425 -4.335685 1.444652 31.150973 -2.318173 0.395959 19.384598 -1.296003 -2.359881 7.903260 -6.656810 3.602156 42.201249 -2.122930 0.330501 17.696117 -0.776586 0.043307 6.385458 3.450497 -12.648676 1.183832 10.618600 26.237291 4.898852 5.928806 -12.635512 -2.061158 0.000001 -0.000003 0.000002 -14.974227 -11.118377 -4.296398 -3.657382 15.757434 -2.971844 -0.924827 -2.015912 8.445210 -0.000003 -0.000039 -0.000003 
4.297845 97.473923 -1.239773 -2.992687 -1.542938 -2.719506 0.140994 1.032131 -0.249957 -2.089393 1.348344 -0.560753 -2.091563 1.366717 -0.517495 0.480401 -1.124055 0.504607 -0.985746 8.151169 4.319544 6.702588 -0.447556 1.170453 -26.463226 3.309414 -70.882528 -29.670444 0.000004 -0.000018 13.154511 8.095883 -11.521450 12.655118 -12.507506 4.313993 13.715343 9.266634 4.737560 2.858667 -0.063044 2.858993 0.239630 -0.315160 -19.104671 3.961539 1.246582 -34.923375 1.962820 0.284408 -16.488118 1.517574 -0.034304 -25.952916 2.712229 0.554020 -23.085834 1.822893 0.244579 -15.283183 1.293887 -0.490530 -33.180390 1.970540 0.286704 -16.554755 1.343683 0.131792 -11.204638 6.155717 3.304777 -45.260153 -1.736291 0.403945 -20.123535 0.919962 0.061476 -7.645547 6.382994 1.760288 -0.095721 22.641164 0.447572 71.923374 28.592316 -0.000009 0.000032 -13.152274 -2.821870 0.013130 -23.515708 5.059767 -9.777889 1.615825 4.828626 0.296604 1.303846 -2.158128 -2.925436 -4.070000 0.583726 9.305101 -4.477496 1.623141 39.836272 -1.045088 0.078651 8.607508 -6.493697 2.145760 22.608061 -3.251647 0.803043 27.738605 -0.797946 -2.196042 4.971659 -4.378809 1.479996 31.677932 -2.324398 0.398167 19.438756 -1.287655 -2.387596 7.830124 -6.686919 3.671313 42.866650 -2.148557 0.338741 17.916838 -0.765610 0.042095 6.294853 3.533899 -13.064680 1.121338 10.714006 27.129517 5.050968 6.066322 -13.086301 -1.949182 -0.000004 -0.000028 -0.000002 -14.984238 -11.506514 -4.314064 -3.812052 16.405104 -3.174413 -0.582787 -2.166420 8.691177 0.000007 -0.000057 -0.000004 
4.620917 97.313286 -1.333142 -3.192387 -1.648244 -2.858533 0.165093 1.139765 -0.260478 -2.113353 1.517853 -0.575527 -2.115560 1.537423 -0.525978 0.405045 -0.997896 0.627688 -1.087399 7.776206 4.520422 5.909449 -0.363650 1.215462 -26.985703 2.995834 -70.929199 -29.479858 -0.000010 -0.000024 13.568686 8.226883 -11.695922 12.730093 -12.500444 4.345062 13.594423 9.035187 4.631793 2.699352 -0.134926 2.837151 0.246250 -0.333240 -19.620456 3.949531 1.238229 -34.802467 1.965242 0.285125 -16.508970 1.498287 -0.058289 -26.396193 2.711778 0.553819 -23.081666 1.805321 0.239810 -15.132537 1.235853 -0.542591 -33.413463 1.977185 0.288655 -16.612176 1.335169 0.130119 -11.132699 6.100594 3.269988 -45.782338 -1.710659 0.413388 -20.350001 0.919363 0.061387 -7.640425 7.186920 1.906113 0.342074 23.017058 0.273269 71.339543 28.739865 -0.000003 0.000018 -13.101340 -3.278881 0.049548 -23.684434 5.297297 -9.885397 1.717383 4.541540 0.389079 1.439977 -2.221273 -2.919507 -4.093736 0.604127 9.618678 -4.486409 1.630574 39.931342 -1.023080 0.075356 8.425001 -6.522710 2.198806 23.131819 -3.269431 0.812405 27.903203 -0.775480 -2.197373 4.831629 -4.386721 1.489832 31.973458 -2.350093 0.407286 19.662243 -1.281060 -2.384214 7.793304 -6.687315 3.694879 43.241658 -2.173912 0.346983 18.135400 -0.763273 0.041842 6.275537 3.685557 -13.477726 1.064614 10.820703 28.036212 5.218803 6.148033 -13.548787 -1.849591 -0.000003 -0.000037 -0.000003 -14.908568 -11.923460 -4.334879 -4.137117 17.128769 -3.439440 -0.138298 -2.366303 8.940028 -0.000003 -0.000043 -0.000002 
4.918691 97.153954 -1.420461 -3.413948 -1.757030 -2.980098 0.191925 1.246169 -0.267492 -2.128960 1.683464 -0.583368 -2.131106 1.703907 -0.527477 0.339110 -0.833469 0.717141 -1.223770 7.333360 4.725340 5.124222 -0.271413 1.175606 -27.471975 2.697659 -70.909501 -29.274758 -0.000005 -0.000001 14.007521 8.362578 -11.879201 12.798197 -12.492187 4.369658 13.481884 8.819006 4.532749 2.549719 -0.202939 2.817942 0.321565 -0.330939 -20.232682 3.933460 1.227097 -34.640783 1.963599 0.284627 -16.494929 1.559031 -0.045137 -26.901791 2.707858 0.552137 -23.046344 1.786054 0.234628 -14.967161 1.267486 -0.537262 -33.656437 1.982241 0.290191 -16.655821 1.326028 0.128327 -11.055509 6.133007 3.323859 -46.275648 -1.686474 0.422410 -20.563511 0.918986 0.061331 -7.637345 7.955473 2.041548 0.742337 23.567564 0.148330 70.737168 28.914356 0.000003 0.000026 -13.045281 -3.718415 0.076071 -23.726547 5.407706 -9.851830 1.695220 4.484397 0.389446 1.479757 -2.239816 -2.917880 -4.101865 0.619945 9.896441 -4.499446 1.641500 40.070473 -1.007902 0.073122 8.299029 -6.512791 2.208114 23.309557 -3.301150 0.829319 28.197678 -0.762527 -2.169725 4.765463 -4.364275 1.476648 32.027389 -2.393327 0.422898 20.039193 -1.276277 -2.352305 7.790674 -6.664324 3.677545 43.315526 -2.195490 0.354067 18.321634 -0.768734 0.042448 6.320598 3.883413 -13.856876 1.011764 10.931946 28.893759 5.378588 6.195383 -13.991400 -1.754947 -0.000013 -0.000026 0.000000 -14.790679 -12.334387 -4.359482 -4.550353 17.843821 -3.741893 0.373555 -2.574625 9.179528 0.000000 -0.000027 0.000003 
5.188001 96.996773 -1.500679 -3.646586 -1.864576 -3.079123 0.219388 1.344811 -0.270563 -2.135248 1.834707 -0.584050 -2.137246 1.855647 -0.522241 0.287023 -0.625718 0.772139 -1.369675 6.873780 4.907890 4.377563 -0.177742 1.054778 -27.831184 2.431057 -70.831336 -29.095230 -0.000007 -0.000022 14.394955 8.497807 -12.033625 12.843518 -12.486834 4.387286 13.396732 8.654991 4.456991 2.440506 -0.252236 2.803185 0.431515 -0.313770 -20.817740 3.919013 1.217139 -34.495696 1.962397 0.284265 -16.484463 1.670918 -0.003730 -27.365298 2.704636 0.550777 -23.017271 1.768372 0.229926 -14.815601 1.369149 -0.482721 -33.857436 1.987233 0.291671 -16.699056 1.317825 0.126733 -10.986295 6.237640 3.451831 -46.674245 -1.664043 0.430875 -20.761960 0.918887 0.061317 -7.636543 8.674040 2.166324 1.093961 24.248514 0.085076 70.147696 29.119149 -0.000011 0.000006 -12.978509 -4.100956 0.089323 -23.614320 5.350687 -9.658327 1.703498 4.635284 0.347965 1.397334 -2.202274 -2.922870 -4.104768 0.632343 10.127034 -4.516017 1.655478 40.247904 -0.999087 0.071836 8.225993 -6.476814 2.179367 23.141465 -3.347356 0.854311 28.628062 -0.758724 -2.110642 4.772426 -4.325768 1.449706 31.842892 -2.455088 0.445745 20.579025 -1.273214 -2.289749 7.823702 -6.632026 3.633310 43.092691 -2.216700 0.361154 18.505062 -0.781850 0.043910 6.428903 4.084295 -14.204781 0.958971 11.040670 29.701368 5.523686 6.245051 -14.410724 -1.671442 -0.000004 -0.000046 0.000001 -14.671651 -12.748662 -4.390921 -4.945107 18.562530 -4.044337 0.879001 -2.797168 9.398929 -0.000010 -0.000054 -0.000001 
5.426353 96.873627 -1.571745 -3.869589 -1.966427 -3.155409 0.244560 1.428507 -0.269949 -2.133968 1.960494 -0.578944 -2.135759 1.981564 -0.512159 0.250279 -0.377654 0.801594 -1.496784 6.462392 5.051030 3.684815 -0.089943 0.894227 -27.994039 2.205403 -70.734559 -28.975510 0.000006 0.000023 14.667666 8.635628 -12.120715 12.860471 -12.486855 4.399591 13.346128 8.557391 4.411328 2.384334 -0.276573 2.793130 0.530506 -0.294027 -21.269527 3.910270 1.211158 -34.407932 1.964868 0.285005 -16.505854 1.788408 0.046454 -27.695094 2.704991 0.550933 -23.020622 1.754720 0.226326 -14.698931 1.498722 -0.403488 -33.969792 1.993189 0.293471 -16.750419 1.311635 0.125530 -10.934139 6.376982 3.612732 -46.915880 -1.643572 0.438663 -20.943368 0.918972 0.061336 -7.637147 9.339250 2.282082 1.399658 24.966800 0.091205 69.601820 29.356983 0.000004 -0.000005 -12.900861 -4.396130 0.092737 -23.364901 5.136938 -9.322698 1.470394 5.091922 0.175550 1.198544 -2.111943 -2.936094 -4.117336 0.643811 10.306001 -4.534880 1.671495 40.450364 -0.995427 0.071306 8.195641 -6.432895 2.123369 22.657049 -3.408760 0.888230 29.202706 -0.763061 -2.017077 4.849052 -4.290143 1.421508 31.441400 -2.536922 0.477065 21.297271 -1.271716 -2.193587 7.895042 -6.607985 3.581171 42.599962 -2.236115 0.367690 18.672936 -0.802719 0.046280 6.601245 4.249380 -14.449982 0.901807 11.125351 30.311895 5.625658 6.320520 -14.731866 -1.589011 -0.000003 -0.000029 -0.000005 -14.589173 -13.049723 -4.428463 -5.227558 19.066140 -4.281915 1.307412 -2.928569 9.578028 0.000000 -0.000057 0.000001 
5.631256 96.780029 -1.630794 -4.061246 -2.058271 -3.210541 0.264803 1.491034 -0.268158 -2.128685 2.051422 -0.570924 -2.130260 2.072360 -0.500553 0.226502 -0.101386 0.821681 -1.584014 6.158417 5.151959 3.047223 -0.013257 0.761476 -27.932349 2.020057 -70.681892 -28.932879 -0.000001 -0.000018 14.789914 8.778103 -12.112418 12.856050 -12.491622 4.409049 13.324043 8.514820 4.391284 2.372361 -0.280100 2.786940 0.581706 -0.284317 -21.528737 3.908694 1.210056 -34.392089 1.972271 0.287215 -16.569790 1.867490 0.083322 -27.840572 2.709945 0.553027 -23.065148 1.746197 0.224097 -14.625742 1.606243 -0.331906 -33.969352 2.000228 0.295586 -16.811382 1.307840 0.124807 -10.902021 6.502829 3.751413 -46.968510 -1.625223 0.445721 -21.105920 0.919026 0.061350 -7.637628 9.957711 2.390996 1.674418 25.605413 0.168254 69.119998 29.628473 -0.000009 0.000006 -12.815755 -4.591469 0.092805 -23.032317 4.820866 -8.896048 1.119480 5.730644 -0.067130 0.918951 -1.985724 -2.957518 -4.150397 0.656540 10.431838 -4.554747 1.688510 40.664187 -0.995653 0.071336 8.197525 -6.398267 2.053208 21.926108 -3.483676 0.930687 29.908169 -0.773887 -1.891547 4.986281 -4.275292 1.403591 30.873415 -2.636906 0.516925 22.179762 -1.271542 -2.066260 8.003164 -6.608857 3.539890 41.900089 -2.256375 0.374550 18.848440 -0.830575 0.049572 6.831329 4.357492 -14.613676 0.835355 11.183591 30.757728 5.701337 6.428654 -14.968361 -1.520182 -0.000005 -0.000061 -0.000003 -14.544454 -13.261978 -4.477440 -5.362967 19.415612 -4.427747 1.605481 -3.000058 9.713341 0.000006 -0.000023 0.000001 
5.800549 96.703743 -1.675208 -4.206941 -2.135286 -3.246069 0.278714 1.528764 -0.268040 -2.123252 2.102021 -0.563270 -2.124652 2.122709 -0.490959 0.210509 0.183162 0.849582 -1.624793 5.996411 5.220574 2.460973 0.050471 0.724705 -27.665338 1.866865 -70.737421 -28.962389 -0.000012 -0.000029 14.759854 8.917161 -12.000362 12.846032 -12.497859 4.417532 13.316020 8.499061 4.384763 2.380658 -0.274400 2.783249 0.572040 -0.290587 -21.593460 3.913272 1.213188 -34.438241 1.983791 0.290649 -16.669444 1.882257 0.092115 -27.804795 2.718621 0.556734 -23.143270 1.742272 0.223088 -14.592325 1.651755 -0.295769 -33.863777 2.007834 0.297881 -16.877278 1.306094 0.124469 -10.887298 6.571985 3.819474 -46.846591 -1.609261 0.451891 -21.247834 0.918888 0.061323 -7.636602 10.539344 2.494286 1.937861 26.059902 0.310733 68.710221 29.928052 0.000006 0.000010 -12.727002 -4.698647 0.093217 -22.686589 4.478633 -8.447614 0.737717 6.416433 -0.326612 0.611946 -1.848326 -2.984775 -4.204535 0.670693 10.504816 -4.574617 1.705627 40.878761 -0.998901 0.071804 8.224541 -6.384273 1.981401 21.061652 -3.566183 0.978903 30.690854 -0.788907 -1.745988 5.166688 -4.292721 1.402836 30.221347 -2.747003 0.562894 23.157642 -1.272360 -1.919727 8.137709 -6.645534 3.523364 41.095862 -2.293114 0.387204 19.167019 -0.862907 0.053511 7.098509 4.407697 -14.735320 0.757672 11.220792 31.106491 5.772684 6.560723 -15.153007 -1.476488 -0.000001 -0.000020 -0.000003 -14.521250 -13.434040 -4.541926 -5.374617 19.711270 -4.488492 1.764082 -3.062659 9.809967 -0.000003 -0.000044 -0.000000 
5.931841 96.634689 -1.703933 -4.302991 -2.191990 -3.261843 0.286491 1.541709 -0.271153 -2.120377 2.112188 -0.557854 -2.121690 2.132607 -0.485309 0.196566 0.451466 0.895840 -1.627903 5.975812 5.272592 1.928859 0.102121 0.822583 -27.253131 1.735728 -70.939649 -29.040202 -0.000007 0.000003 14.607008 9.031309 -11.800653 12.847041 -12.501278 4.425325 13.306915 8.480796 4.378457 2.382807 -0.272447 2.781141 0.515232 -0.309464 -21.510820 3.921545 1.218871 -34.520988 1.997298 0.294711 -16.786054 1.833140 0.071495 -27.637717 2.729043 0.561193 -23.237181 1.741657 0.222914 -14.586812 1.619553 -0.307473 -33.688644 2.015155 0.300122 -16.940510 1.305693 0.124387 -10.883940 6.561186 3.794528 -46.607602 -1.595818 0.457139 -21.367236 0.918509 0.061275 -7.633431 11.087426 2.590442 2.204403 26.273844 0.506332 68.371990 30.240079 -0.000004 0.000008 -12.637087 -4.752865 0.092622 -22.390673 4.182532 -8.045601 0.394317 7.025836 -0.555525 0.332523 -1.724626 -3.013609 -4.269531 0.684514 10.529063 -4.593679 1.722173 41.085347 -1.004546 0.072619 8.271304 -6.393642 1.918720 20.205557 -3.646530 1.027316 31.458916 -0.805531 -1.600639 5.363427 -4.343815 1.420301 29.588499 -2.853551 0.609539 24.110930 -1.273757 -1.774603 8.279115 -6.719024 3.537763 40.315994 -2.339558 0.403537 19.570649 -0.895397 0.057634 7.367269 4.414980 -14.846137 0.672162 11.246545 31.408362 5.848976 6.696825 -15.311001 -1.460083 -0.000015 0.000009 -0.000003 -14.502587 -13.608784 -4.621259 -5.319678 20.029178 -4.492834 1.814964 -3.155827 9.876009 -0.000008 -0.000049 0.000001 
6.021956 96.570961 -1.718262 -4.355743 -2.223392 -3.256642 0.289507 1.533616 -0.276707 -2.121003 2.087334 -0.553721 -2.122318 2.107459 -0.482436 0.181029 0.678694 0.958917 -1.612220 6.062894 5.320490 1.468750 0.143248 1.046424 -26.781708 1.618744 -71.282265 -29.133182 0.000014 -0.000006 14.382922 9.090723 -11.550899 12.868526 -12.498592 4.430867 13.288338 8.443972 4.364381 2.362216 -0.282516 2.780251 0.442666 -0.331324 -21.356139 3.930425 1.224983 -34.610143 2.010064 0.298572 -16.896667 1.744381 0.032439 -27.415418 2.738920 0.565449 -23.326201 1.742567 0.223150 -14.594654 1.523395 -0.359734 -33.493725 2.021209 0.301974 -16.993220 1.305849 0.124420 -10.885344 6.476279 3.689011 -46.329043 -1.585142 0.461335 -21.462246 0.917935 0.061199 -7.628558 11.589385 2.675211 2.471359 26.259811 0.736557 68.103236 30.538028 0.000003 0.000024 -12.547921 -4.802049 0.086466 -22.185115 3.981297 -7.741634 0.142356 7.469767 -0.717706 0.122944 -1.633173 -3.039016 -4.329886 0.695484 10.516593 -4.610922 1.737251 41.272760 -1.011661 0.073662 8.330220 -6.421499 1.873618 19.501172 -3.713401 1.068737 32.103187 -0.820922 -1.478763 5.543189 -4.419262 1.451844 29.077037 -2.941054 0.649419 24.899040 -1.275386 -1.654442 8.402774 -6.818772 3.580671 39.687361 -2.386379 0.420369 19.978481 -0.922841 0.061259 7.594454 4.405227 -14.957897 0.587591 11.268195 31.676013 5.922927 6.810409 -15.449604 -1.463464 0.000002 -0.000036 -0.000002 -14.484248 -13.801376 -4.708115 -5.253153 20.381271 -4.472198 1.810360 -3.286640 9.916735 -0.000003 -0.000022 0.000001 
6.067482 96.518570 -1.721463 -4.377008 -2.227071 -3.230365 0.289512 1.510995 -0.281193 -2.124506 2.037095 -0.546833 -2.125889 2.056765 -0.477912 0.164142 0.844052 1.024642 -1.598108 6.203693 5.367696 1.112679 0.173582 1.343443 -26.341939 1.511130 -71.713749 -29.211182 -0.000001 -0.000003 14.147717 9.069742 -11.299895 12.908700 -12.488953 4.431621 13.261739 8.391678 4.342992 2.318354 -0.305086 2.780894 0.387731 -0.346369 -21.209476 3.937171 1.229654 -34.677864 2.019671 0.301501 -16.979843 1.652424 -0.008279 -27.214996 2.746173 0.568593 -23.391475 1.743485 0.223386 -14.602550 1.400244 -0.430289 -33.325302 2.025371 0.303237 -17.029058 1.305960 0.124437 -10.886206 6.350574 3.543841 -46.079718 -1.577426 0.464354 -21.530807 0.917316 0.061119 -7.623355 12.012538 2.742104 2.715425 26.097212 0.977772 67.906437 30.788830 -0.000004 0.000002 -12.464078 -4.886909 0.072571 -22.083130 3.891707 -7.561402 0.006992 7.709171 -0.796951 0.003737 -1.582331 -3.056905 -4.373230 0.702311 10.488711 -4.624803 1.749465 41.423926 -1.018635 0.074696 8.388096 -6.459548 1.852252 19.062226 -3.757213 1.096447 32.527663 -0.832355 -1.399851 5.672242 -4.502518 1.490595 28.764181 -2.996738 0.675541 25.403237 -1.276924 -1.578724 8.485766 -6.924872 3.642727 39.304761 -2.421832 0.433375 20.288230 -0.940553 0.063633 7.741107 4.405761 -15.061537 0.514422 11.285902 31.885239 5.978321 6.877699 -15.557352 -1.475028 0.000006 -0.000012 -0.000000 -14.476816 -13.999647 -4.789626 -5.207205 20.725997 -4.449321 1.799320 -3.434511 9.932940 -0.000003 -0.000055 0.000005 
6.065778 96.486809 -1.717402 -4.377828 -2.204942 -3.184815 0.287811 1.481304 -0.279806 -2.129386 1.972911 -0.531456 -2.130825 1.991758 -0.465504 0.150026 0.934258 1.071014 -1.599664 6.341780 5.407813 0.895948 0.190324 1.640783 -26.008472 1.411038 -72.157322 -29.256726 0.000008 0.000001 13.956557 8.960272 -11.091706 12.955797 -12.474169 4.425293 13.236487 8.342241 4.321954 2.264780 -0.333396 2.783704 0.371696 -0.349450 -21.136367 3.939494 1.231253 -34.701309 2.024174 0.302876 -17.018846 1.590732 -0.035685 -27.095089 2.749086 0.569834 -23.417857 1.743239 0.223335 -14.600428 1.294803 -0.491963 -33.214189 2.027008 0.303747 -17.043286 1.305582 0.124359 -10.882968 6.231466 3.410922 -45.899517 -1.572928 0.466151 -21.570852 0.916853 0.061048 -7.619529 12.307042 2.784192 2.894990 25.906687 1.203566 67.789375 30.961818 -0.000010 0.000029 -12.395747 -5.019053 0.056962 -22.073153 3.900145 -7.501511 -0.017618 7.756860 -0.799267 -0.028652 -1.569786 -3.065312 -4.397284 0.706063 10.472471 -4.633362 1.756998 41.517387 -1.023361 0.075397 8.427246 -6.501145 1.857973 18.949347 -3.772561 1.106261 32.676885 -0.837558 -1.374404 5.724694 -4.576149 1.529191 28.685428 -3.014188 0.683876 25.561510 -1.277973 -1.557470 8.513410 -7.014607 3.710487 39.210313 -2.436430 0.438775 20.415770 -0.945763 0.064339 7.784262 4.431755 -15.136753 0.459982 11.295065 31.996892 6.002523 6.890164 -15.614005 -1.487690 -0.000003 -0.000015 -0.000000 -14.495704 -14.174157 -4.853035 -5.184496 20.998549 -4.430951 1.808331 -3.566416 9.921390 0.000007 -0.000014 -0.000005 
6.016660 96.483437 -1.709166 -4.363616 -2.163329 -3.123188 0.284673 1.450939 -0.268206 -2.133882 1.905184 -0.502553 -2.135292 1.922640 -0.439715 0.145118 0.945198 1.076335 -1.620281 6.432700 5.429269 0.841133 0.189976 1.877566 -25.822924 1.320676 -72.542087 -29.268901 -0.000007 -0.000005 13.847359 8.778443 -10.951699 12.994110 -12.457648 4.410763 13.224482 8.318716 4.311881 2.221200 -0.357658 2.789042 0.397870 -0.341085 -21.175540 3.935625 1.228606 -34.662431 2.022019 0.302205 -17.000209 1.578321 -0.041658 -27.086205 2.746324 0.568643 -23.392811 1.741114 0.222779 -14.582287 1.242155 -0.523396 -33.172340 2.025657 0.303330 -17.031442 1.304500 0.124154 -10.873930 6.160836 3.333020 -45.795595 -1.572049 0.466488 -21.578620 0.916729 0.061037 -7.618495 12.416584 2.795548 2.961827 25.810593 1.388013 67.763372 31.038903 -0.000006 0.000001 -12.359136 -5.166919 0.055130 -22.125035 3.970404 -7.532226 0.035936 7.668961 -0.749996 0.002065 -1.584377 -3.065082 -4.411107 0.709790 10.491746 -4.634725 1.758204 41.532133 -1.023840 0.075456 8.431291 -6.544027 1.890285 19.156177 -3.759413 1.097865 32.549133 -0.835205 -1.401570 5.690337 -4.627842 1.561700 28.826875 -2.994543 0.674509 25.383133 -1.278137 -1.588902 8.483806 -7.070181 3.770023 39.385678 -2.426773 0.435187 20.331376 -0.938530 0.063356 7.724282 4.477342 -15.163305 0.425683 11.289227 31.980390 5.992317 6.859165 -15.602432 -1.502204 -0.000008 -0.000026 0.000002 -14.547120 -14.293705 -4.891784 -5.166461 21.146467 -4.409375 1.831659 -3.654752 9.878858 -0.000005 -0.000039 0.000002 
5.922107 96.512344 -1.698360 -4.333287 -2.110989 -3.047777 0.279359 1.423690 -0.244539 -2.136446 1.840916 -0.458145 -2.137691 1.856349 -0.398227 0.156826 0.880916 1.027365 -1.650462 6.449796 5.422289 0.945423 0.171640 2.030008 -25.785673 1.247756 -72.829761 -29.259933 -0.000004 0.000023 13.831818 8.561202 -10.879909 13.010848 -12.442861 4.388406 13.234275 8.337578 4.321117 2.204017 -0.369518 2.796789 0.455164 -0.325500 -21.331982 3.923244 1.220016 -34.538037 2.009756 0.298489 -16.893945 1.615790 -0.026094 -27.189564 2.735471 0.563942 -23.294901 1.737022 0.221709 -14.547244 1.255800 -0.516107 -33.196898 2.019778 0.301548 -16.980675 1.302744 0.123810 -10.859137 6.157922 3.327657 -45.740841 -1.576957 0.464551 -21.535102 0.917012 0.061075 -7.620857 12.293262 2.771973 2.874578 25.894383 1.510280 67.838416 31.021459 -0.000009 0.000011 -12.372921 -5.258444 0.087229 -22.198098 4.054456 -7.606921 0.118707 7.528649 -0.686262 0.060994 -1.610461 -3.058885 -4.429720 0.717065 10.556981 -4.626750 1.751171 41.445253 -1.019131 0.074754 8.392220 -6.588383 1.942952 19.598029 -3.721911 1.074071 32.185446 -0.825427 -1.469798 5.579170 -4.652481 1.583700 29.118462 -2.944808 0.651145 24.932952 -1.277166 -1.660576 8.408485 -7.084146 3.809805 39.752917 -2.396321 0.423996 20.065236 -0.921735 0.061092 7.585287 4.519878 -15.123420 0.407354 11.262703 31.815933 5.951025 6.808930 -15.510473 -1.524345 -0.000006 0.000033 -0.000001 -14.621130 -14.333403 -4.907969 -5.130007 21.141812 -4.370194 1.838981 -3.684157 9.804824 0.000006 -0.000048 0.000004 
5.785084 96.572334 -1.685145 -4.282547 -2.055769 -2.958309 0.270480 1.400180 -0.210265 -2.136034 1.782622 -0.400340 -2.136950 1.795487 -0.342964 0.188508 0.754900 0.923674 -1.678224 6.390102 5.382449 1.177906 0.138273 2.115982 -25.858150 1.204375 -73.022734 -29.247454 0.000017 0.000006 13.892187 8.353568 -10.855168 13.000866 -12.432037 4.360117 13.268023 8.402599 4.352712 2.220221 -0.365257 2.806406 0.527659 -0.307154 -21.573981 3.902793 1.206016 -34.333138 1.986993 0.291616 -16.697019 1.689817 0.005500 -27.379867 2.716625 0.555895 -23.125234 1.731634 0.220301 -14.501166 1.326254 -0.475394 -33.276958 2.009227 0.298319 -16.889349 1.300618 0.123411 -10.841076 6.215958 3.386685 -45.716888 -1.588377 0.460055 -21.433321 0.917649 0.061157 -7.626196 11.912080 2.710786 2.612097 26.183703 1.558301 68.018500 30.929952 -0.000017 0.000035 -12.450539 -5.202597 0.169168 -22.252452 4.106102 -7.677588 0.180903 7.420630 -0.646374 0.114467 -1.633171 -3.050221 -4.465771 0.729881 10.659921 -4.609490 1.735996 41.257017 -1.009667 0.073382 8.313746 -6.635093 2.005696 20.144501 -3.668914 1.041058 31.674128 -0.810071 -1.559785 5.418944 -4.653412 1.593892 29.464941 -2.877741 0.620409 24.328295 -1.275188 -1.752425 8.308923 -7.061350 3.824241 40.198880 -2.354110 0.408733 19.697323 -0.900365 0.058294 7.408418 4.536532 -15.010568 0.397234 11.214035 31.505545 5.887804 6.759984 -15.337810 -1.561386 -0.000008 -0.000052 -0.000002 -14.695285 -14.285133 -4.911058 -5.061272 20.990481 -4.301672 1.795070 -3.656389 9.701661 -0.000004 -0.000035 0.000001 
5.608162 96.658737 -1.668809 -4.208344 -2.001939 -2.852477 0.256537 1.378457 -0.169509 -2.132359 1.728732 -0.334453 -2.132826 1.738714 -0.279253 0.238577 0.584828 0.776796 -1.694427 6.264846 5.310976 1.488890 0.095350 2.181054 -25.974779 1.202435 -73.153641 -29.245429 -0.000013 -0.000008 13.986565 8.194698 -10.847828 12.967208 -12.425828 4.328694 13.321656 8.505400 4.403927 2.266946 -0.346051 2.817214 0.603159 -0.287883 -21.836388 3.877914 1.189123 -34.084457 1.956661 0.282577 -16.434969 1.781943 0.045757 -27.610155 2.692617 0.545668 -22.909320 1.726584 0.219018 -14.457772 1.429421 -0.415523 -33.397231 1.995217 0.294079 -16.768082 1.298742 0.123053 -10.825210 6.309338 3.483557 -45.721560 -1.605860 0.453219 -21.277928 0.918497 0.061276 -7.633310 11.279837 2.611083 2.179862 26.644098 1.530928 68.297575 30.795895 -0.000020 0.000034 -12.592468 -4.923647 0.303474 -22.263297 4.097373 -7.713900 0.190275 7.399287 -0.656194 0.143416 -1.644137 -3.041557 -4.522353 0.747752 10.777602 -4.584511 1.714190 40.985875 -0.996992 0.071540 8.208574 -6.682418 2.066034 20.650911 -3.611080 1.005771 31.119250 -0.792159 -1.649443 5.245260 -4.639052 1.593910 29.768140 -2.807674 0.589197 23.699676 -1.272628 -1.842348 8.209430 -7.015699 3.814820 40.601288 -2.310724 0.393345 19.320034 -0.879822 0.055654 7.238446 4.520372 -14.826626 0.387953 11.145655 31.061590 5.812209 6.715882 -15.090900 -1.616955 -0.000003 0.000010 0.000004 -14.748567 -14.157209 -4.912079 -4.963721 20.720671 -4.201082 1.682178 -3.584856 9.572372 -0.000001 -0.000049 0.000003 
5.393581 96.765259 -1.648394 -4.111033 -1.949799 -2.728718 0.236468 1.355352 -0.127179 -2.126169 1.675289 -0.266687 -2.126094 1.682341 -0.213419 0.302402 0.386791 0.605278 -1.693935 6.088610 5.212802 1.826024 0.048100 2.273098 -26.059786 1.247430 -73.263683 -29.258348 0.000000 -0.000001 14.063472 8.109685 -10.834000 12.917997 -12.423812 4.297506 13.387980 8.631695 4.468491 2.335453 -0.315948 2.828404 0.677341 -0.266001 -22.033936 3.853805 1.172867 -33.844130 1.922674 0.272653 -16.141605 1.876894 0.088911 -27.819002 2.667405 0.535097 -22.682874 1.724071 0.218373 -14.436455 1.539263 -0.351830 -33.538018 1.979393 0.289342 -16.631200 1.298017 0.122910 -10.819341 6.407262 3.586551 -45.751582 -1.628882 0.444306 -21.073533 0.919396 0.061401 -7.640669 10.435734 2.474855 1.608909 27.200689 1.436917 68.658305 30.648708 -0.000000 0.000023 -12.782417 -4.394746 0.475589 -22.235116 4.034856 -7.718901 0.149621 7.458875 -0.714266 0.152292 -1.645751 -3.033772 -4.591456 0.767811 10.885809 -4.553410 1.687333 40.649721 -0.982652 0.069488 8.089833 -6.725279 2.112042 20.999560 -3.556262 0.973029 30.596270 -0.774373 -1.720632 5.086602 -4.618820 1.587015 29.950014 -2.745011 0.562050 23.139942 -1.269826 -1.912539 8.128090 -6.964816 3.789368 40.862604 -2.273716 0.380503 18.998656 -0.864120 0.053664 7.108717 4.481640 -14.582771 0.376813 11.065127 30.507013 5.732357 6.662718 -14.782795 -1.690457 0.000004 -0.000087 0.000001 -14.778205 -13.968913 -4.917434 -4.847909 20.368521 -4.072524 1.508694 -3.487375 9.418229 -0.000006 -0.000043 0.000005 
5.144018 96.884880 -1.623258 -3.993887 -1.896975 -2.589620 0.210062 1.328054 -0.087036 -2.119185 1.618057 -0.201582 -2.118526 1.622351 -0.150157 0.374282 0.172094 0.427859 -1.676136 5.873765 5.093598 2.149551 0.000107 2.422598 -26.043737 1.334560 -73.383860 -29.280922 -0.000004 -0.000014 14.080980 8.111199 -10.804067 12.861990 -12.425464 4.269693 13.459987 8.768054 4.539601 2.416679 -0.279345 2.839392 0.751784 -0.238156 -22.085714 3.835653 1.160764 -33.663605 1.888805 0.262949 -15.849930 1.966630 0.132455 -27.944090 2.644887 0.525720 -22.481091 1.726358 0.218960 -14.456106 1.638411 -0.294256 -33.674117 1.963390 0.284579 -16.493001 1.299452 0.123208 -10.831258 6.487580 3.671958 -45.789916 -1.656953 0.433565 -20.824760 0.920128 0.061491 -7.646905 9.444137 2.308547 0.947033 27.766302 1.291113 69.074379 30.503423 -0.000005 -0.000001 -12.991324 -3.656299 0.656954 -22.208089 3.968314 -7.732949 0.105610 7.520095 -0.781817 0.170269 -1.651565 -3.025905 -4.658532 0.786532 10.974736 -4.516850 1.656181 40.256746 -0.967305 0.067321 7.962487 -6.758509 2.137807 21.148728 -3.506597 0.943950 30.124918 -0.757567 -1.765268 4.951545 -4.601124 1.577564 29.983431 -2.692520 0.539881 22.672799 -1.266680 -1.955527 8.069964 -6.924797 3.760207 40.947503 -2.250364 0.372507 18.796383 -0.854458 0.052469 7.028852 4.434329 -14.295308 0.368717 10.977395 29.870101 5.649731 6.583243 -14.429917 -1.778301 -0.000003 -0.000083 0.000001 -14.807579 -13.745495 -4.925609 -4.713521 19.971671 -3.918690 1.298685 -3.381795 9.237097 0.000007 -0.000015 0.000005 
4.862803 97.009628 -1.593502 -3.862695 -1.840147 -2.442785 0.178151 1.295143 -0.050574 -2.113588 1.554213 -0.140601 -2.112324 1.556021 -0.091048 0.449525 -0.053728 0.258011 -1.642789 5.628663 4.958128 2.438894 -0.046870 2.635282 -25.873904 1.448509 -73.528933 -29.302471 0.000013 0.000009 14.023431 8.205984 -10.761693 12.805745 -12.430458 4.248131 13.532512 8.904888 4.611050 2.503851 -0.239363 2.849636 0.829221 -0.202166 -21.945980 3.826339 1.154545 -33.571012 1.857412 0.254114 -15.579861 2.049622 0.176270 -27.940613 2.627307 0.518473 -22.323794 1.734603 0.221090 -14.526535 1.721789 -0.244744 -33.777505 1.948186 0.280100 -16.361670 1.303457 0.123963 -10.864953 6.543408 3.730450 -45.798095 -1.689560 0.421251 -20.536180 0.920635 0.061555 -7.651169 8.382903 2.123253 0.248551 28.265578 1.109286 69.515418 30.354990 -0.000010 0.000008 -13.187583 -2.810228 0.814924 -22.250453 3.982986 -7.822156 0.140871 7.446554 -0.785727 0.241342 -1.682168 -3.016230 -4.710749 0.802085 11.057445 -4.474346 1.620508 39.802787 -0.950146 0.064944 7.820371 -6.781253 2.147538 21.156016 -3.457903 0.915948 29.664833 -0.740086 -1.788106 4.825381 -4.592637 1.570680 29.905737 -2.644569 0.520062 22.247560 -1.262592 -1.976693 8.025535 -6.906696 3.740852 40.899241 -2.229835 0.365549 18.618650 -0.848852 0.051784 6.982389 4.384469 -13.988794 0.373700 10.889350 29.191255 5.564437 6.483279 -14.053113 -1.880677 0.000002 -0.000083 0.000000 -14.875387 -13.516047 -4.927365 -4.541429 19.571815 -3.738586 1.075158 -3.287157 9.025730 0.000012 -0.000034 0.000007 
4.553796 97.130577 -1.559839 -3.726812 -1.776676 -2.298373 0.142486 1.256799 -0.017171 -2.111122 1.482954 -0.082542 -2.109233 1.482534 -0.034945 0.525831 -0.289632 0.101994 -1.594961 5.358819 4.810707 2.689699 -0.092214 2.900486 -25.518321 1.567942 -73.702509 -29.313744 -0.000001 0.000006 13.908021 8.400490 -10.714833 12.753956 -12.438394 4.234541 13.600943 9.034033 4.677076 2.590989 -0.198850 2.858554 0.909018 -0.159873 -21.627924 3.824552 1.153370 -33.553509 1.828149 0.246036 -15.328444 2.126717 0.220317 -27.800355 2.613884 0.512982 -22.203758 1.748041 0.224591 -14.641513 1.792880 -0.200160 -33.825494 1.933484 0.275779 -16.234962 1.309687 0.125165 -10.917673 6.580333 3.764601 -45.724206 -1.726242 0.407642 -20.212306 0.920902 0.061598 -7.653350 7.330959 1.933258 -0.435954 28.647108 0.903966 69.953274 30.181930 -0.000010 0.000013 -13.348197 -1.990484 0.923725 -22.435575 4.170863 -8.052621 0.344156 7.092153 -0.643711 0.406187 -1.756668 -3.003644 -4.743734 0.815377 11.165217 -4.424917 1.579708 39.278437 -0.929801 0.062165 7.651951 -6.799178 2.154642 21.154853 -3.402084 0.884500 29.140101 -0.718951 -1.804196 4.679715 -4.597848 1.571092 29.803565 -2.590311 0.498120 21.767999 -1.256857 -1.991452 7.976624 -6.914430 3.742172 40.821770 -2.206750 0.357825 18.419063 -0.843270 0.051102 6.936337 4.329998 -13.692068 0.404582 10.809521 28.520336 5.478602 6.373333 -13.677324 -2.000312 0.000006 -0.000088 -0.000001 -15.008630 -13.311363 -4.910690 -4.313635 19.216315 -3.533246 0.853248 -3.224102 8.783311 -0.000006 -0.000050 -0.000002 
4.220476 97.239639 -1.522934 -3.599062 -1.706448 -2.164399 0.105475 1.214201 0.014702 -2.112137 1.405040 -0.025369 -2.109590 1.402581 0.020209 0.603258 -0.536336 -0.039660 -1.530989 5.069402 4.656515 2.905052 -0.135978 3.204580 -24.965894 1.672701 -73.907906 -29.312351 0.000003 0.000002 13.777607 8.699223 -10.666081 12.712157 -12.447882 4.229272 13.658176 9.142532 4.730049 2.668337 -0.162398 2.865395 0.985053 -0.117213 -21.207319 3.824753 1.153512 -33.555463 1.797898 0.237806 -15.068640 2.196647 0.262327 -27.560609 2.600697 0.507615 -22.085751 1.763952 0.228757 -14.777849 1.855859 -0.157733 -33.811489 1.917809 0.271251 -16.099608 1.316991 0.126579 -10.979253 6.607098 3.780739 -45.525113 -1.766499 0.392952 -19.857612 0.920942 0.061599 -7.653653 6.357330 1.753124 -1.066330 28.883801 0.683874 70.366214 29.958163 -0.000018 0.000011 -13.465173 -1.321713 0.972380 -22.810327 4.588830 -8.461069 0.766048 6.365051 -0.306831 0.682186 -1.883623 -2.988340 -4.763485 0.829475 11.329937 -4.368335 1.533955 38.682913 -0.905623 0.058953 7.451902 -6.822238 2.175224 21.287541 -3.331938 0.845918 28.484365 -0.692031 -1.830955 4.491643 -4.618070 1.581892 29.770254 -2.519594 0.470328 21.145146 -1.249322 -2.017459 7.906961 -6.944296 3.768860 40.828200 -2.181874 0.349595 18.204046 -0.833894 0.049964 6.858662 4.269282 -13.429090 0.470096 10.743881 27.903894 5.397301 6.266324 -13.325828 -2.142303 0.000002 -0.000089 0.000001 -15.195757 -13.155755 -4.868748 -4.038538 18.949385 -3.311101 0.642476 -3.211980 8.514416 -0.000015 -0.000040 0.000000 
3.865762 97.331352 -1.482540 -3.492546 -1.632630 -2.043027 0.069670 1.168672 0.045749 -2.115155 1.321847 0.031790 -2.111935 1.317483 0.075321 0.683236 -0.793760 -0.168992 -1.446731 4.767271 4.502310 3.088374 -0.178492 3.540127 -24.227048 1.752024 -74.152639 -29.303906 0.000009 -0.000023 13.682576 9.096890 -10.607541 12.689107 -12.455845 4.231347 13.692555 9.208637 4.758715 2.719226 -0.138033 2.869108 1.047033 -0.081896 -20.799427 3.818895 1.149634 -33.497324 1.761810 0.228191 -14.759412 2.253673 0.297321 -27.295936 2.581972 0.500053 -21.918564 1.778502 0.232612 -14.902549 1.909223 -0.119483 -33.751544 1.898846 0.265806 -15.936373 1.323606 0.127861 -11.035099 6.626813 3.781201 -45.190844 -1.809807 0.377480 -19.476604 0.920808 0.061578 -7.652611 5.512264 1.594429 -1.615218 28.967416 0.456711 70.741089 29.667668 -0.000023 0.000035 -13.545311 -0.882756 0.966995 -23.366885 5.223417 -9.030682 1.382610 5.283164 0.204132 1.051047 -2.054750 -2.972356 -4.782217 0.847604 11.563378 -4.306355 1.484902 38.035988 -0.879007 0.055541 7.231707 -6.858861 2.219226 21.627613 -3.245685 0.799902 27.683452 -0.659985 -1.879099 4.261391 -4.650778 1.603053 29.856946 -2.428741 0.435931 20.348520 -1.240716 -2.065396 7.812322 -6.986922 3.817484 40.981545 -2.156313 0.341250 17.983726 -0.819034 0.048183 6.736035 4.207052 -13.211574 0.569138 10.694449 27.373088 5.330200 6.168664 -13.015421 -2.312541 -0.000008 -0.000081 -0.000001 -15.381017 -13.062052 -4.804412 -3.763043 18.805153 -3.090123 0.448328 -3.266131 8.229495 -0.000012 -0.000054 0.000001 
3.491713 97.404442 -1.437335 -3.416222 -1.560139 -1.931437 0.037304 1.121034 0.075266 -2.117256 1.234644 0.087661 -2.113375 1.228539 0.129161 0.767180 -1.059901 -0.288121 -1.338096 4.461517 4.355295 3.242333 -0.220133 3.904061 -23.336586 1.809227 -74.445182 -29.298851 0.000015 -0.000009 13.659117 9.568782 -10.524821 12.696173 -12.457948 4.238544 13.689785 9.205416 4.750502 2.722403 -0.136297 2.868709 1.084133 -0.060390 -20.516657 3.799732 1.136997 -33.307540 1.715510 0.216166 -14.363266 2.288793 0.319245 -27.092495 2.552557 0.488289 -21.656483 1.788161 0.235195 -14.985162 1.944555 -0.092795 -33.681029 1.874694 0.258958 -15.728336 1.327941 0.128693 -11.071690 6.633454 3.761893 -44.755938 -1.855733 0.361412 -19.073766 0.920586 0.061552 -7.650769 4.820178 1.463516 -2.069953 28.905238 0.232466 71.074156 29.314492 0.000002 0.000036 -13.604685 -0.688033 0.926283 -24.030742 5.982916 -9.682097 1.542378 4.232427 0.603837 1.460367 -2.245594 -2.958193 -4.811010 0.870908 11.844574 -4.242937 1.435900 37.380058 -0.853613 0.052355 7.021732 -6.910594 2.284444 22.135595 -3.148864 0.750050 26.791113 -0.626944 -1.947031 4.018211 -4.690358 1.631128 30.044332 -2.323024 0.397669 19.426834 -1.232520 -2.133758 7.704025 -7.031654 3.877704 41.260234 -2.127404 0.331921 17.734643 -0.800239 0.046014 6.580691 4.152192 -13.036461 0.692425 10.659453 26.935165 5.289398 6.077922 -12.751920 -2.516359 0.000002 -0.000092 -0.000000 -15.490022 -13.026443 -4.726219 -3.555003 18.792939 -2.890661 0.270130 -3.390747 7.939180 0.000000 -0.000014 0.000005 
3.100349 97.462273 -1.385820 -3.371695 -1.492596 -1.825098 0.009937 1.071672 0.101265 -2.115164 1.144624 0.139430 -2.110692 1.137005 0.178941 0.855541 -1.331508 -0.398679 -1.204510 4.162590 4.220481 3.373102 -0.261366 4.287674 -22.355028 1.859916 -74.784609 -29.306802 0.000005 0.000003 13.713677 10.067242 -10.406573 12.742566 -12.450243 4.248132 13.639297 9.112173 4.697198 2.660701 -0.165682 2.863729 1.089244 -0.056110 -20.425102 3.763789 1.113535 -32.952671 1.657005 0.201467 -13.863501 2.293803 0.323222 -27.014554 2.510128 0.471611 -21.279087 1.791055 0.235961 -15.009983 1.951048 -0.086662 -33.640901 1.844548 0.250547 -15.469243 1.329158 0.128939 -11.081910 6.615718 3.716053 -44.287298 -1.903761 0.345013 -18.653655 0.920339 0.061516 -7.648584 4.275767 1.360169 -2.431802 28.720703 0.024528 71.369220 28.924553 0.000014 0.000023 -13.660933 -0.692396 0.873271 -24.674559 6.724240 -10.286316 1.178458 3.443457 0.815530 1.838980 -2.422720 -2.948113 -4.853337 0.897296 12.124615 -4.183329 1.390855 36.768589 -0.834316 0.050035 6.862225 -6.970880 2.356942 22.676161 -3.052205 0.702194 25.907416 -0.599264 -2.022116 3.809625 -4.730495 1.660363 30.253500 -2.214457 0.360389 18.485584 -1.226427 -2.210072 7.603843 -7.071529 3.936613 41.570676 -2.096036 0.321973 17.464751 -0.781212 0.043827 6.423660 4.110997 -12.886131 0.828548 10.634278 26.565812 5.280443 5.986709 -12.525599 -2.753609 0.000004 -0.000085 -0.000001 -15.469692 -13.029874 -4.643155 -3.446986 18.889679 -2.721186 0.090008 -3.574829 7.652349 -0.000005 -0.000069 0.000002 
2.693732 97.513725 -1.327538 -3.351988 -1.430958 -1.720476 -0.011664 1.021062 0.121967 -2.106622 1.053523 0.184364 -2.101669 1.044695 0.221948 0.947581 -1.605608 -0.502803 -1.051356 3.880321 4.098094 3.494782 -0.302694 4.669011 -21.363541 1.923293 -75.152551 -29.331861 0.000008 -0.000015 13.820077 10.529403 -10.253744 12.828493 -12.431362 4.257491 13.542041 8.929329 4.601553 2.532379 -0.227310 2.854910 1.061856 -0.068741 -20.520197 3.712765 1.080786 -32.451240 1.587620 0.184710 -13.272342 2.266097 0.307929 -27.078905 2.456184 0.450863 -20.800453 1.787758 0.235080 -14.981795 1.922743 -0.106184 -33.659340 1.809295 0.240877 -15.166459 1.327524 0.128614 -11.068006 6.565220 3.640875 -43.854298 -1.953328 0.328484 -18.220751 0.920070 0.061483 -7.646493 3.845568 1.278264 -2.715484 28.455705 -0.152833 71.634894 28.537596 -0.000000 0.000011 -13.726119 -0.814183 0.826790 -25.157265 7.300466 -10.703315 0.905476 2.861987 0.976926 2.119729 -2.554562 -2.942805 -4.902797 0.922041 12.345532 -4.132085 1.352945 36.246946 -0.825224 0.048919 6.787169 -7.028184 2.417764 23.086056 -2.966741 0.661400 25.131268 -0.583000 -2.087705 3.679785 -4.766502 1.685408 30.388160 -2.115810 0.328218 17.634763 -1.223787 -2.277815 7.533037 -7.105652 3.984699 41.797705 -2.064192 0.312052 17.191207 -0.765929 0.042121 6.297429 4.082889 -12.734084 0.971701 10.614623 26.215950 5.294572 5.886621 -12.313412 -3.015607 0.000001 -0.000087 0.000001 -15.317116 -13.036794 -4.557682 -3.424428 19.029510 -2.577036 -0.115474 -3.786285 7.372146 -0.000013 -0.000052 0.000003 
2.274177 97.569946 -1.263542 -3.343245 -1.375361 -1.614568 -0.027602 0.970380 0.136862 -2.091397 0.964247 0.221375 -2.086092 0.954526 0.257132 1.041821 -1.880524 -0.604130 -0.889712 3.621993 3.982640 3.627825 -0.344839 5.014213 -20.448698 2.011243 -75.516320 -29.371507 -0.000006 -0.000016 13.930304 10.895095 -10.082671 12.941069 -12.403981 4.264754 13.414608 8.686874 4.480545 2.357759 -0.311545 2.844324 1.008550 -0.094510 -20.734258 3.652622 1.042979 -31.863727 1.511613 0.167239 -12.626293 2.211118 0.276439 -27.249917 2.395302 0.428048 -20.262320 1.780818 0.233233 -14.922355 1.863670 -0.148974 -33.738631 1.771027 0.230620 -14.838287 1.324178 0.127970 -11.039887 6.483543 3.541315 -43.496134 -2.004014 0.312016 -17.779597 0.919873 0.061464 -7.644738 3.477879 1.207934 -2.945782 28.167562 -0.289471 71.880672 28.194495 -0.000001 0.000022 -13.802265 -0.964729 0.795641 -25.374452 7.605331 -10.834800 0.786921 2.606915 1.039727 2.259521 -2.620654 -2.941526 -4.946053 0.939215 12.463745 -4.091424 1.323381 35.835376 -0.828029 0.049265 6.810325 -7.070953 2.451327 23.252399 -2.898629 0.629909 24.516378 -0.580986 -2.131826 3.649477 -4.796230 1.702821 30.383188 -2.034625 0.302961 16.937481 -1.224846 -2.325096 7.501880 -7.137558 4.018770 41.863233 -2.032478 0.302308 16.919190 -0.756450 0.041092 6.219101 4.064268 -12.547746 1.121361 10.596310 25.820702 5.308354 5.769946 -12.083545 -3.284814 -0.000003 -0.000091 -0.000000 -15.076835 -13.007319 -4.467595 -3.443554 19.129949 -2.447204 -0.358474 -3.984886 7.096857 -0.000006 -0.000045 0.000001 
1.843802 97.638954 -1.196063 -3.329164 -1.327522 -1.503222 -0.038765 0.921638 0.146904 -2.071591 0.880764 0.251571 -2.066057 0.870419 0.285655 1.136658 -2.155411 -0.707332 -0.733063 3.391017 3.864553 3.790469 -0.388246 5.291873 -19.679187 2.121768 -75.844770 -29.419308 -0.000011 -0.000039 13.994159 11.127648 -9.918160 13.056211 -12.374291 4.268837 13.285806 8.439353 4.361474 2.175711 -0.399740 2.834611 0.941411 -0.126756 -20.971616 3.590837 1.005024 -31.264136 1.434240 0.150368 -11.970268 2.141441 0.236024 -27.458453 2.333206 0.405472 -19.715269 1.773493 0.231286 -14.859421 1.787624 -0.205145 -33.854365 1.732241 0.220488 -14.506294 1.320658 0.127283 -11.010290 6.383126 3.429411 -43.204806 -2.055200 0.295829 -17.334740 0.919723 0.061435 -7.643584 3.119862 1.138983 -3.151207 27.917548 -0.383483 72.112850 27.924738 0.000002 -0.000009 -13.881129 -1.073492 0.778183 -25.295549 7.598813 -10.665030 0.841470 2.708713 0.987001 2.248743 -2.616134 -2.942891 -4.968437 0.944392 12.464086 -4.060528 1.301197 35.524125 -0.841433 0.050871 6.921041 -7.090726 2.451389 23.153759 -2.847178 0.606671 24.053811 -0.591819 -2.152326 3.709010 -4.818330 1.711329 30.229744 -1.970619 0.283793 16.389594 -1.228731 -2.349417 7.506059 -7.170405 4.040380 41.756286 -2.000449 0.292649 16.644809 -0.752160 0.040627 6.183708 4.057349 -12.301968 1.276176 10.576445 25.330151 5.299039 5.632805 -11.809946 -3.543996 -0.000006 -0.000075 0.000001 -14.813456 -12.915142 -4.372025 -3.461987 19.133119 -2.322813 -0.631218 -4.142231 6.822667 0.000007 -0.000014 -0.000001 
1.404669 97.720634 -1.127775 -3.297119 -1.290786 -1.381779 -0.046812 0.877093 0.154028 -2.051181 0.807028 0.277553 -2.045488 0.796224 0.310197 1.230789 -2.428507 -0.816107 -0.592241 3.186668 3.733949 3.987249 -0.432482 5.490916 -19.084037 2.241529 -76.128032 -29.470149 -0.000001 -0.000026 13.978385 11.227011 -9.781466 13.147037 -12.349529 4.269287 13.186435 8.246682 4.271927 2.029879 -0.470653 2.828049 0.875565 -0.157533 -21.154213 3.533172 0.970411 -30.707882 1.359643 0.134987 -11.339414 2.072969 0.196300 -27.635198 2.274217 0.384634 -19.197351 1.768156 0.229885 -14.813738 1.712702 -0.260881 -33.967668 1.694823 0.210913 -14.186399 1.318137 0.126790 -10.988858 6.281891 3.319611 -42.932742 -2.106461 0.280029 -16.890624 0.919697 0.061442 -7.643225 2.736784 1.064553 -3.356233 27.751844 -0.442081 72.332093 27.739632 -0.000014 0.000026 -13.948536 -1.101129 0.766262 -24.969462 7.310772 -10.265737 1.038318 3.106108 0.840416 2.108538 -2.550552 -2.945447 -4.960239 0.935910 12.358721 -4.036457 1.284099 35.282534 -0.862084 0.053412 7.091773 -7.083149 2.420571 22.844891 -2.806656 0.588746 23.690646 -0.610972 -2.156216 3.827104 -4.829725 1.709904 29.964566 -1.917835 0.268496 15.938914 -1.233912 -2.357228 7.531132 -7.202146 4.050540 41.520447 -1.968890 0.283296 16.374899 -0.750638 0.040457 6.171330 4.077717 -11.992816 1.430545 10.554311 24.736599 5.260146 5.465979 -11.487058 -3.783932 -0.000008 -0.000083 0.000000 -14.581672 -12.764336 -4.274024 -3.457870 19.042863 -2.202280 -0.911202 -4.259739 6.546998 0.000004 -0.000007 0.000002 
0.959118 97.805801 -1.061018 -3.242572 -1.268363 -1.248184 -0.053981 0.838242 0.160444 -2.034943 0.745318 0.302056 -2.029106 0.734114 0.333553 1.323382 -2.695293 -0.930942 -0.471061 3.004867 3.584842 4.202636 -0.475880 5.632352 -18.643689 2.354598 -76.389034 -29.524743 -0.000010 -0.000029 13.876433 11.228499 -9.679043 13.194675 -12.335048 4.266354 13.137200 8.150323 4.229326 1.951168 -0.509296 2.825626 0.826614 -0.179591 -21.253949 3.481513 0.940032 -30.212109 1.289489 0.121289 -10.747317 2.020693 0.166319 -27.741233 2.219820 0.365953 -18.721067 1.765474 0.229150 -14.790867 1.654522 -0.303857 -34.043968 1.659426 0.202063 -13.884136 1.316891 0.126559 -10.978309 6.195171 3.223110 -42.620076 -2.157227 0.264831 -16.451860 0.919737 0.061446 -7.643625 2.325038 0.983415 -3.574471 27.683219 -0.478348 72.533665 27.632304 0.000004 -0.000016 -13.991469 -1.040935 0.752311 -24.498272 6.826848 -9.762030 1.313188 3.675585 0.648234 1.880040 -2.442835 -2.948462 -4.920893 0.915598 12.175505 -4.015714 1.269453 35.074698 -0.886153 0.056455 7.290813 -7.047443 2.365719 22.401386 -2.770678 0.573104 23.369011 -0.633483 -2.153861 3.968748 -4.824387 1.696614 29.633824 -1.869709 0.254948 15.528990 -1.239071 -2.358174 7.561563 -7.224048 4.045459 41.210100 -1.938885 0.274550 16.118510 -0.749646 0.040358 6.163036 4.153552 -11.644013 1.578576 10.520752 24.086078 5.198987 5.263004 -11.135644 -4.005409 -0.000006 -0.000070 -0.000002 -14.411740 -12.590177 -4.177758 -3.428813 18.925833 -2.090096 -1.173836 -4.368595 6.270387 0.000007 0.000000 -0.000002 
0.509893 97.880058 -0.996946 -3.169762 -1.261717 -1.105086 -0.062724 0.804930 0.167688 -2.027203 0.694884 0.326760 -2.021208 0.683273 0.357411 1.414012 -2.948008 -1.048393 -0.365068 2.839847 3.418025 4.404844 -0.516483 5.763837 -18.299176 2.451825 -76.676755 -29.591327 -0.000016 -0.000011 13.705330 11.187584 -9.599582 13.195499 -12.332220 4.260892 13.140967 8.156955 4.234935 1.945978 -0.512439 2.827101 0.807645 -0.188329 -21.297472 3.433840 0.912523 -29.756843 1.222886 0.108989 -10.186100 1.995209 0.151938 -27.781147 2.168667 0.348828 -18.274342 1.764329 0.228855 -14.781093 1.621374 -0.327344 -34.068345 1.625536 0.193756 -13.595283 1.316405 0.126470 -10.974207 6.130262 3.144634 -42.226760 -2.206949 0.250345 -16.022965 0.919854 0.061463 -7.644675 1.911529 0.900441 -3.807159 27.684017 -0.506368 72.711489 27.583285 -0.000004 0.000003 -14.004330 -0.911797 0.735282 -23.997311 6.261855 -9.281489 1.595737 4.276758 0.463424 1.611849 -2.315976 -2.951658 -4.860830 0.888068 11.946312 -3.995401 1.255252 34.871749 -0.910415 0.059609 7.491492 -6.986482 2.292697 21.865951 -2.736170 0.558301 23.061174 -0.655985 -2.151609 4.110194 -4.795698 1.668532 29.257768 -1.823928 0.242400 15.139557 -1.243696 -2.358093 7.589512 -7.224353 4.016661 40.847014 -1.908619 0.265875 15.860466 -0.748638 0.040240 6.154778 4.311221 -11.301206 1.719717 10.488361 23.464579 5.142226 4.998873 -10.798174 -4.218264 0.000007 -0.000957 0.000003 -14.307339 -12.446157 -4.084458 -3.385726 18.885475 -1.994482 -1.400787 -4.517333 5.996756 -0.000001 -0.000022 0.000002 
0.060211 97.932098 -0.935208 -3.088520 -1.269147 -0.958540 -0.075015 0.775178 0.176272 -2.030720 0.651746 0.351912 -2.024540 0.639699 0.381965 1.502599 -3.177143 -1.162630 -0.264378 2.686485 3.241500 4.560145 -0.553072 5.939809 -17.977707 2.535498 -77.043653 -29.683142 0.000023 -0.000033 13.493321 11.158245 -9.520114 13.160910 -12.338709 4.254471 13.183603 8.239297 4.275276 1.996340 -0.488672 2.831081 0.826184 -0.182695 -21.342939 3.386271 0.885584 -29.304647 1.157626 0.097583 -9.637198 2.000691 0.154478 -27.793264 2.118073 0.332351 -17.833679 1.762703 0.228423 -14.767166 1.613251 -0.331729 -34.050064 1.592203 0.185789 -13.311347 1.315754 0.126346 -10.968606 6.085861 3.082413 -41.753080 -2.255083 0.236744 -15.608546 0.920020 0.061472 -7.646055 1.538800 0.824277 -4.046493 27.695758 -0.536869 72.862703 27.567818 0.000000 0.000008 -13.991927 -0.748691 0.722914 -23.561733 5.729172 -8.913229 1.567932 4.903888 0.228859 1.350728 -2.192128 -2.954902 -4.800229 0.860051 11.704219 -3.973459 1.240034 34.653153 -0.932240 0.062505 7.672217 -6.907673 2.204847 21.231121 -2.704665 0.544965 22.780815 -0.676906 -2.147372 4.242861 -4.741145 1.624350 28.818467 -1.784143 0.231747 14.801826 -1.247890 -2.354716 7.617501 -7.194908 3.955627 40.404920 -1.877212 0.257051 15.592755 -0.749410 0.040327 6.161054 4.550886 -11.004837 1.858928 10.466676 22.947163 5.109148 4.668403 -10.512427 -4.433429 0.000002 -0.000551 0.000003 -14.246566 -12.372241 -3.991846 -3.352544 18.997797 -1.925276 -1.582503 -4.741178 5.732297 0.000011 -0.000024 -0.000000 
-0.386737 97.959167 -0.874296 -3.008820 -1.284723 -0.814272 -0.091597 0.745827 0.186151 -2.046010 0.609923 0.376818 -2.039609 0.597423 0.406392 1.589144 -3.374342 -1.268432 -0.159449 2.542986 3.068507 4.650307 -0.585708 6.195756 -17.622911 2.617714 -77.518112 -29.812785 -0.000001 0.000010 13.266162 11.174225 -9.418849 13.110199 -12.350098 4.249103 13.242027 8.352221 4.329411 2.071082 -0.452800 2.835671 0.881352 -0.164650 -21.443630 3.335691 0.857469 -28.825792 1.091980 0.086772 -9.085974 2.034203 0.171213 -27.824850 2.065969 0.315820 -17.380962 1.758913 0.227421 -14.734542 1.623915 -0.322686 -34.015309 1.558732 0.177960 -13.026461 1.314068 0.126012 -10.954543 6.054948 3.031369 -41.238975 -2.301116 0.224032 -15.213012 0.920180 0.061490 -7.647395 1.242243 0.763144 -4.282341 27.653542 -0.575680 72.991950 27.562381 -0.000004 -0.000008 -13.968105 -0.592892 0.729111 -23.249853 5.315308 -8.691721 1.255938 5.462276 -0.025926 1.135187 -2.089858 -2.957914 -4.764760 0.839288 11.487325 -3.948048 1.222565 34.400613 -0.948971 0.064769 7.810718 -6.823539 2.105142 20.465055 -2.680810 0.535019 22.569025 -0.695463 -2.130721 4.366526 -4.666133 1.566694 28.276826 -1.758207 0.224942 14.581967 -1.251979 -2.337739 7.655787 -7.136810 3.860463 39.830006 -1.847126 0.248710 15.336768 -0.755105 0.040946 6.208101 4.830413 -10.774133 2.000808 10.452955 22.565188 5.102865 4.312547 -10.293542 -4.660630 -0.000000 -0.000036 -0.000001 -14.186211 -12.375732 -3.897008 -3.362497 19.271418 -1.890805 -1.721822 -5.043045 5.483207 0.000000 -0.000059 -0.000002 
-0.828285 97.966606 -0.812331 -2.935949 -1.299203 -0.673393 -0.111521 0.713785 0.196507 -2.071321 0.563597 0.400683 -2.064696 0.550638 0.429731 1.673521 -3.535251 -1.363751 -0.046736 2.412880 2.913913 4.683890 -0.615585 6.531219 -17.216127 2.713077 -78.087688 -29.986173 -0.000011 -0.000020 13.039369 11.240932 -9.286335 13.061655 -12.362232 4.246814 13.294577 8.453430 4.378155 2.140646 -0.418975 2.838954 0.963498 -0.138203 -21.619574 3.281460 0.827932 -28.315176 1.025887 0.076514 -8.532000 2.086749 0.196707 -27.906811 2.012140 0.299207 -16.914463 1.752399 0.225720 -14.678792 1.643949 -0.308084 -33.993148 1.525204 0.170300 -12.741639 1.311115 0.125426 -10.929672 6.029028 2.986195 -40.744513 -2.344499 0.212379 -14.841045 0.920282 0.061515 -7.648218 1.030935 0.720393 -4.508098 27.513684 -0.624492 73.111936 27.548390 -0.000005 0.000022 -13.950734 -0.482371 0.766362 -23.080848 5.065964 -8.603679 1.095697 5.752054 -0.143108 0.990992 -2.021408 -2.960293 -4.777711 0.832989 11.339151 -3.917154 1.201544 34.094709 -0.957538 0.065968 7.881721 -6.749803 1.998974 19.555935 -2.669284 0.530221 22.466703 -0.710413 -2.088144 4.480733 -4.583788 1.502616 27.605576 -1.754005 0.223872 14.546266 -1.255986 -2.293564 7.716017 -7.060793 3.739054 39.081769 -1.820176 0.241383 15.107660 -0.769007 0.042474 6.322893 5.079640 -10.599805 2.143517 10.443682 22.291468 5.114884 3.993646 -10.127139 -4.904443 -0.000004 -0.000049 -0.000002 -14.074101 -12.437716 -3.801707 -3.445453 19.657909 -1.893527 -1.836442 -5.398380 5.254017 0.000002 -0.000033 0.000002 
-1.262434 97.964409 -0.747571 -2.869025 -1.304150 -0.532926 -0.132347 0.677183 0.206585 -2.103370 0.509171 0.423186 -2.096537 0.495744 0.451487 1.755057 -3.660765 -1.450137 0.068827 2.306099 2.790537 4.694644 -0.645072 6.909912 -16.779169 2.828766 -78.700827 -30.198049 0.000002 -0.000034 12.818074 11.340898 -9.129858 13.027067 -12.372596 4.248959 13.327574 8.516658 4.409369 2.186464 -0.396088 2.839667 1.056893 -0.108504 -21.851964 3.225619 0.798187 -27.791722 0.961113 0.067111 -7.989675 2.145882 0.224601 -28.040954 1.958251 0.283060 -16.448728 1.743881 0.223494 -14.605868 1.664069 -0.295125 -34.001662 1.492541 0.162988 -12.464440 1.307200 0.124674 -10.896559 6.001232 2.943105 -40.322370 -2.384686 0.201869 -14.497066 0.920319 0.061529 -7.648378 0.881726 0.692359 -4.723530 27.272110 -0.681895 73.239415 27.513954 -0.000016 0.000021 -13.955507 -0.441555 0.837116 -23.040468 4.983427 -8.606516 1.064650 5.814847 -0.151084 0.926835 -1.991104 -2.961560 -4.850098 0.845417 11.295254 -3.879465 1.176201 33.722953 -0.955654 0.065699 7.866018 -6.699857 1.893600 18.539370 -2.672310 0.531489 22.493515 -0.720405 -2.010114 4.582696 -4.509382 1.440781 26.815657 -1.775397 0.229433 14.727592 -1.259676 -2.212329 7.805532 -6.982244 3.606317 38.168303 -1.795219 0.234707 14.895794 -0.793207 0.045202 6.522673 5.239711 -10.453943 2.280792 10.437125 22.063705 5.130937 3.759674 -9.981937 -5.162627 0.000001 -0.000012 0.000002 -13.871643 -12.526937 -3.711840 -3.612674 20.084783 -1.927677 -1.953076 -5.771680 5.046216 0.000000 -0.000057 -0.000005 
-1.687354 97.963554 -0.678765 -2.802684 -1.296433 -0.389245 -0.151028 0.635928 0.215482 -2.138546 0.446293 0.444395 -2.131541 0.432372 0.471583 1.832265 -3.756225 -1.530823 0.176097 2.237429 2.706020 4.727746 -0.677449 7.276533 -16.358271 2.957884 -79.285724 -30.431648 0.000013 -0.000006 12.602537 11.447190 -8.969303 13.012460 -12.379726 4.255964 13.335240 8.530907 4.417723 2.201235 -0.387762 2.837597 1.145538 -0.080421 -22.099784 3.171304 0.769882 -27.284867 0.900235 0.058857 -7.480557 2.199872 0.249347 -28.204988 1.906818 0.268090 -16.004953 1.734664 0.221105 -14.526996 1.677361 -0.288426 -34.041424 1.461917 0.156289 -12.204798 1.302903 0.123859 -10.860266 5.967880 2.900027 -39.995607 -2.421121 0.192548 -14.185589 0.920239 0.061493 -7.647938 0.749624 0.669597 -4.932069 26.964509 -0.744747 73.388689 27.454104 0.000002 -0.000002 -13.990539 -0.472793 0.928820 -23.090097 5.031785 -8.649045 1.115219 5.731187 -0.098242 0.931888 -1.993765 -2.961881 -4.972133 0.874865 11.357437 -3.836250 1.147608 33.298538 -0.943946 0.064092 7.769132 -6.676914 1.794848 17.488331 -2.689205 0.538490 22.643459 -0.725751 -1.896723 4.674968 -4.452062 1.386831 25.960301 -1.820396 0.241438 15.109639 -1.262828 -2.093898 7.925284 -6.913050 3.477000 37.154108 -1.774294 0.229167 14.718407 -0.827551 0.049194 6.806337 5.295886 -10.300905 2.407598 10.435796 21.810524 5.136403 3.611943 -9.823927 -5.424675 -0.000011 -0.000038 0.000002 -13.575073 -12.606523 -3.633047 -3.850110 20.474957 -1.980929 -2.092368 -6.125569 4.857504 -0.000006 -0.000025 0.000004 
-2.100524 97.970993 -0.605759 -2.730310 -1.278911 -0.241920 -0.165196 0.591489 0.222381 -2.174125 0.377517 0.464162 -2.167002 0.363066 0.489789 1.902881 -3.829095 -1.607842 0.263340 2.222578 2.660955 4.821159 -0.715825 7.579836 -15.999856 3.080787 -79.776555 -30.662611 -0.000006 -0.000048 12.395260 11.537424 -8.827271 13.022172 -12.382237 4.266956 13.314934 8.491402 4.399903 2.182745 -0.395260 2.833191 1.219297 -0.057087 -22.326502 3.120976 0.744166 -26.817230 0.845450 0.051877 -7.023091 2.241703 0.267900 -28.368648 1.859737 0.254752 -15.599823 1.725791 0.218815 -14.451125 1.681103 -0.289033 -34.097827 1.434233 0.150364 -11.970353 1.298760 0.123056 -10.825239 5.928986 2.856404 -39.751455 -2.453252 0.184536 -13.911166 0.920203 0.061488 -7.647515 0.588011 0.641211 -5.137367 26.648736 -0.809077 73.564949 27.370228 -0.000012 0.000003 -14.053784 -0.552759 1.015468 -23.177837 5.148502 -8.686872 1.192009 5.596508 -0.033574 0.977749 -2.015976 -2.961887 -5.111333 0.911788 11.471982 -3.793023 1.119426 32.876074 -0.927999 0.061939 7.637080 -6.668786 1.703506 16.474736 -2.717589 0.550407 22.895786 -0.730049 -1.759618 4.775618 -4.408949 1.340711 25.116098 -1.881929 0.258351 15.632913 -1.265977 -1.949736 8.070715 -6.855265 3.359354 36.140044 -1.775107 0.229357 14.725155 -0.869149 0.054302 7.150200 5.279770 -10.115811 2.524547 10.449561 21.486129 5.123374 3.502859 -9.633289 -5.675572 0.000007 -0.000004 0.000002 -13.219923 -12.652294 -3.566312 -4.123430 20.783769 -2.039560 -2.258777 -6.438332 4.683270 -0.000008 -0.000055 0.000005 
-2.498350 97.987282 -0.530139 -2.646559 -1.256968 -0.093513 -0.174114 0.546178 0.226351 -2.209018 0.306989 0.481566 -2.201863 0.292000 0.505184 1.964447 -3.886437 -1.680304 0.324008 2.272801 2.648655 4.991930 -0.761321 7.789723 -15.731546 3.173849 -80.133248 -30.865338 -0.000024 -0.000041 12.205014 11.601653 -8.719555 13.061536 -12.378005 4.280394 13.263407 8.392271 4.351778 2.128545 -0.420248 2.827193 1.277290 -0.038743 -22.518777 3.075510 0.721395 -26.396564 0.797962 0.046202 -6.626710 2.271589 0.280735 -28.509963 1.817840 0.243222 -15.239810 1.717596 0.216692 -14.381141 1.677455 -0.294327 -34.149587 1.409921 0.145249 -11.764452 1.294944 0.122334 -10.793314 5.888146 2.813600 -39.552768 -2.480541 0.177825 -13.678328 0.920244 0.061494 -7.647886 0.367794 0.599325 -5.339176 26.379598 -0.871951 73.762396 27.268383 0.000017 -0.000001 -14.133991 -0.638298 1.067081 -23.251987 5.261258 -8.691942 1.246297 5.498299 0.006462 1.026859 -2.039932 -2.962581 -5.221307 0.939203 11.531297 -3.759362 1.097839 32.548590 -0.917941 0.060586 7.553887 -6.650360 1.614659 15.533744 -2.754849 0.566275 23.227655 -0.740063 -1.618864 4.919438 -4.366176 1.297575 24.355611 -1.950124 0.277800 16.214616 -1.270415 -1.800626 8.233586 -6.800932 3.253873 35.228620 -1.795260 0.234722 14.896188 -0.912765 0.059905 7.511072 5.248794 -9.896533 2.635398 10.481007 21.089949 5.090212 3.366908 -9.413275 -5.901209 -0.000006 -0.018151 0.000005 -12.863315 -12.661276 -3.508983 -4.391074 21.009261 -2.091601 -2.443076 -6.707965 4.518177 0.000001 -0.000018 -0.000002 
-2.877412 98.007904 -0.455371 -2.548821 -1.234160 0.053697 -0.178974 0.502428 0.226482 -2.243672 0.239064 0.495030 -2.236607 0.223591 0.516303 2.015210 -3.933407 -1.745255 0.359362 2.389915 2.656501 5.233541 -0.812265 7.900412 -15.556106 3.220057 -80.345639 -31.020274 -0.000004 -0.000020 12.046184 11.641829 -8.650585 13.134631 -12.365058 4.294321 13.178300 8.228937 4.270081 2.036825 -0.463959 2.820541 1.326763 -0.022920 -22.687213 3.034743 0.701319 -26.020531 0.758022 0.041692 -6.293646 2.296069 0.291413 -28.622780 1.781114 0.233313 -14.924822 1.709826 0.214717 -14.314669 1.672779 -0.299079 -34.179018 1.389038 0.140952 -11.587829 1.291472 0.121664 -10.763862 5.852033 2.775401 -39.360287 -2.502455 0.172519 -13.491649 0.920485 0.061542 -7.649859 0.085425 0.541915 -5.534645 26.188503 -0.933615 73.968060 27.156988 0.000010 0.000015 -14.215322 -0.680666 1.061509 -23.274841 5.308614 -8.656047 1.246402 5.496193 0.003072 1.045278 -2.049654 -2.964844 -5.258681 0.938872 11.411479 -3.745843 1.089211 32.417348 -0.925037 0.061547 7.612607 -6.595213 1.521431 14.662193 -2.798320 0.585097 23.616067 -0.763049 -1.497160 5.143475 -4.307655 1.251962 23.730003 -2.014881 0.296977 16.768367 -1.277757 -1.670805 8.402596 -6.738907 3.157783 34.497551 -1.826009 0.242952 15.157221 -0.952062 0.065194 7.836394 5.261503 -9.662358 2.741479 10.494789 20.655969 5.031908 3.183907 -9.178953 -6.094760 0.000013 -0.069889 0.000001 -12.554552 -12.650308 -3.459257 -4.620449 21.182303 -2.128489 -2.633401 -6.946973 4.357744 0.000004 -0.000039 0.000002 
-3.237032 98.028725 -0.385969 -2.437370 -1.210162 0.200642 -0.182278 0.462431 0.222381 -2.279336 0.177480 0.503312 -2.272477 0.161641 0.522132 2.055017 -3.972882 -1.800808 0.376708 2.564733 2.669108 5.524251 -0.865027 7.921162 -15.458368 3.214987 -80.423954 -31.118769 0.000003 -0.000010 11.934455 11.665938 -8.614809 13.237780 -12.343415 4.306734 13.064407 8.009891 4.159173 1.912979 -0.523930 2.814069 1.377378 -0.006239 -22.850873 2.998813 0.683927 -25.690146 0.725859 0.038213 -6.025645 2.323923 0.304538 -28.712930 1.749866 0.225060 -14.657115 1.702140 0.212761 -14.248942 1.675072 -0.297569 -34.179168 1.371852 0.137448 -11.442539 1.288142 0.121029 -10.735904 5.828583 2.747426 -39.155145 -2.518413 0.168716 -13.355705 0.920924 0.061588 -7.653623 -0.242965 0.472315 -5.721922 26.077266 -0.999808 74.169557 27.043652 0.000000 0.000019 -14.283728 -0.643732 0.994907 -23.232912 5.259506 -8.589554 1.184138 5.607089 -0.044585 1.015146 -2.036670 -2.968899 -5.201760 0.900804 11.033560 -3.758913 1.097542 32.544233 -0.956067 0.065774 7.869534 -6.491274 1.422244 13.857428 -2.844042 0.605253 24.025522 -0.802431 -1.413943 5.460443 -4.226922 1.202584 23.271460 -2.066867 0.312861 17.214225 -1.288968 -1.581842 8.561518 -6.665126 3.071450 33.995539 -1.855516 0.251017 15.408113 -0.981195 0.069280 8.077674 5.357182 -9.434705 2.840978 10.509102 20.212186 4.964617 2.904406 -8.942881 -6.256132 0.000008 -0.136698 0.000001 -12.314398 -12.640516 -3.417596 -4.794033 21.334987 -2.145488 -2.827350 -7.167779 4.199063 0.000004 -0.000053 0.000003 
-3.580626 98.050026 -0.326198 -2.314915 -1.182055 0.350694 -0.186731 0.428056 0.215079 -2.317029 0.125219 0.506926 -2.310462 0.109164 0.523504 2.085897 -4.006211 -1.849540 0.384790 2.778898 2.672140 5.840276 -0.915734 7.863750 -15.416813 3.166397 -80.384722 -31.164377 0.000002 -0.000003 11.880784 11.681873 -8.602174 13.354279 -12.316549 4.315746 12.939217 7.768058 4.036269 1.776180 -0.590813 2.808779 1.434368 0.013321 -23.018444 2.969246 0.669785 -25.419036 0.702260 0.035750 -5.829139 2.360771 0.322966 -28.789025 1.725322 0.218691 -14.447091 1.694705 0.210875 -14.185429 1.690001 -0.286216 -34.155314 1.359020 0.134856 -11.334047 1.285048 0.120459 -10.709708 5.824058 2.735094 -38.949027 -2.528042 0.166428 -13.273817 0.921523 0.061673 -7.658602 -0.596339 0.396235 -5.905525 26.026473 -1.082159 74.361601 26.932769 -0.000000 0.000026 -14.332081 -0.517919 0.883538 -23.139656 5.123172 -8.515394 1.075556 5.802267 -0.122245 0.941353 -2.003080 -2.974064 -5.061376 0.830794 10.418394 -3.796499 1.121695 32.909982 -1.008582 0.073216 8.304705 -6.352157 1.326950 13.171358 -2.884734 0.623576 24.391201 -0.854600 -1.381991 5.835058 -4.134570 1.155062 23.009574 -2.097592 0.322476 17.478111 -1.303188 -1.548559 8.687707 -6.589057 3.003055 33.756697 -1.871569 0.255463 15.544691 -0.996085 0.071413 8.201132 5.546146 -9.217587 2.927774 10.453639 19.757383 4.868779 2.592237 -8.697375 -6.387207 0.000002 -0.214812 0.000001 -12.132983 -12.640485 -3.383892 -4.912734 21.472952 -2.143432 -3.030349 -7.370799 4.040298 -0.000006 -0.000016 0.000001 
-3.913460 98.077271 -0.278684 -2.186355 -1.147971 0.505513 -0.194203 0.400845 0.207273 -2.356854 0.084651 0.509004 -2.350575 0.068447 0.523881 2.113763 -4.039509 -1.900238 0.393057 2.999324 2.654260 6.165574 -0.961634 7.735778 -15.412218 3.089423 -80.243146 -31.170159 0.000002 -0.000023 11.887109 11.694617 -8.603223 13.455803 -12.291087 4.319555 12.831853 7.559809 3.930140 1.658534 -0.648864 2.805765 1.494416 0.034644 -23.179934 2.947122 0.659324 -25.216524 0.686234 0.034123 -5.695752 2.405118 0.345837 -28.855367 1.707724 0.214191 -14.296592 1.688253 0.209237 -14.130284 1.717587 -0.265884 -34.121730 1.350271 0.133095 -11.260296 1.282398 0.119964 -10.687314 5.838589 2.739107 -38.764261 -2.532943 0.165287 -13.232000 0.922097 0.061753 -7.663380 -0.962293 0.318129 -6.097951 26.011302 -1.196163 74.548687 26.824596 0.000007 0.000016 -14.361388 -0.323018 0.756957 -23.028845 4.944535 -8.459931 0.955306 6.018949 -0.205381 0.848685 -1.960233 -2.978938 -4.878481 0.748815 9.700645 -3.845703 1.153828 33.391214 -1.069985 0.082445 8.814254 -6.215181 1.255629 12.727698 -2.908086 0.634210 24.601529 -0.908346 -1.406404 6.181355 -4.055171 1.120109 22.975933 -2.097536 0.322443 17.477616 -1.317661 -1.577094 8.753991 -6.531111 2.966944 33.807319 -1.865603 0.253809 15.493961 -0.994951 0.071228 8.191703 5.810623 -8.991381 2.998438 10.246669 19.253267 4.713864 2.349312 -8.416293 -6.490092 0.000008 -0.297929 -0.000003 -11.982805 -12.634971 -3.352973 -4.991553 21.561480 -2.130280 -3.248228 -7.538060 3.881442 0.000007 -0.000050 -0.000003 
-4.238725 98.117126 -0.243767 -2.058687 -1.110744 0.660342 -0.205157 0.381797 0.202934 -2.397842 0.057342 0.514772 -2.391735 0.040925 0.528719 2.144383 -4.075322 -1.964501 0.404198 3.201438 2.612279 6.493679 -1.001503 7.544567 -15.428813 3.000724 -80.015892 -31.153545 0.000022 0.000004 11.945188 11.707420 -8.610492 13.511785 -12.274503 4.316703 12.773704 7.446920 3.871678 1.594360 -0.681062 2.805701 1.546814 0.053676 -23.314074 2.933713 0.653022 -25.093833 0.677344 0.033264 -5.621614 2.448431 0.368450 -28.912051 1.697529 0.211592 -14.209558 1.683617 0.208088 -14.090742 1.751262 -0.241955 -34.095611 1.345568 0.132180 -11.220496 1.280433 0.119589 -10.670858 5.865959 2.755775 -38.636618 -2.534505 0.164906 -13.218696 0.922404 0.061789 -7.666038 -1.341781 0.239124 -6.316420 26.014746 -1.355951 74.741763 26.716686 0.000013 -0.000007 -14.378562 -0.098947 0.645377 -22.940753 4.785524 -8.443359 0.863765 6.184014 -0.267005 0.770985 -1.923850 -2.981745 -4.708089 0.679319 9.085939 -3.889024 1.182605 33.817032 -1.121798 0.090694 9.244573 -6.127900 1.232794 12.703284 -2.901703 0.631294 24.543957 -0.947951 -1.485833 6.388930 -4.017211 1.110007 23.212473 -2.059951 0.310713 17.154812 -1.328345 -1.665065 8.735813 -6.513455 2.979169 34.177935 -1.837437 0.246050 15.254415 -0.977806 0.068802 8.049546 6.113602 -8.724816 3.060187 9.915029 18.648204 4.501376 2.193886 -8.073932 -6.568805 -0.000005 -0.380338 -0.000001 -11.835682 -12.595831 -3.312648 -5.055151 21.554342 -2.122439 -3.477519 -7.647362 3.725986 -0.000001 -0.000028 0.000001 
-4.556002 98.171509 -0.219797 -1.940429 -1.078439 0.803601 -0.218760 0.370913 0.205859 -2.438267 0.043503 0.529521 -2.432121 0.026631 0.543319 2.180517 -4.108698 -2.051229 0.413566 3.380966 2.551835 6.821847 -1.035536 7.307060 -15.449622 2.914177 -79.730246 -31.130387 -0.000024 -0.000034 12.038201 11.723994 -8.616959 13.503391 -12.271662 4.306684 12.784625 7.468940 3.880608 1.604708 -0.677063 2.808778 1.579338 0.065391 -23.406259 2.929487 0.651052 -25.055234 0.675816 0.033106 -5.608987 2.479378 0.384512 -28.960876 1.695060 0.210976 -14.188458 1.681082 0.207445 -14.068985 1.780150 -0.222431 -34.091673 1.344994 0.132082 -11.215565 1.279203 0.119353 -10.660493 5.895590 2.778230 -38.603396 -2.532863 0.165310 -13.232592 0.922287 0.061774 -7.665012 -1.743177 0.157439 -6.575255 26.031789 -1.567458 74.951778 26.606840 0.000013 -0.000010 -14.392276 0.110898 0.568003 -22.905963 4.699013 -8.472466 0.831549 6.242477 -0.287751 0.736518 -1.907036 -2.981206 -4.596193 0.640529 8.764857 -3.912085 1.198105 34.044542 -1.147387 0.094921 9.457296 -6.125966 1.277354 13.246501 -2.858961 0.611945 24.159518 -0.959246 -1.612001 6.370628 -4.038833 1.133123 23.748914 -1.984609 0.287933 16.509322 -1.331496 -1.801640 8.622666 -6.547767 3.049344 34.883818 -1.795831 0.234861 14.900978 -0.945652 0.064324 7.783218 6.411557 -8.399359 3.128490 9.512287 17.927139 4.245127 2.125955 -7.665722 -6.629539 0.000011 -0.457898 0.000001 -11.677910 -12.497879 -3.245720 -5.124542 21.423769 -2.139607 -3.705145 -7.686107 3.580046 0.000001 -0.000002 -0.000002 
-4.863044 98.233871 -0.203997 -1.839643 -1.059877 0.922100 -0.233388 0.366890 0.218152 -2.476161 0.041396 0.555959 -2.469724 0.023734 0.570123 2.222044 -4.131430 -2.161837 0.415710 3.546928 2.483229 7.143125 -1.065045 7.056841 -15.452584 2.838614 -79.429793 -31.110866 -0.000002 -0.000020 12.145235 11.748884 -8.613755 13.433525 -12.282440 4.290658 12.862605 7.621566 3.955630 1.685576 -0.638760 2.814802 1.585507 0.066703 -23.462810 2.932079 0.652271 -25.078959 0.680524 0.033553 -5.648117 2.489877 0.389331 -29.010511 1.698531 0.211850 -14.218163 1.679927 0.207142 -14.059181 1.794193 -0.214359 -34.117912 1.347725 0.132593 -11.238750 1.278329 0.119187 -10.653111 5.916023 2.798078 -38.677852 -2.528199 0.166398 -13.272422 0.921680 0.061699 -7.659803 -2.170728 0.070813 -6.878169 26.064837 -1.823145 75.182802 26.495946 -0.000003 0.000026 -14.409293 0.275629 0.527528 -22.932925 4.707310 -8.537982 0.866454 6.180177 -0.263807 0.755671 -1.914785 -2.977092 -4.560962 0.638582 8.825798 -3.908892 1.195950 34.012979 -1.139531 0.093595 9.392032 -6.213685 1.392859 14.372311 -2.782666 0.578252 23.475987 -0.936106 -1.769482 6.107697 -4.117291 1.189073 24.560013 -1.879351 0.257645 15.610974 -1.325478 -1.968313 8.427517 -6.627283 3.172830 35.883475 -1.754094 0.223909 14.547087 -0.900070 0.058246 7.405993 6.667281 -8.032133 3.219932 9.123232 17.144576 3.981160 2.110426 -7.223617 -6.684886 -0.000003 -0.527906 0.000003 -11.515404 -12.344625 -3.138195 -5.214745 21.199565 -2.197703 -3.906656 -7.670372 3.448907 -0.000006 -0.000018 0.000000 
-5.158545 98.291496 -0.193581 -1.760911 -1.058092 1.009549 -0.247252 0.367309 0.238916 -2.509683 0.047405 0.592395 -2.502752 0.028644 0.606993 2.265728 -4.133922 -2.288021 0.408018 3.716954 2.416573 7.442371 -1.092167 6.840756 -15.413039 2.777762 -79.168443 -31.097803 -0.000010 0.000002 12.246271 11.785375 -8.589461 13.326953 -12.301620 4.271276 12.982956 7.855091 4.073449 1.807866 -0.580242 2.822617 1.568665 0.058289 -23.510942 2.937065 0.654601 -25.124405 0.689112 0.034410 -5.719672 2.479548 0.382351 -29.075514 1.704692 0.213409 -14.270754 1.678737 0.206861 -14.049020 1.788883 -0.220849 -34.173933 1.352369 0.133526 -11.277862 1.277180 0.118964 -10.643552 5.920029 2.808876 -38.845973 -2.520636 0.168185 -13.336824 0.920634 0.061561 -7.651124 -2.615198 -0.020746 -7.213952 26.115949 -2.101489 75.428491 26.389018 -0.000004 0.000022 -14.431969 0.384864 0.512817 -23.003951 4.793884 -8.615233 0.948791 6.031824 -0.209618 0.815930 -1.941531 -2.970699 -4.588243 0.666964 9.213183 -3.884383 1.179465 33.771225 -1.103750 0.087791 9.094577 -6.361222 1.562034 15.911878 -2.686553 0.537390 22.619932 -0.884548 -1.936524 5.666801 -4.229524 1.267070 25.545240 -1.760532 0.225572 14.601606 -1.312042 -2.141254 8.188046 -6.729148 3.328629 37.058124 -1.724198 0.216192 14.293936 -0.843671 0.051161 6.939586 6.860791 -7.670379 3.341961 8.823267 16.401581 3.749547 2.101560 -6.801888 -6.750002 -0.000006 -0.589948 0.000000 -11.366715 -12.170628 -2.987955 -5.332400 20.958038 -2.301424 -4.055821 -7.639169 3.333863 0.000002 -0.000035 0.000005 
-5.443359 98.332794 -0.186564 -1.703435 -1.068431 1.071707 -0.258807 0.369438 0.263741 -2.537291 0.057055 0.632947 -2.529771 0.037056 0.647573 2.306171 -4.108278 -2.413940 0.392219 3.910314 2.357422 7.698712 -1.119188 6.703510 -15.312815 2.731309 -78.994614 -31.087971 0.000005 -0.000015 12.326850 11.832397 -8.533919 13.219694 -12.321344 4.252026 13.108234 8.096129 4.197768 1.930332 -0.521734 2.830794 1.540958 0.044483 -23.583451 2.940128 0.656050 -25.152435 0.699218 0.035441 -5.803815 2.456181 0.367499 -29.168244 1.710377 0.214858 -14.319294 1.676052 0.206188 -14.026174 1.767417 -0.239391 -34.251257 1.357474 0.134551 -11.320993 1.275244 0.118601 -10.627222 5.907983 2.809135 -39.073641 -2.510317 0.170636 -13.424608 0.919411 0.061392 -7.640933 -3.052437 -0.113437 -7.558333 26.181360 -2.371994 75.672752 26.293925 -0.000011 -0.000006 -14.457909 0.446501 0.507504 -23.081117 4.911851 -8.668699 1.037704 5.870581 -0.152515 0.885900 -1.973103 -2.964714 -4.643254 0.709863 9.754857 -3.851997 1.157965 33.452873 -1.055514 0.080245 8.694015 -6.519801 1.748438 17.549676 -2.591956 0.498786 21.782450 -0.821404 -2.088990 5.176961 -4.342934 1.348902 26.543951 -1.649629 0.197621 13.663625 -1.295948 -2.296043 7.956309 -6.825140 3.484768 38.227343 -1.717331 0.214453 14.235818 -0.781405 0.043863 6.425233 6.991545 -7.367156 3.487354 8.646700 15.794676 3.576429 2.067329 -6.449686 -6.836425 -0.000008 -0.645174 0.000001 -11.248925 -12.026444 -2.808649 -5.475191 20.788492 -2.441863 -4.138198 -7.637903 3.231703 0.000002 -0.000036 0.000004 
-5.719525 98.353500 -0.182053 -1.661946 -1.083730 1.122811 -0.267053 0.371304 0.286821 -2.557855 0.066677 0.669878 -2.549811 0.045530 0.683889 2.337675 -4.051299 -2.521902 0.373271 4.140908 2.304645 7.893300 -1.147133 6.669033 -15.152020 2.696674 -78.932145 -31.075001 0.000014 0.000021 12.380776 11.883347 -8.443821 13.142813 -12.334720 4.235974 13.204730 8.280181 4.294862 2.018171 -0.480126 2.837655 1.517302 0.031328 -23.697078 2.939514 0.655734 -25.146854 0.709687 0.036532 -5.890940 2.431804 0.351396 -29.288169 1.714247 0.215862 -14.352365 1.671314 0.204997 -13.985692 1.739028 -0.263062 -34.335354 1.362414 0.135535 -11.362741 1.272402 0.118067 -10.603187 5.887212 2.802816 -39.320583 -2.497425 0.173706 -13.534498 0.918281 0.061250 -7.631463 -3.450252 -0.200295 -7.880452 26.250869 -2.604348 75.894432 26.217835 -0.000020 0.000026 -14.481507 0.477422 0.498439 -23.120629 5.003903 -8.661028 1.086125 5.782287 -0.122052 0.926873 -1.992065 -2.962395 -4.691083 0.748798 10.245194 -3.827255 1.141695 33.210405 -1.012851 0.073832 8.340197 -6.645787 1.908645 18.938561 -2.520081 0.470491 21.149245 -0.767109 -2.207018 4.774747 -4.430063 1.415769 27.385203 -1.566521 0.177976 12.962959 -1.282904 -2.413744 7.780355 -6.894237 3.609899 39.201635 -1.725339 0.216495 14.303531 -0.721625 0.037390 5.931829 7.071973 -7.145509 3.638869 8.583477 15.356340 3.465542 1.999138 -6.182462 -6.946763 0.000007 -0.695504 -0.000001 -11.167285 -11.944410 -2.624837 -5.632082 20.738502 -2.597084 -4.160168 -7.691187 3.134672 0.000009 -0.000012 0.000000 
-5.988857 98.358009 -0.180328 -1.629487 -1.100566 1.177384 -0.271600 0.372492 0.303219 -2.570884 0.074819 0.697008 -2.562489 0.052827 0.709881 2.356183 -3.965950 -2.598789 0.356837 4.412483 2.252039 8.016228 -1.174501 6.727487 -14.954918 2.670173 -78.968858 -31.052803 -0.000005 -0.000020 12.410028 11.928127 -8.327484 13.109536 -12.338983 4.225006 13.256469 8.378034 4.347896 2.057762 -0.462044 2.842344 1.508280 0.023687 -23.839592 2.937124 0.654612 -25.125005 0.721218 0.037719 -5.986981 2.416781 0.340180 -29.417246 1.717598 0.216707 -14.381044 1.665204 0.203483 -13.933585 1.714394 -0.283766 -34.409690 1.367672 0.136606 -11.407179 1.269103 0.117455 -10.575310 5.868281 2.797075 -39.554281 -2.482080 0.177445 -13.665257 0.917471 0.061141 -7.624690 -3.778593 -0.273528 -8.151333 26.310891 -2.777692 76.072550 26.163683 0.000011 0.000002 -14.496890 0.493223 0.481334 -23.090383 5.025207 -8.566539 1.058603 5.832293 -0.139306 0.908105 -1.984654 -2.966565 -4.714162 0.771291 10.539813 -3.820445 1.137260 33.143869 -0.988019 0.070250 8.134253 -6.718780 2.011549 19.837962 -2.483658 0.456557 20.829475 -0.735977 -2.280533 4.545736 -4.479428 1.456856 27.950541 -1.522463 0.167995 12.592444 -1.276787 -2.485792 7.685799 -6.929916 3.686216 39.849697 -1.734864 0.218931 14.384163 -0.674811 0.032674 5.545766 7.118967 -6.986107 3.778541 8.598660 15.042448 3.403616 1.905091 -5.977096 -7.075119 0.000001 -0.741796 -0.000003 -11.112873 -11.923863 -2.461434 -5.787133 20.799490 -2.739185 -4.146598 -7.795450 3.032919 -0.000006 -0.000031 0.000004 
-6.252206 98.352966 -0.182930 -1.599830 -1.120331 1.242462 -0.272768 0.374215 0.311018 -2.576858 0.082671 0.712477 -2.568321 0.060204 0.724164 2.360478 -3.860284 -2.640190 0.346876 4.717626 2.193025 8.069055 -1.196964 6.837148 -14.765819 2.647277 -79.059843 -31.018153 -0.000020 -0.000026 12.422396 11.956613 -8.204667 13.112277 -12.336171 4.219069 13.269285 8.402026 4.361631 2.059346 -0.462409 2.845058 1.515541 0.023323 -23.973160 2.937640 0.654872 -25.129811 0.736032 0.039280 -6.110510 2.415168 0.336871 -29.525306 1.723753 0.218284 -14.433759 1.659442 0.202059 -13.884269 1.700855 -0.295763 -34.460265 1.374606 0.138006 -11.465792 1.266184 0.116912 -10.550720 5.859933 2.798680 -39.759002 -2.464433 0.181768 -13.815666 0.917082 0.061068 -7.621471 -4.017706 -0.327165 -8.350232 26.347981 -2.886239 76.191088 26.128115 0.000006 0.000022 -14.501053 0.501925 0.459857 -22.983641 4.960164 -8.384307 0.945569 6.037675 -0.209673 0.819806 -1.946476 -2.977944 -4.718107 0.776568 10.613464 -3.832329 1.145033 33.260105 -0.982476 0.069450 8.088369 -6.745811 2.052956 20.204762 -2.482479 0.456111 20.819200 -0.729665 -2.311258 4.492169 -4.497818 1.473834 28.217444 -1.516741 0.166692 12.544348 -1.277654 -2.515484 7.667202 -6.939942 3.716116 40.146428 -1.745949 0.221777 14.478005 -0.649057 0.030235 5.333542 7.146908 -6.856700 3.896371 8.655895 14.789998 3.375724 1.796665 -5.800898 -7.214451 0.000007 -0.783362 0.000000 -11.067448 -11.943598 -2.332121 -5.928576 20.933927 -2.847563 -4.128116 -7.931958 2.919830 0.000000 -0.000019 0.000001 
-6.509124 98.344536 -0.192582 -1.567999 -1.145595 1.314533 -0.271614 0.378609 0.312118 -2.577538 0.093223 0.719492 -2.569004 0.070579 0.730567 2.352149 -3.744322 -2.650553 0.344194 5.039485 2.125820 8.061091 -1.208824 6.940367 -14.635489 2.623095 -79.145964 -30.971500 0.000002 -0.000018 12.427324 11.961495 -8.101820 13.129913 -12.331143 4.216901 13.263409 8.390926 4.355515 2.047367 -0.469191 2.846692 1.532188 0.028533 -24.053590 2.946185 0.658875 -25.207838 0.756660 0.041526 -6.282388 2.423748 0.340361 -29.583308 1.736353 0.221543 -14.541471 1.655852 0.201170 -13.853699 1.699542 -0.297776 -34.480209 1.384702 0.140063 -11.551142 1.264506 0.116595 -10.536630 5.865583 2.810852 -39.937233 -2.444656 0.186654 -13.984432 0.917095 0.061078 -7.621570 -4.159661 -0.358416 -8.467003 26.350484 -2.938544 76.241092 26.102196 0.000017 0.000014 -14.495637 0.504123 0.441764 -22.823536 4.827043 -8.145284 0.769161 6.356626 -0.319616 0.678829 -1.884934 -2.994858 -4.724822 0.774172 10.553012 -3.854966 1.159938 33.482031 -0.987849 0.070217 8.132907 -6.753237 2.054555 20.190290 -2.505098 0.464746 21.017657 -0.737782 -2.310680 4.542219 -4.504606 1.478639 28.260468 -1.538365 0.171541 12.726211 -1.282014 -2.515342 7.693208 -6.940742 3.718862 40.174964 -1.760490 0.225551 14.601322 -0.644792 0.029838 5.298355 7.165691 -6.734406 3.993674 8.729993 14.552603 3.371892 1.680045 -5.628869 -7.359379 0.000005 -0.817244 -0.000002 -11.012965 -11.975855 -2.233089 -6.056194 21.093753 -2.917948 -4.127392 -8.075413 2.794745 0.000011 -0.000016 0.000002 
-6.758322 98.335220 -0.212666 -1.529480 -1.176342 1.382285 -0.269848 0.387727 0.311124 -2.575930 0.109762 0.724715 -2.567423 0.087045 0.736241 2.334328 -3.626359 -2.639715 0.346076 5.356174 2.056644 8.002367 -1.205301 6.986919 -14.604217 2.593928 -79.178722 -30.916062 -0.000023 -0.000014 12.432216 11.938155 -8.042421 13.141091 -12.328526 4.216610 13.259668 8.384501 4.350151 2.044916 -0.471057 2.848027 1.547484 0.035317 -24.053782 2.965593 0.668055 -25.385546 0.784497 0.044639 -6.514495 2.434721 0.346707 -29.577967 1.757401 0.227035 -14.721653 1.655536 0.201099 -13.851031 1.705984 -0.292941 -34.472112 1.398783 0.142947 -11.670362 1.264499 0.116596 -10.536619 5.882534 2.832245 -40.104798 -2.422904 0.192103 -14.170319 0.917398 0.061128 -7.623928 -4.204347 -0.367048 -8.500648 26.309076 -2.951644 76.220827 26.075337 -0.000006 0.000016 -14.487040 0.497943 0.433444 -22.655282 4.669742 -7.906495 0.577238 6.701199 -0.440073 0.523974 -1.817168 -3.013060 -4.757538 0.777047 10.496467 -3.877014 1.174552 33.698753 -0.991577 0.070759 8.163740 -6.771731 2.049595 20.049887 -2.535472 0.476480 21.284637 -0.744853 -2.294736 4.593358 -4.520825 1.486060 28.210368 -1.572074 0.179251 13.009770 -1.285089 -2.501185 7.722764 -6.949017 3.719301 40.083081 -1.774822 0.229304 14.722748 -0.653446 0.030640 5.369763 7.180237 -6.621287 4.081824 8.805464 14.324906 3.386673 1.557225 -5.455850 -7.506807 0.000001 -0.839382 0.000001 -10.942305 -12.005706 -2.146305 -6.175618 21.250218 -2.961215 -4.154634 -8.209450 2.662781 0.000007 -0.000014 0.000001 
-6.998231 98.322906 -0.246009 -1.480011 -1.209120 1.432699 -0.269539 0.402740 0.313131 -2.575795 0.134561 0.735126 -2.567227 0.111670 0.748300 2.309853 -3.510292 -2.617826 0.346323 5.646024 1.998579 7.897736 -1.184403 6.953834 -14.687977 2.559140 -79.140548 -30.856257 -0.000009 0.000003 12.439830 11.882956 -8.037774 13.135178 -12.330326 4.216607 13.268308 8.401995 4.356010 2.061319 -0.463423 2.849483 1.552816 0.039640 -23.978147 2.995059 0.682116 -25.655680 0.819084 0.048673 -6.803072 2.440418 0.351215 -29.519039 1.786286 0.234691 -14.969217 1.658271 0.201771 -13.874289 1.713131 -0.286682 -34.446833 1.416624 0.146658 -11.821195 1.265972 0.116863 -10.549000 5.904320 2.858306 -40.282287 -2.399301 0.198098 -14.371983 0.917766 0.061183 -7.627138 -4.153516 -0.353806 -8.456064 26.217065 -2.942354 76.133899 26.040216 -0.000005 0.000042 -14.484239 0.484801 0.436124 -22.529275 4.539536 -7.733699 0.426980 6.969342 -0.534949 0.401967 -1.763728 -3.027311 -4.826084 0.793945 10.553542 -3.890058 1.183292 33.827226 -0.984014 0.069692 8.101108 -6.820342 2.065066 20.015678 -2.560815 0.486414 21.507745 -0.739004 -2.277667 4.565750 -4.558370 1.505893 28.193067 -1.605059 0.186959 13.287572 -1.283314 -2.486344 7.724117 -6.973819 3.735619 40.015787 -1.788296 0.232874 14.837073 -0.662121 0.031448 5.441181 7.191151 -6.548684 4.176961 8.871641 14.152894 3.417717 1.430069 -5.301941 -7.655745 -0.000017 -0.846940 0.000001 -10.865199 -12.037404 -2.050022 -6.285558 21.404078 -2.991476 -4.211440 -8.332073 2.530291 0.000007 -0.000008 -0.000001 
-7.227908 98.302124 -0.293520 -1.416204 -1.239226 1.457277 -0.272605 0.423770 0.321378 -2.580699 0.168419 0.754906 -2.571895 0.145118 0.770661 2.279609 -3.395089 -2.591215 0.335504 5.893546 1.966998 7.745396 -1.147620 6.852862 -14.873358 2.521304 -79.051332 -30.796032 0.000009 -0.000018 12.447997 11.791248 -8.081287 13.115689 -12.335335 4.216366 13.285947 8.436569 4.370795 2.089548 -0.449664 2.850701 1.545532 0.039467 -23.860453 3.030445 0.699234 -25.980957 0.858243 0.053464 -7.129846 2.436880 0.351075 -29.434973 1.820030 0.243796 -15.258637 1.662615 0.202853 -13.911404 1.715057 -0.283810 -34.418853 1.436912 0.150929 -11.992989 1.268173 0.117302 -10.567515 5.924094 2.883934 -40.486165 -2.374022 0.204640 -14.588219 0.918098 0.061209 -7.629904 -4.007207 -0.319092 -8.340878 26.071479 -2.920681 75.987972 25.997064 -0.000010 0.000021 -14.495176 0.472866 0.444415 -22.481846 4.474012 -7.677449 0.362469 7.084058 -0.575726 0.349266 -1.740595 -3.033227 -4.919982 0.825143 10.752086 -3.892658 1.185028 33.852757 -0.963223 0.066743 7.928811 -6.897061 2.110362 20.200095 -2.576442 0.492619 21.645491 -0.717446 -2.267717 4.437808 -4.614154 1.538620 28.280820 -1.631369 0.193211 13.509470 -1.275964 -2.477991 7.687055 -7.012210 3.771749 40.060566 -1.802276 0.236576 14.955717 -0.660811 0.031347 5.430272 7.196520 -6.558905 4.293073 8.922832 14.105994 3.463735 1.300083 -5.200064 -7.806245 -0.000006 -0.839662 0.000001 -10.803352 -12.089191 -1.929942 -6.373063 21.581689 -3.015706 -4.295652 -8.455393 2.401018 -0.000006 -0.000033 -0.000001 
-7.447232 98.267181 -0.353579 -1.335999 -1.264078 1.455293 -0.280225 0.450218 0.335994 -2.592861 0.211057 0.783791 -2.583676 0.187111 0.802557 2.242048 -3.276187 -2.561015 0.301618 6.093371 1.973175 7.540394 -1.099262 6.722297 -15.122165 2.484270 -78.957984 -30.738177 0.000001 -0.000037 12.450746 11.659071 -8.150332 13.095149 -12.340539 4.216450 13.301039 8.465932 4.383942 2.113607 -0.437659 2.851078 1.528992 0.035149 -23.746891 3.066246 0.716813 -26.311019 0.899022 0.058686 -7.470391 2.424879 0.345968 -29.359606 1.854602 0.253334 -15.555681 1.666663 0.203848 -13.945900 1.709029 -0.286889 -34.400456 1.457955 0.155426 -12.171278 1.270158 0.117660 -10.584246 5.937376 2.905479 -40.722394 -2.347235 0.211667 -14.817641 0.918313 0.061242 -7.631647 -3.765106 -0.263176 -8.164131 25.874500 -2.887336 75.793995 25.954492 -0.000015 0.000050 -14.523065 0.474829 0.448130 -22.521437 4.481753 -7.753515 0.396577 7.023494 -0.554157 0.377260 -1.752592 -3.029359 -5.012739 0.862096 11.032365 -3.890434 1.183540 33.830863 -0.935214 0.062908 7.696892 -6.980914 2.175869 20.573510 -2.585954 0.496379 21.729420 -0.686650 -2.266358 4.248688 -4.672305 1.576077 28.477475 -1.652217 0.198264 13.685359 -1.265204 -2.476985 7.623772 -7.051099 3.817776 40.229602 -1.818522 0.240929 15.093658 -0.647244 0.030069 5.318575 7.192663 -6.682379 4.436242 8.960575 14.240860 3.524396 1.166361 -5.178892 -7.958601 0.000006 -0.819784 0.000002 -10.777932 -12.182236 -1.784687 -6.425663 21.820668 -3.034439 -4.400604 -8.599048 2.276213 -0.000001 -0.000025 -0.000000 
-7.656991 98.215515 -0.422781 -1.238259 -1.285294 1.433242 -0.292348 0.481295 0.354382 -2.612273 0.261810 0.817568 -2.602625 0.237108 0.839266 2.194020 -3.147856 -2.524843 0.231943 6.251093 2.019484 7.280826 -1.044556 6.606683 -15.384009 2.450781 -78.910630 -30.684772 -0.000014 -0.000034 12.441025 11.487619 -8.214260 13.085814 -12.343477 4.218149 13.303299 8.470255 4.386070 2.120248 -0.433902 2.850120 1.509111 0.028368 -23.673079 3.097954 0.732605 -26.604039 0.938939 0.064037 -7.804269 2.407606 0.337291 -29.315592 1.886713 0.262358 -15.831863 1.668835 0.204391 -13.964522 1.695101 -0.296105 -34.396068 1.478324 0.159874 -12.343862 1.271200 0.117837 -10.593054 5.942499 2.921073 -40.984314 -2.319078 0.219172 -15.059029 0.918377 0.061254 -7.632209 -3.431681 -0.187450 -7.936350 25.633145 -2.836704 75.567574 25.925962 0.000020 -0.000003 -14.564391 0.501469 0.434265 -22.625401 4.539999 -7.934970 0.505582 6.829164 -0.486117 0.467613 -1.791651 -3.017536 -5.073819 0.891509 11.286427 -3.892765 1.185092 33.853911 -0.910379 0.059628 7.491194 -7.044065 2.240529 21.016666 -2.597420 0.500976 21.830572 -0.658224 -2.271288 4.071324 -4.712740 1.606234 28.740651 -1.672733 0.203299 13.858709 -1.254856 -2.480704 7.559211 -7.074244 3.856910 40.482890 -1.836021 0.245679 15.242395 -0.626243 0.028140 5.145595 7.175611 -6.918620 4.602124 8.992842 14.566102 3.600298 1.025959 -5.244910 -8.112789 -0.000010 -0.790244 0.000000 -10.800062 -12.324754 -1.623359 -6.448053 22.142630 -3.049103 -4.509766 -8.776660 2.156010 -0.000008 -0.000017 0.000000 
-7.858477 98.149529 -0.497449 -1.122258 -1.307985 1.401794 -0.307529 0.516305 0.372395 -2.636409 0.319955 0.850365 -2.626325 0.294564 0.874622 2.132755 -3.005205 -2.480208 0.116426 6.379979 2.098523 6.973650 -0.987399 6.532565 -15.614050 2.421791 -78.936114 -30.638258 -0.000016 -0.000023 12.413299 11.288913 -8.247589 13.091937 -12.344069 4.223180 13.290624 8.445590 4.375014 2.107454 -0.439367 2.847716 1.489263 0.020410 -23.648051 3.123655 0.745543 -26.842218 0.976973 0.069352 -8.122410 2.386961 0.325997 -29.304322 1.914887 0.270427 -16.074565 1.668550 0.204311 -13.962106 1.673614 -0.310891 -34.400535 1.497318 0.164057 -12.504951 1.271043 0.117816 -10.591693 5.938831 2.929234 -41.255268 -2.289687 0.227153 -15.311138 0.918335 0.061240 -7.631901 -3.021749 -0.095857 -7.670232 25.357532 -2.762508 75.329391 25.923358 -0.000004 0.000020 -14.609431 0.553387 0.390761 -22.748954 4.606506 -8.161853 0.640048 6.588076 -0.403630 0.580255 -1.840110 -3.002411 -5.081743 0.901573 11.413032 -3.908111 1.195434 34.005354 -0.898204 0.057992 7.390580 -7.066289 2.284604 21.406508 -2.617981 0.509228 22.012305 -0.642958 -2.280016 3.973422 -4.721705 1.619666 29.021559 -1.697522 0.209456 14.068146 -1.248557 -2.486964 7.516919 -7.070837 3.875776 40.771756 -1.854316 0.250691 15.397854 -0.604474 0.026212 4.966273 7.143841 -7.233564 4.776870 9.028868 15.032244 3.693537 0.875752 -5.376413 -8.268818 -0.000013 -0.752883 0.000001 -10.869166 -12.506808 -1.459144 -6.468940 22.539389 -3.069401 -4.594899 -8.987917 2.041470 0.000012 -0.000020 0.000003 
-8.052900 98.075714 -0.574725 -0.988131 -1.337639 1.370811 -0.323268 0.554602 0.386682 -2.660831 0.384489 0.877568 -2.650416 0.358607 0.903998 2.057877 -2.845212 -2.427633 -0.048265 6.494720 2.196363 6.637429 -0.929191 6.490228 -15.790101 2.397835 -79.018028 -30.601525 -0.000004 -0.000056 12.366187 11.087228 -8.242230 13.108368 -12.344618 4.233230 13.269365 8.404077 4.356697 2.084886 -0.449236 2.844023 1.467410 0.010828 -23.651670 3.144315 0.756019 -27.033902 1.013546 0.074678 -8.428545 2.360709 0.311323 -29.305982 1.939749 0.277624 -16.288867 1.666255 0.203743 -13.942521 1.642706 -0.331817 -34.401211 1.515105 0.168018 -12.655897 1.269929 0.117613 -10.582348 5.924531 2.927286 -41.514464 -2.259261 0.235547 -15.572688 0.918256 0.061239 -7.631194 -2.562104 0.004942 -7.380647 25.058200 -2.663358 75.103879 25.950395 0.000023 0.000009 -14.646034 0.615809 0.310736 -22.842839 4.638948 -8.363839 0.746100 6.396961 -0.339853 0.670109 -1.878332 -2.989170 -5.031187 0.887427 11.359773 -3.940423 1.217365 34.325112 -0.903557 0.058698 7.434800 -7.043551 2.300101 21.682809 -2.649964 0.522271 22.295440 -0.646097 -2.292810 3.987317 -4.698292 1.614618 29.296997 -1.727266 0.216979 14.319789 -1.248259 -2.496519 7.507634 -7.041178 3.872250 41.073308 -1.873458 0.255993 15.560819 -0.585386 0.024576 4.809067 7.100458 -7.575895 4.942868 9.075434 15.554303 3.807863 0.712975 -5.533703 -8.427017 0.000006 -0.709035 0.000000 -10.975439 -12.703980 -1.300890 -6.525173 22.973966 -3.112308 -4.629717 -9.217749 1.935606 -0.000001 -0.000025 -0.000001 
-8.240874 98.001534 -0.652802 -0.837813 -1.376435 1.345201 -0.336757 0.595351 0.396156 -2.680686 0.453600 0.897994 -2.670058 0.427467 0.926389 1.972424 -2.666849 -2.371611 -0.255850 6.605165 2.298191 6.300882 -0.869306 6.429921 -15.923860 2.379823 -79.094117 -30.576626 -0.000018 -0.000024 12.304308 10.913478 -8.213570 13.125439 -12.348427 4.249576 13.248447 8.363104 4.339115 2.066335 -0.456669 2.839174 1.436794 -0.002359 -23.647840 3.162631 0.765396 -27.204121 1.050014 0.080179 -8.734166 2.322945 0.290604 -29.290815 1.963149 0.284505 -16.491032 1.663070 0.202956 -13.915236 1.598089 -0.361025 -34.383958 1.532410 0.171924 -12.802880 1.268404 0.117332 -10.569509 5.896007 2.910976 -41.744282 -2.227911 0.244376 -15.842405 0.918172 0.061220 -7.630552 -2.087147 0.106829 -7.082618 24.746165 -2.544901 74.914785 25.999691 -0.000019 0.000032 -14.665026 0.659633 0.195946 -22.872683 4.612506 -8.486792 0.786416 6.323896 -0.316641 0.705117 -1.892318 -2.981824 -4.932331 0.852198 11.133562 -3.988242 1.250290 34.800316 -0.925456 0.061590 7.616087 -6.987565 2.292624 21.860063 -2.690270 0.538937 22.652893 -0.666238 -2.312122 4.102697 -4.654587 1.597541 29.573336 -1.758565 0.225055 14.584844 -1.253524 -2.513007 7.526109 -6.996926 3.856470 41.394737 -1.894560 0.261913 15.740538 -0.568144 0.023153 4.667071 7.053267 -7.902975 5.087351 9.134627 16.054949 3.946523 0.534361 -5.680415 -8.587856 0.000000 -0.661404 -0.000005 -11.100338 -12.892079 -1.150883 -6.647742 23.402783 -3.193709 -4.601548 -9.446030 1.842030 0.000006 -0.000011 0.000004 
-8.422282 97.932175 -0.730465 -0.674490 -1.421577 1.322974 -0.345931 0.637410 0.402114 -2.692594 0.524545 0.914246 -2.681838 0.498307 0.944624 1.882154 -2.470974 -2.318915 -0.490908 6.713238 2.393277 5.997085 -0.806657 6.275959 -16.060328 2.368444 -79.073182 -30.562344 -0.000020 -0.000038 12.238820 10.792283 -8.197450 13.136671 -12.357224 4.272605 13.231979 8.330678 4.325531 2.059719 -0.457680 2.833234 1.391031 -0.021049 -23.605952 3.181374 0.775065 -27.378701 1.087777 0.086089 -9.050753 2.268239 0.261475 -29.235744 1.987103 0.291654 -16.697996 1.660046 0.202196 -13.889561 1.535856 -0.400485 -34.339917 1.550008 0.175952 -12.952336 1.267001 0.117056 -10.557643 5.850134 2.877020 -41.936781 -2.195808 0.253563 -16.119035 0.918129 0.061224 -7.630189 -1.629135 0.202698 -6.787742 24.435816 -2.417501 74.777218 26.055590 -0.000016 0.000010 -14.664751 0.649129 0.059498 -22.831263 4.528202 -8.509842 0.752028 6.385787 -0.338541 0.676884 -1.878588 -2.981715 -4.804464 0.804109 10.782800 -4.046332 1.291082 35.381486 -0.958945 0.066166 7.893270 -6.917873 2.274393 21.984333 -2.733227 0.557053 23.034977 -0.697372 -2.339603 4.281188 -4.609469 1.579302 29.862758 -1.786880 0.232471 14.825055 -1.262237 -2.539144 7.557251 -6.955979 3.844906 41.745385 -1.915772 0.267913 15.921432 -0.551231 0.021790 4.527838 7.011687 -8.196877 5.209574 9.204360 16.493747 4.106991 0.335116 -5.798033 -8.749681 0.000001 -0.615123 -0.000005 -11.218907 -13.055419 -1.004385 -6.838543 23.791289 -3.315391 -4.531404 -9.655365 1.763325 -0.000006 -0.000037 0.000003 
-8.596272 97.871819 -0.806520 -0.499396 -1.467086 1.296813 -0.350334 0.679586 0.407505 -2.696255 0.594177 0.931112 -2.685357 0.567846 0.963636 1.793343 -2.260362 -2.275038 -0.733196 6.814969 2.477430 5.754283 -0.740769 5.955961 -16.263799 2.363194 -78.868809 -30.551337 -0.000004 -0.000013 12.185544 10.728158 -8.236918 13.143955 -12.369822 4.301330 13.215294 8.298157 4.310759 2.061075 -0.454233 2.826135 1.330433 -0.044790 -23.519780 3.202097 0.785852 -27.571930 1.127378 0.092518 -9.383177 2.197436 0.224633 -29.138803 2.012659 0.299370 -16.918956 1.657773 0.201646 -13.870114 1.457359 -0.449223 -34.271068 1.568294 0.180176 -13.107953 1.265951 0.116874 -10.548770 5.788539 2.827037 -42.097840 -2.163082 0.263100 -16.401303 0.918104 0.061222 -7.630009 -1.207004 0.288940 -6.500463 24.149546 -2.290524 74.689669 26.101843 0.000011 0.000001 -14.653044 0.553686 -0.075151 -22.737688 4.410066 -8.445840 0.660835 6.549925 -0.394656 0.600128 -1.843835 -2.987664 -4.668334 0.751991 10.367962 -4.108609 1.335805 36.009037 -0.997840 0.071663 8.215632 -6.851536 2.253880 22.068818 -2.775233 0.575059 23.409698 -0.732803 -2.371072 4.482837 -4.579384 1.569031 30.148359 -1.811288 0.238994 15.032125 -1.271745 -2.571834 7.588023 -6.934459 3.850202 42.096385 -1.935720 0.273653 16.091453 -0.537548 0.020724 4.415220 6.980432 -8.454523 5.320930 9.280620 16.853324 4.275889 0.109709 -5.879253 -8.905885 -0.000017 -0.575672 -0.000001 -11.306753 -13.182548 -0.854162 -7.066753 24.109786 -3.456953 -4.473641 -9.829405 1.698008 0.000002 -0.000028 0.000002 
-8.761917 97.824799 -0.879265 -0.308470 -1.508015 1.259260 -0.351458 0.721099 0.414784 -2.694885 0.660132 0.952797 -2.683749 0.633586 0.987656 1.710154 -2.039929 -2.240790 -0.964367 6.905886 2.551915 5.585605 -0.671716 5.433659 -16.593048 2.363086 -78.438036 -30.530051 -0.000012 -0.000010 12.161551 10.697752 -8.364077 13.156520 -12.382168 4.332816 13.187862 8.245504 4.284358 2.056641 -0.453308 2.818076 1.266012 -0.069349 -23.413880 3.224701 0.797705 -27.783077 1.168409 0.099421 -9.727943 2.121663 0.185907 -29.023212 2.039695 0.307664 -17.153306 1.656055 0.201218 -13.855430 1.373250 -0.500785 -34.191203 1.587318 0.184634 -13.269786 1.265154 0.116724 -10.542093 5.721456 2.770972 -42.246994 -2.129905 0.272967 -16.687952 0.918079 0.061217 -7.629810 -0.818566 0.366866 -6.215553 23.918569 -2.166512 74.630281 26.130601 -0.000013 0.000023 -14.644703 0.358358 -0.179173 -22.625036 4.292981 -8.326972 0.545405 6.757020 -0.465358 0.502208 -1.800219 -2.997236 -4.540834 0.702303 9.938370 -4.170309 1.381150 36.635806 -1.037207 0.077458 8.542077 -6.795313 2.228896 22.052324 -2.818343 0.593893 23.795250 -0.768353 -2.393517 4.688220 -4.570629 1.569109 30.363336 -1.837958 0.246196 15.258813 -1.280373 -2.598128 7.618221 -6.939021 3.872865 42.358357 -1.953960 0.278933 16.247302 -0.536256 0.020633 4.404528 6.953619 -8.669993 5.436432 9.362251 17.114166 4.432885 -0.146263 -5.915430 -9.046749 0.000006 -0.546766 0.000002 -11.351702 -13.260356 -0.699005 -7.269282 24.334444 -3.574771 -4.489735 -9.956841 1.638374 0.000004 -0.000037 0.000001 
-8.918955 97.792786 -0.946619 -0.092709 -1.543826 1.207128 -0.352287 0.761984 0.424669 -2.694137 0.721894 0.980378 -2.682624 0.694990 1.017691 1.632929 -1.816515 -2.210992 -1.173965 6.986776 2.620820 5.481508 -0.599565 4.731535 -17.074735 2.367864 -77.808081 -30.481748 -0.000011 -0.000018 12.181084 10.653679 -8.584253 13.184435 -12.389190 4.362269 13.141109 8.156086 4.238122 2.031770 -0.462640 2.809810 1.217948 -0.087451 -23.333012 3.248249 0.810150 -28.003523 1.209896 0.106665 -10.076783 2.061493 0.155455 -28.929051 2.067585 0.316318 -17.395122 1.654340 0.200815 -13.840738 1.303338 -0.543204 -34.121849 1.606847 0.189273 -13.436110 1.264339 0.116566 -10.535195 5.667975 2.727316 -42.412790 -2.096418 0.283085 -16.977747 0.918020 0.061212 -7.629233 -0.440006 0.442364 -5.918887 23.776606 -2.038051 74.560660 26.147868 -0.000009 0.000034 -14.655323 0.068229 -0.227123 -22.523725 4.206880 -8.186643 0.436567 6.951603 -0.531871 0.409048 -1.759322 -3.007741 -4.433055 0.658726 9.524904 -4.228882 1.425193 37.235562 -1.074062 0.083081 8.847975 -6.744033 2.187441 21.811675 -2.870532 0.617153 24.263579 -0.803416 -2.386285 4.904933 -4.576237 1.573422 30.404051 -1.880144 0.257863 15.617777 -1.287944 -2.596392 7.664216 -6.963225 3.898110 42.397976 -1.974834 0.285073 16.425666 -0.558853 0.022388 4.590613 6.913028 -8.841277 5.564885 9.455658 17.274329 4.567262 -0.433542 -5.906104 -9.167717 0.000001 -0.528265 0.000003 -11.366673 -13.280663 -0.545132 -7.399146 24.457687 -3.628926 -4.610327 -10.035722 1.573127 0.000007 0.000001 0.000001 
-9.067674 97.769913 -1.006560 0.157288 -1.578316 1.143067 -0.356084 0.803140 0.435529 -2.699742 0.781125 1.010832 -2.687746 0.753827 1.050650 1.558465 -1.597772 -2.176381 -1.361810 7.065567 2.688361 5.409741 -0.524751 3.930494 -17.687456 2.377048 -77.073323 -30.392358 -0.000016 -0.000026 12.251833 10.540125 -8.871270 13.230627 -12.387299 4.383790 13.076161 8.031572 4.173594 1.981002 -0.485434 2.802714 1.207754 -0.091400 -23.319664 3.272271 0.823006 -28.228738 1.251040 0.114102 -10.423257 2.040002 0.144650 -28.895050 2.095928 0.325273 -17.641311 1.652196 0.200272 -13.822492 1.271108 -0.562328 -34.084406 1.626837 0.194085 -13.606317 1.263275 0.116374 -10.526349 5.651258 2.718438 -42.624427 -2.062745 0.293458 -17.269447 0.917885 0.061195 -7.628138 -0.033753 0.523852 -5.592044 23.747041 -1.889439 74.438004 26.171888 -0.000015 0.000044 -14.693311 -0.294642 -0.206458 -22.449018 4.163545 -8.047702 0.351081 7.104108 -0.583525 0.334309 -1.727121 -3.017729 -4.350818 0.622752 9.146493 -4.283388 1.466996 37.797850 -1.106849 0.088299 9.120316 -6.684901 2.114782 21.226589 -2.942007 0.649866 24.907598 -0.839528 -2.328363 5.155832 -4.578773 1.569339 30.174884 -1.953056 0.278659 16.239589 -1.295654 -2.543243 7.751793 -6.989003 3.900103 42.094108 -1.995829 0.291280 16.605177 -0.611731 0.026831 5.026078 6.834486 -8.985810 5.704855 9.571944 17.379177 4.688311 -0.745898 -5.873834 -9.274488 0.000000 -0.516804 -0.000001 -11.390233 -13.259075 -0.403366 -7.440666 24.522401 -3.605148 -4.817101 -10.090705 1.495250 0.000000 -0.000049 0.000000 
-9.208930 97.742416 -1.057747 0.445706 -1.617075 1.073673 -0.364933 0.845888 0.444419 -2.714928 0.840965 1.038217 -2.702408 0.813414 1.080552 1.482169 -1.390291 -2.128120 -1.535609 7.154188 2.757464 5.324930 -0.449252 3.142427 -18.366423 2.386362 -76.362430 -30.256734 0.000008 -0.000040 12.371750 10.312711 -9.177013 13.286843 -12.376232 4.392302 13.006239 7.897061 4.104253 1.913291 -0.517877 2.798494 1.248163 -0.076313 -23.391182 3.297567 0.836644 -28.466483 1.291945 0.121758 -10.767920 2.072711 0.161320 -28.939778 2.125335 0.334684 -17.896916 1.649836 0.199703 -13.802348 1.294502 -0.547139 -34.091370 1.647579 0.199125 -13.783046 1.262107 0.116145 -10.516442 5.689703 2.762798 -42.901849 -2.029052 0.304038 -17.561786 0.917722 0.061167 -7.626724 0.438071 0.619019 -5.219240 23.829128 -1.702333 74.230598 26.225293 0.000015 0.000013 -14.753518 -0.700517 -0.123594 -22.398306 4.152444 -7.921424 0.288612 7.215500 -0.620220 0.277197 -1.703020 -3.026607 -4.295401 0.594977 8.821340 -4.333250 1.506043 38.316002 -1.134244 0.092740 9.348034 -6.604792 2.004019 20.264066 -3.038753 0.695685 25.784903 -0.877381 -2.209245 5.455948 -4.557026 1.543619 29.645961 -2.065632 0.312481 17.203561 -1.304534 -2.425155 7.900397 -6.991829 3.852958 41.408865 -2.016842 0.297587 16.785072 -0.690384 0.034204 5.674260 6.699935 -9.145828 5.849585 9.712832 17.527051 4.816620 -1.065947 -5.867069 -9.378968 -0.000011 -0.507943 0.000001 -11.470043 -13.235016 -0.280907 -7.411807 24.615256 -3.524800 -5.055176 -10.167914 1.408058 -0.000010 -0.000018 -0.000003 
-9.343605 97.695190 -1.100006 0.767665 -1.664894 1.006910 -0.378637 0.891277 0.448404 -2.738843 0.904584 1.056471 -2.725848 0.877101 1.101343 1.401064 -1.197796 -2.062946 -1.705216 7.262386 2.830023 5.187139 -0.376290 2.466500 -19.031188 2.387203 -75.784323 -30.081577 -0.000015 -0.000056 12.527375 9.954243 -9.452484 13.336425 -12.359151 4.385219 12.951698 7.791686 4.050283 1.848433 -0.550413 2.798352 1.335673 -0.042803 -23.529778 3.326079 0.852203 -28.735285 1.333506 0.129800 -11.118587 2.159566 0.206038 -29.052524 2.157187 0.345054 -18.174175 1.648022 0.199235 -13.787082 1.377393 -0.494883 -34.141257 1.669606 0.204595 -13.971239 1.261219 0.115977 -10.508914 5.788380 2.867021 -43.248228 -1.995516 0.314732 -17.853397 0.917604 0.061154 -7.625691 0.999730 0.731619 -4.793598 23.992752 -1.464135 73.929906 26.324107 -0.000017 0.000005 -14.816388 -1.122001 -0.003025 -22.358173 4.147800 -7.814844 0.238677 7.304561 -0.648485 0.228386 -1.682501 -3.034510 -4.264109 0.575931 8.574762 -4.377248 1.541065 38.776241 -1.154249 0.096075 9.514384 -6.497728 1.863806 19.035841 -3.156977 0.754172 26.865736 -0.914233 -2.038303 5.790210 -4.493987 1.489100 28.891543 -2.213158 0.359966 18.474354 -1.314091 -2.248810 8.106802 -6.948021 3.743776 40.434109 -2.043361 0.305654 17.012422 -0.780351 0.043721 6.416538 6.509099 -9.369439 5.993566 9.860368 17.826883 4.964765 -1.367313 -5.939168 -9.489275 -0.000012 -0.498529 0.000004 -11.634896 -13.254729 -0.176272 -7.353447 24.828226 -3.437455 -5.266646 -10.313396 1.326899 0.000011 -0.000035 0.000001 
-9.472549 97.621231 -1.134390 1.108974 -1.723938 0.949645 -0.394538 0.939560 0.446298 -2.766884 0.973826 1.062453 -2.753519 0.946773 1.109878 1.316071 -1.020556 -1.986240 -1.876924 7.391822 2.907265 4.981225 -0.308607 1.946881 -19.624585 2.371482 -75.382742 -29.882969 0.000009 -0.000020 12.694810 9.478589 -9.670762 13.362568 -12.341238 4.363787 12.930241 7.750219 4.029166 1.807325 -0.572676 2.802493 1.450946 0.002598 -23.691230 3.359684 0.870740 -29.052739 1.376843 0.138452 -11.484680 2.283653 0.270962 -29.198721 2.192724 0.356839 -18.484240 1.647772 0.199184 -13.784861 1.506475 -0.413085 -34.219562 1.693447 0.210557 -14.174648 1.261116 0.115973 -10.508065 5.935452 3.021780 -43.648310 -1.962257 0.325545 -18.142946 0.917606 0.061151 -7.625912 1.652858 0.860036 -4.320574 24.187124 -1.175556 73.551896 26.469421 -0.000024 0.000017 -14.854036 -1.540001 0.121995 -22.316398 4.123820 -7.738609 0.192460 7.387082 -0.673948 0.180362 -1.661817 -3.041246 -4.251576 0.566346 8.440703 -4.413097 1.570052 39.153571 -1.163940 0.097687 9.594985 -6.370079 1.718803 17.792696 -3.281626 0.818889 28.016369 -0.943918 -1.846361 6.105178 -4.383888 1.409057 28.084411 -2.375463 0.416410 19.883295 -1.322167 -2.043798 8.337792 -6.843617 3.580647 39.383813 -2.089019 0.319773 17.404499 -0.863797 0.053630 7.105913 6.284600 -9.671513 6.134484 9.982415 18.317165 5.123725 -1.626859 -6.108843 -9.603202 0.000001 -0.486302 -0.000003 -11.872733 -13.341613 -0.080194 -7.310143 25.200222 -3.397270 -5.423177 -10.543638 1.271865 0.000000 -0.000043 0.000005 
-9.596290 97.526695 -1.162987 1.450591 -1.792306 0.906449 -0.408373 0.990082 0.439159 -2.792823 1.048613 1.057590 -2.779195 1.022234 1.107545 1.232189 -0.856575 -1.911406 -2.050747 7.533982 2.989800 4.728166 -0.246942 1.553824 -20.144308 2.338173 -75.117143 -29.679388 0.000005 -0.000000 12.846170 8.921522 -9.839415 13.357021 -12.327218 4.332983 12.948430 7.785302 4.047499 1.801364 -0.578457 2.809806 1.566813 0.049609 -23.828643 3.398516 0.892460 -29.420832 1.422360 0.147855 -11.869718 2.417785 0.342514 -29.337544 2.232041 0.370110 -18.827845 1.649494 0.199608 -13.799555 1.655914 -0.317482 -34.305588 1.718906 0.217031 -14.392322 1.262086 0.116147 -10.516115 6.105835 3.204167 -44.073534 -1.929469 0.336382 -18.429093 0.917901 0.061194 -7.628259 2.375798 0.998200 -3.816687 24.362870 -0.853900 73.127338 26.645977 0.000014 0.000009 -14.842385 -1.943195 0.223560 -22.272110 4.070132 -7.709240 0.151843 7.459595 -0.695967 0.135814 -1.641827 -3.045547 -4.252731 0.567428 8.456606 -4.437844 1.590289 39.415038 -1.159955 0.097020 9.561889 -6.241326 1.601466 16.848934 -3.390818 0.878228 29.034345 -0.958933 -1.677074 6.321285 -4.236330 1.315962 27.441475 -2.522964 0.471637 21.174684 -1.326137 -1.854797 8.537778 -6.682421 3.390143 38.525822 -2.140353 0.336084 17.846089 -0.926013 0.061664 7.620701 6.064886 -10.023156 6.268743 10.049233 18.939532 5.270596 -1.836645 -6.347053 -9.711115 -0.000005 -0.469737 -0.000003 -12.132377 -13.483307 0.017946 -7.313268 25.691244 -3.438203 -5.537374 -10.833682 1.257248 -0.000001 -0.000006 0.000000 
-9.715057 97.426865 -1.188527 1.776317 -1.863632 0.878814 -0.415822 1.041759 0.429959 -2.811746 1.127458 1.047300 -2.797888 1.101745 1.099689 1.156569 -0.704081 -1.855553 -2.221806 7.672425 3.077002 4.480611 -0.190949 1.196836 -20.648905 2.293628 -74.882089 -29.483328 -0.000016 -0.000015 12.959351 8.324039 -9.996665 13.324018 -12.319548 4.299891 12.998675 7.882178 4.097748 1.827874 -0.568531 2.818566 1.659963 0.088428 -23.915467 3.440380 0.916260 -29.819083 1.469161 0.157865 -12.266252 2.535681 0.406444 -29.441356 2.273420 0.384348 -19.190340 1.652744 0.200411 -13.827191 1.796980 -0.226336 -34.381369 1.745121 0.223816 -14.616607 1.263901 0.116502 -10.531446 6.270512 3.385367 -44.492706 -1.897236 0.347209 -18.710555 0.918465 0.061268 -7.633013 3.131393 1.138165 -3.303824 24.496805 -0.529216 72.686313 26.828090 -0.000012 0.000040 -14.774191 -2.323530 0.292474 -22.237907 3.999291 -7.742613 0.130584 7.497698 -0.706634 0.108564 -1.628578 -3.045877 -4.266884 0.580826 8.653181 -4.448787 1.599307 39.531062 -1.139617 0.093622 9.392661 -6.138836 1.539291 16.465127 -3.464369 0.919640 29.725840 -0.953420 -1.570051 6.362967 -4.075500 1.226208 27.140943 -2.628388 0.513466 22.104350 -1.324244 -1.724448 8.650972 -6.488503 3.206391 38.079312 -2.185460 0.350766 18.235109 -0.959195 0.066174 7.895437 5.890128 -10.371294 6.389513 10.045528 19.573811 5.384049 -2.006525 -6.594028 -9.803246 -0.000001 -0.449954 0.000001 -12.353106 -13.643846 0.123587 -7.370839 26.209454 -3.560043 -5.646186 -11.132956 1.284079 -0.000005 -0.000038 -0.000001 
-9.828711 97.336121 -1.214052 2.078751 -1.928832 0.865621 -0.414059 1.093818 0.422055 -2.822298 1.208740 1.038467 -2.808159 1.183399 1.093129 1.095438 -0.563978 -1.833414 -2.384256 7.787602 3.166210 4.303366 -0.140597 0.765785 -21.233610 2.246723 -74.554534 -29.296300 -0.000006 -0.000010 13.026975 7.716456 -10.191929 13.276878 -12.318017 4.271233 13.063981 8.007644 4.163187 1.873560 -0.548803 2.826896 1.719176 0.113621 -23.954255 3.481419 0.939980 -30.211354 1.515365 0.168074 -12.658197 2.620902 0.453225 -29.504607 2.314013 0.398629 -19.546584 1.656283 0.201265 -13.857391 1.907945 -0.154062 -34.437674 1.770731 0.230563 -14.835909 1.265972 0.116857 -10.548992 6.406207 3.540496 -44.881791 -1.865735 0.357961 -18.986200 0.919257 0.061363 -7.639660 3.879571 1.273111 -2.802461 24.606424 -0.235453 72.244851 26.990082 -0.000004 0.000015 -14.666131 -2.672442 0.345080 -22.233318 3.941312 -7.842520 0.146317 7.470179 -0.695622 0.116451 -1.630269 -3.040917 -4.300522 0.608239 9.040114 -4.444968 1.596173 39.490617 -1.102285 0.087550 9.082419 -6.088216 1.544822 16.739349 -3.492556 0.935820 29.992177 -0.925144 -1.543234 6.194930 -3.933935 1.154944 27.248177 -2.678324 0.533958 22.546810 -1.316250 -1.674772 8.647955 -6.300043 3.059061 38.123794 -2.212867 0.359865 18.471895 -0.963765 0.066810 7.933415 5.787311 -10.680453 6.490646 9.972195 20.124042 5.454768 -2.156761 -6.801103 -9.873675 0.000011 -0.430647 -0.000002 -12.501002 -13.793756 0.233271 -7.467468 26.675138 -3.731726 -5.780728 -11.398484 1.339706 0.000007 -0.000025 0.000002 
-9.936863 97.262161 -1.242440 2.359521 -1.979753 0.863805 -0.402681 1.146407 0.417945 -2.827169 1.291981 1.036283 -2.812611 1.266509 1.093058 1.051557 -0.440784 -1.852263 -2.535035 7.861561 3.252940 4.246758 -0.095613 0.179960 -21.986601 2.204216 -74.049988 -29.109781 0.000008 -0.000009 13.059724 7.111721 -10.460162 13.229786 -12.320977 4.251264 13.127132 8.128650 4.226245 1.923877 -0.526071 2.833460 1.746036 0.125279 -23.963869 3.518322 0.961605 -30.565059 1.559110 0.178042 -13.029874 2.669625 0.480136 -29.536815 2.351273 0.411991 -19.874157 1.658908 0.201920 -13.879883 1.978939 -0.107659 -34.473792 1.794560 0.236916 -15.040071 1.267684 0.117188 -10.563372 6.500932 3.655113 -45.229448 -1.835067 0.368592 -19.254833 0.920119 0.061480 -7.646883 4.589511 1.398920 -2.325963 24.745371 -0.000071 71.800076 27.116037 0.000010 0.000025 -14.556246 -2.981430 0.418268 -22.272419 3.927638 -7.991835 0.207855 7.361196 -0.658199 0.169698 -1.651993 -3.030739 -4.365788 0.650701 9.591532 -4.428457 1.582599 39.315832 -1.050854 0.079526 8.655326 -6.104284 1.612415 17.557153 -3.480969 0.929149 29.882549 -0.877006 -1.583741 5.847483 -3.842651 1.113681 27.685578 -2.679457 0.534416 22.556853 -1.303375 -1.696596 8.543428 -6.156528 2.967439 38.563511 -2.219177 0.361976 18.526514 -0.948431 0.064710 7.806245 5.764317 -10.940179 6.567984 9.844975 20.543039 5.489044 -2.309621 -6.943207 -9.922469 0.000009 -0.415838 -0.000000 -12.584800 -13.921578 0.336139 -7.574495 27.050788 -3.905325 -5.946412 -11.610744 1.401423 0.000001 -0.000007 -0.000002 
-10.039226 97.203949 -1.275519 2.624071 -2.012797 0.870311 -0.383665 1.200742 0.417940 -2.831641 1.378383 1.042150 -2.816491 1.352260 1.100974 1.023348 -0.341326 -1.909930 -2.675331 7.880281 3.332155 4.325026 -0.053688 -0.576827 -22.945098 2.169023 -73.360098 -28.912307 0.000015 0.000012 13.081607 6.510301 -10.802073 13.189646 -12.327105 4.241291 13.178896 8.227868 4.277074 1.972071 -0.503520 2.837735 1.747935 0.126303 -23.953873 3.550336 0.980639 -30.873073 1.599916 0.187624 -13.377115 2.685857 0.489151 -29.544905 2.384572 0.424111 -20.167645 1.660387 0.202294 -13.892344 2.010052 -0.087408 -34.492196 1.816286 0.242791 -15.226481 1.268767 0.117391 -10.572565 6.553162 3.725785 -45.535826 -1.805415 0.379017 -19.515239 0.920856 0.061584 -7.653094 5.246456 1.514384 -1.879366 24.980413 0.162944 71.336340 27.205098 -0.000002 0.000006 -14.490337 -3.246180 0.554539 -22.352930 3.973270 -8.152588 0.305574 7.187205 -0.600864 0.261250 -1.691160 -3.017425 -4.474483 0.707464 10.237749 -4.404984 1.563469 39.067849 -0.992258 0.070857 8.169430 -6.187028 1.721747 18.626959 -3.449235 0.911004 29.583264 -0.818410 -1.652406 5.416174 -3.822142 1.109804 28.262887 -2.656259 0.524844 22.351147 -1.288593 -1.753103 8.394273 -6.086248 2.939933 39.167047 -2.212571 0.359774 18.469330 -0.927706 0.061887 7.634778 5.808007 -11.165429 6.619722 9.692602 20.845830 5.508291 -2.481902 -7.026584 -9.956603 -0.000003 -0.407305 -0.000001 -12.644417 -14.033681 0.418171 -7.662076 27.346723 -4.035359 -6.123191 -11.776490 1.444924 -0.000006 -0.000008 0.000001 
-10.135479 97.155403 -1.313295 2.875763 -2.030027 0.883781 -0.360423 1.258554 0.420428 -2.841002 1.470341 1.053590 -2.825100 1.443178 1.114582 1.006022 -0.271710 -1.996524 -2.809284 7.833716 3.400292 4.509746 -0.010914 -1.450483 -24.071875 2.138310 -72.554197 -28.698419 -0.000028 -0.000017 13.118392 5.911799 -11.179123 13.153457 -12.336484 4.240207 13.220702 8.308438 4.316376 2.021800 -0.479313 2.839768 1.728330 0.118784 -23.903567 3.580437 0.998725 -31.163404 1.639379 0.197131 -13.713280 2.673140 0.482466 -29.516789 2.416032 0.435743 -20.445452 1.661850 0.202650 -13.904920 2.005031 -0.090774 -34.491779 1.836792 0.248382 -15.402558 1.269700 0.117560 -10.580409 6.566755 3.755204 -45.806356 -1.776848 0.389228 -19.766214 0.921307 0.061639 -7.656806 5.850995 1.620303 -1.462214 25.360576 0.254875 70.838091 27.270043 0.000000 0.000014 -14.503587 -3.470185 0.782168 -22.452638 4.066727 -8.276831 0.411048 6.998408 -0.540904 0.365432 -1.736869 -3.004713 -4.629297 0.774553 10.871767 -4.383194 1.545875 38.838686 -0.936751 0.063129 7.709649 -6.322886 1.844335 19.588872 -3.423867 0.896683 29.344586 -0.764403 -1.701242 5.032491 -3.877229 1.145482 28.755940 -2.640764 0.518502 22.213985 -1.276653 -1.796913 8.276839 -6.099870 2.975099 39.665132 -2.209067 0.358587 18.438990 -0.917348 0.060517 7.548921 5.889148 -11.375058 6.645232 9.554137 21.074433 5.540019 -2.682975 -7.072971 -9.986875 0.000012 -0.403750 -0.000002 -12.725383 -14.144611 0.467519 -7.710493 27.600926 -4.095339 -6.280209 -11.917526 1.454014 0.000006 -0.000010 0.000003 
-10.225851 97.111786 -1.354048 3.113327 -2.036935 0.904630 -0.336601 1.321322 0.422926 -2.858190 1.570139 1.066090 -2.841411 1.541800 1.129587 0.993812 -0.234046 -2.098576 -2.941156 7.714755 3.456855 4.740836 0.034822 -2.340758 -25.263012 2.100441 -71.745653 -28.475112 0.000007 -0.000003 13.183404 5.325192 -11.527557 13.112367 -12.350480 4.246246 13.260154 8.385078 4.351417 2.082237 -0.448882 2.839856 1.680818 0.101108 -23.762409 3.614143 1.019237 -31.489774 1.680612 0.207323 -14.065117 2.628658 0.459089 -29.419609 2.449716 0.448406 -20.743325 1.665676 0.203593 -13.937411 1.965365 -0.116447 -34.465070 1.857772 0.254211 -15.582892 1.271498 0.117901 -10.595540 6.545535 3.746493 -46.045143 -1.749584 0.399080 -20.006439 0.921387 0.061655 -7.657333 6.412512 1.718083 -1.073208 25.893630 0.288852 70.303144 27.331690 -0.000012 0.000015 -14.604917 -3.663713 1.098784 -22.536470 4.173305 -8.323672 0.487118 6.861574 -0.499596 0.446120 -1.773177 -2.996760 -4.817179 0.843432 11.373739 -4.372576 1.537341 38.727319 -0.895439 0.057642 7.367738 -6.488880 1.950730 20.151462 -3.427305 0.898610 29.376886 -0.730859 -1.695286 4.815930 -3.997034 1.214854 28.998070 -2.658555 0.525799 22.371503 -1.272315 -1.792189 8.253559 -6.190672 3.061135 39.862893 -2.223836 0.363551 18.566735 -0.927916 0.061914 7.636508 5.972871 -11.573443 6.645504 9.468940 21.257386 5.605010 -2.914322 -7.099061 -10.023116 0.000000 -0.403387 0.000002 -12.858062 -14.261085 0.480573 -7.715540 27.841154 -4.083993 -6.390426 -12.050737 1.423953 0.000002 -0.000021 -0.000001 
-10.310312 97.071480 -1.395079 3.332181 -2.038950 0.932279 -0.314915 1.389414 0.423505 -2.882726 1.678580 1.075686 -2.865001 1.649154 1.142198 0.982111 -0.224668 -2.203524 -3.072820 7.519026 3.504881 4.950143 0.081197 -3.142074 -26.383571 2.036846 -71.040921 -28.261641 0.000003 -0.000004 13.268204 4.771102 -11.782205 13.059602 -12.370061 4.257981 13.303215 8.468978 4.388724 2.158797 -0.409631 2.838332 1.591316 0.068905 -23.475406 3.656842 1.045595 -31.904835 1.726748 0.219050 -14.459287 2.543524 0.415167 -29.215902 2.489561 0.463634 -21.096354 1.674142 0.205698 -14.009887 1.888605 -0.165359 -34.401699 1.880898 0.260713 -15.781774 1.275255 0.118595 -10.627209 6.490952 3.700305 -46.251046 -1.723701 0.408582 -20.234698 0.921081 0.061614 -7.654859 6.939834 1.808797 -0.715519 26.540343 0.282450 69.748389 27.410640 0.000005 0.000012 -14.771821 -3.838095 1.467468 -22.570905 4.249450 -8.274842 0.502753 6.832940 -0.493554 0.470794 -1.785416 -2.996784 -5.008680 0.901293 11.645794 -4.380348 1.543579 38.808838 -0.876990 0.055280 7.215102 -6.656748 2.018164 20.195522 -3.468600 0.922054 29.765742 -0.727108 -1.627850 4.828744 -4.157870 1.303394 28.942892 -2.717569 0.550398 22.895682 -1.277659 -1.730724 8.345098 -6.337755 3.177276 39.714190 -2.262772 0.376742 18.903911 -0.960316 0.066348 7.904670 6.030731 -11.754528 6.625341 9.461539 21.406049 5.709922 -3.168649 -7.113712 -10.070337 -0.000003 -0.403948 0.000002 -13.049429 -14.380058 0.465178 -7.688687 28.073689 -4.023876 -6.439075 -12.181196 1.362432 0.000002 -0.000047 0.000007 
-10.388347 97.035141 -1.433640 3.527687 -2.038706 0.961579 -0.296658 1.461705 0.421960 -2.911294 1.794107 1.080863 -2.892578 1.763801 1.150970 0.968609 -0.234811 -2.302707 -3.202882 7.246633 3.549855 5.086985 0.123046 -3.781054 -27.316046 1.932017 -70.500386 -28.083231 -0.000009 -0.000041 13.343563 4.275815 -11.902484 12.997141 -12.394298 4.274685 13.347868 8.555803 4.427470 2.245722 -0.364425 2.835278 1.446827 0.018525 -23.019783 3.710535 1.079377 -32.429414 1.778920 0.232705 -14.906152 2.409339 0.347457 -28.888572 2.537056 0.482178 -21.518429 1.688334 0.209264 -14.131010 1.771935 -0.238673 -34.295258 1.906770 0.268056 -16.004653 1.281508 0.119777 -10.679954 6.403871 3.616788 -46.418150 -1.699347 0.417592 -20.449696 0.920544 0.061542 -7.650442 7.433863 1.892347 -0.397518 27.230566 0.249625 69.205621 27.520938 -0.000007 0.000003 -14.958430 -3.998872 1.827495 -22.538033 4.261086 -8.141288 0.445709 6.934906 -0.528329 0.423224 -1.765988 -3.005597 -5.164655 0.934763 11.644001 -4.408839 1.566605 39.108721 -0.884725 0.056271 7.279043 -6.796997 2.037610 19.800624 -3.540409 0.963679 30.445623 -0.751922 -1.521528 5.054556 -4.327314 1.391730 28.670528 -2.805888 0.588426 23.683686 -1.290720 -1.633514 8.522534 -6.509343 3.298467 39.325842 -2.319369 0.396394 19.394971 -1.005089 0.072707 8.275734 6.049335 -11.911092 6.595907 9.532190 21.521433 5.846046 -3.431944 -7.119661 -10.127519 0.000004 -0.404288 0.000001 -13.283942 -14.491628 0.440445 -7.650980 28.285895 -3.950347 -6.428328 -12.302878 1.285448 0.000002 0.000008 -0.000004 
-10.458736 97.003937 -1.467770 3.698956 -2.035327 0.982925 -0.281796 1.535685 0.419680 -2.939382 1.912795 1.082858 -2.919647 1.881791 1.157075 0.953244 -0.253478 -2.392285 -3.327618 6.905324 3.597573 5.134639 0.156255 -4.236953 -27.999802 1.785598 -70.125518 -27.961408 -0.000001 -0.000024 13.371795 3.862749 -11.886812 12.936670 -12.419926 4.295959 13.383608 8.625011 4.458912 2.325696 -0.321893 2.830587 1.245842 -0.049135 -22.429715 3.772228 1.119009 -33.035777 1.835309 0.247978 -15.389950 2.226390 0.257551 -28.459269 2.590035 0.503310 -21.990680 1.707078 0.214014 -14.291157 1.617843 -0.334264 -34.149570 1.934513 0.276075 -16.243797 1.289844 0.121355 -10.750148 6.288276 3.499747 -46.539137 -1.676666 0.426104 -20.650204 0.919943 0.061460 -7.645358 7.884501 1.967429 -0.131713 27.892155 0.196047 68.710672 27.666106 -0.000007 0.000015 -15.113221 -4.141505 2.115984 -22.441896 4.196814 -7.957374 0.326260 7.148600 -0.596885 0.308767 -1.716842 -3.021785 -5.248896 0.935510 11.392838 -4.454666 1.604167 39.593507 -0.915442 0.060259 7.533092 -6.884503 2.016141 19.188848 -3.623758 1.013458 31.240694 -0.795135 -1.415635 5.410134 -4.470247 1.462041 28.339295 -2.898875 0.630020 24.518694 -1.306917 -1.538241 8.722583 -6.667490 3.402059 38.895120 -2.378292 0.417411 19.907957 -1.046887 0.078922 8.622442 6.030878 -12.046934 6.572458 9.659760 21.612307 5.996711 -3.689511 -7.121622 -10.189391 0.000001 -0.404183 0.000001 -13.529159 -14.587286 0.429689 -7.624222 28.462110 -3.896405 -6.380259 -12.406698 1.211989 0.000006 0.000001 0.000000 
-10.520171 96.979248 -1.496247 3.851177 -2.025835 0.986764 -0.269497 1.608047 0.418728 -2.963035 2.029057 1.084422 -2.942250 1.997459 1.163037 0.937383 -0.271150 -2.472378 -3.442862 6.513420 3.651780 5.112288 0.180285 -4.538590 -28.446368 1.615942 -69.871804 -27.905983 -0.000003 -0.000020 13.325073 3.545747 -11.771274 12.894266 -12.442300 4.320606 13.396627 8.650136 4.470609 2.377213 -0.293003 2.824351 1.004040 -0.127605 -21.792854 3.834747 1.160147 -33.654558 1.891353 0.263666 -15.871905 2.008717 0.153501 -27.986907 2.643230 0.525039 -22.466396 1.727341 0.219205 -14.464397 1.438023 -0.444443 -33.979634 1.961874 0.284116 -16.479976 1.298905 0.123088 -10.826617 6.154083 3.359804 -46.609013 -1.655811 0.433988 -20.834901 0.919407 0.061402 -7.640757 8.272810 2.031855 0.069096 28.479871 0.119871 68.292746 27.838634 -0.000003 0.000017 -15.198715 -4.254014 2.292005 -22.304171 4.070723 -7.764386 0.170978 7.425842 -0.683632 0.149974 -1.647666 -3.042204 -5.242154 0.905128 10.976926 -4.509862 1.650284 40.181911 -0.960379 0.066360 7.905288 -6.905744 1.972708 18.618332 -3.697468 1.058761 31.949214 -0.843299 -1.347154 5.782283 -4.557958 1.503357 28.109244 -2.971693 0.663730 25.176158 -1.321422 -1.479990 8.877334 -6.777521 3.473115 38.614256 -2.423413 0.433947 20.301935 -1.071417 0.082686 8.826031 5.987656 -12.169314 6.568057 9.813839 21.684015 6.143362 -3.933116 -7.121157 -10.248382 0.000008 -0.404080 -0.000002 -13.747339 -14.659538 0.449420 -7.620438 28.586370 -3.876831 -6.331729 -12.483315 1.156367 -0.000005 0.000006 0.000000 
-10.572266 96.962860 -1.517751 3.994360 -2.007877 0.969946 -0.258707 1.675272 0.420434 -2.979792 2.136800 1.087937 -2.957949 2.104582 1.170908 0.922813 -0.282664 -2.545293 -3.545666 6.100567 3.712557 5.063010 0.197391 -4.743297 -28.725300 1.452712 -69.675108 -27.912220 -0.000008 -0.000015 13.200341 3.326651 -11.614368 12.881939 -12.457469 4.346787 13.378075 8.614238 4.454159 2.385326 -0.285488 2.816767 0.751641 -0.207138 -21.218063 3.889815 1.197195 -34.203316 1.941587 0.278155 -16.304901 1.782374 0.047964 -27.546578 2.690441 0.544765 -22.889907 1.745373 0.223873 -14.618732 1.252539 -0.556677 -33.806670 1.986240 0.291368 -16.690474 1.307031 0.124652 -10.895173 6.016623 3.213969 -46.628001 -1.636903 0.441227 -21.002446 0.918963 0.061327 -7.637265 8.577220 2.083245 0.195907 28.989539 0.017032 67.967151 28.022620 -0.000017 0.000020 -15.204360 -4.325797 2.351423 -22.153230 3.914223 -7.592290 0.010094 7.712140 -0.771376 -0.023969 -1.571354 -3.063460 -5.151816 0.854892 10.513947 -4.564597 1.696961 40.770444 -1.008087 0.073150 8.300633 -6.865138 1.928208 18.280347 -3.746800 1.089824 32.426566 -0.884490 -1.334911 6.071472 -4.578600 1.513486 28.075231 -3.009702 0.681736 25.520833 -1.330699 -1.475720 8.943077 -6.820433 3.506253 38.589838 -2.445120 0.442022 20.491805 -1.071636 0.082719 8.827718 5.934675 -12.280376 6.586994 9.966720 21.731596 6.270225 -4.162165 -7.114490 -10.297267 0.000007 -0.404269 0.000002 -13.912036 -14.702874 0.500220 -7.637033 28.648726 -3.883126 -6.318371 -12.528066 1.122938 -0.000008 0.000003 -0.000003 
-10.616172 96.957428 -1.530078 4.138105 -1.981449 0.938032 -0.248575 1.734208 0.424743 -2.988581 2.230410 1.094033 -2.965729 2.197518 1.180929 0.910920 -0.287962 -2.613546 -3.635047 5.704285 3.776132 5.033792 0.210351 -4.908859 -28.928382 1.323770 -69.480666 -27.963722 0.000005 -0.000025 13.023557 3.196446 -11.475035 12.901140 -12.463923 4.371799 13.329668 8.520777 4.410724 2.349815 -0.299840 2.808583 0.524399 -0.277939 -20.793053 3.931379 1.225644 -34.619736 1.981747 0.290033 -16.651696 1.578162 -0.045648 -27.200897 2.727013 0.560341 -23.218869 1.758269 0.227261 -14.729154 1.085042 -0.656713 -33.650764 2.005619 0.297221 -16.858051 1.312874 0.125771 -10.944503 5.893404 3.081920 -46.602995 -1.620105 0.447695 -21.151508 0.918731 0.061306 -7.635031 8.781513 2.119530 0.247999 29.451748 -0.112751 67.734467 28.198156 -0.000006 0.000001 -15.147278 -4.359218 2.327349 -22.012841 3.762244 -7.449067 -0.134338 7.968434 -0.848221 -0.188279 -1.499030 -3.082954 -5.011791 0.801195 10.119830 -4.610121 1.736529 41.264000 -1.047667 0.079030 8.628985 -6.785347 1.897383 18.242380 -3.767825 1.103226 32.630761 -0.910933 -1.373873 6.222811 -4.542565 1.498604 28.238584 -3.012904 0.683270 25.549888 -1.333215 -1.519210 8.914747 -6.801107 3.505779 38.810538 -2.443660 0.441477 20.479093 -1.050124 0.079405 8.649252 5.884889 -12.371226 6.623815 10.097147 21.736491 6.364447 -4.378390 -7.092146 -10.331134 -0.000003 -0.405426 -0.000001 -14.020489 -14.711297 0.567201 -7.660376 28.642082 -3.891096 -6.355089 -12.540122 1.104855 0.000002 -0.000036 0.000003 
-10.653564 96.965446 -1.530396 4.286224 -1.948461 0.901973 -0.238577 1.782366 0.430073 -2.988900 2.305509 1.101366 -2.965162 2.271954 1.191388 0.902213 -0.290550 -2.678143 -3.711660 5.362346 3.836209 5.055218 0.220860 -5.069621 -29.127379 1.245200 -69.264504 -28.039106 -0.000002 -0.000025 12.840497 3.138947 -11.392740 12.942056 -12.463045 4.393057 13.264032 8.393816 4.351388 2.285685 -0.328817 2.800651 0.352842 -0.332562 -20.556402 3.957429 1.243719 -34.881827 2.010050 0.298556 -16.896599 1.422829 -0.116564 -26.981257 2.751318 0.570806 -23.437890 1.764872 0.228993 -14.785693 0.956469 -0.732261 -33.525731 2.019279 0.301375 -16.976362 1.315892 0.126354 -10.969912 5.799967 2.980988 -46.547913 -1.605551 0.453359 -21.280728 0.918550 0.061270 -7.633713 8.881759 2.140001 0.233480 29.908760 -0.262155 67.583001 28.347018 0.000004 0.000016 -15.060571 -4.375167 2.274761 -21.896728 3.641815 -7.323255 -0.253581 8.179291 -0.911092 -0.327879 -1.437593 -3.099450 -4.871226 0.758989 9.876649 -4.640974 1.763776 41.600650 -1.071839 0.082746 8.829518 -6.700341 1.886247 18.451679 -3.766410 1.102294 32.616916 -0.919961 -1.440640 6.234710 -4.478847 1.471445 28.523083 -2.993245 0.673900 25.371515 -1.329590 -1.587015 8.821866 -6.745893 3.484805 39.170950 -2.427578 0.435496 20.338265 -1.017121 0.074474 8.375600 5.845969 -12.423347 6.666770 10.192367 21.670918 6.416838 -4.579030 -7.041306 -10.348226 -0.000018 -0.398469 -0.000005 -14.092157 -14.681003 0.629418 -7.675766 28.565273 -3.877379 -6.428465 -12.523029 1.089718 0.000001 -0.000026 -0.000001 
-10.684578 96.988197 -1.516222 4.435571 -1.911430 0.871303 -0.228484 1.818053 0.434583 -2.979941 2.359310 1.107515 -2.955521 2.325241 1.199596 0.896204 -0.294489 -2.737630 -3.776862 5.102531 3.886260 5.128371 0.229180 -5.224499 -29.342284 1.217236 -69.041813 -28.119254 0.000011 -0.000005 12.699041 3.135140 -11.376831 12.988481 -12.458081 4.408406 13.199200 8.268304 4.292173 2.216184 -0.361102 2.793938 0.255374 -0.366206 -20.499093 3.969477 1.252132 -35.003408 2.027121 0.303772 -17.044281 1.333060 -0.158243 -26.888228 2.764363 0.576490 -23.555663 1.765680 0.229210 -14.792675 0.880725 -0.775497 -33.439220 2.027664 0.303957 -17.048980 1.316261 0.126421 -10.973104 5.746820 2.922896 -46.483050 -1.593405 0.458093 -21.388761 0.918472 0.061265 -7.632960 8.889983 2.145641 0.170201 30.387020 -0.415705 67.494058 28.457136 -0.000018 0.000028 -14.977282 -4.407828 2.247199 -21.810358 3.568408 -7.198190 -0.347641 8.344602 -0.962268 -0.435381 -1.390677 -3.112609 -4.775418 0.737354 9.812183 -4.655973 1.777114 41.764831 -1.078532 0.083782 8.885151 -6.642378 1.894207 18.782655 -3.753749 1.094230 32.493956 -0.914048 -1.506109 6.147666 -4.421983 1.447394 28.820110 -2.967645 0.661833 25.139580 -1.322367 -1.651142 8.710803 -6.689427 3.461576 39.531106 -2.408606 0.428489 20.172675 -0.985439 0.069875 8.112773 5.818756 -12.420830 6.703332 10.205789 21.521028 6.408994 -4.714205 -6.954500 -10.348741 -0.000013 -0.355918 0.000001 -14.156428 -14.610256 0.671638 -7.677242 28.419806 -3.833379 -6.505413 -12.480828 1.067947 0.000007 -0.000046 -0.000001 
-10.706843 97.023315 -1.486230 4.580040 -1.872783 0.850009 -0.218148 1.840421 0.436310 -2.960237 2.390691 1.110290 -2.935410 2.356425 1.203240 0.891598 -0.301500 -2.788139 -3.831648 4.933672 3.922039 5.223442 0.234238 -5.340498 -29.532631 1.225363 -68.859467 -28.191524 -0.000029 -0.000039 12.629957 3.167387 -11.408057 13.025456 -12.452274 4.416681 13.151168 8.175324 4.247682 2.162290 -0.386427 2.789137 0.237452 -0.376706 -20.589655 3.970257 1.252678 -35.011376 2.034510 0.306033 -17.108355 1.314520 -0.168337 -26.908041 2.768122 0.578118 -23.589587 1.761962 0.228247 -14.760795 0.863268 -0.783776 -33.396207 2.031578 0.305150 -17.082832 1.314559 0.126091 -10.958703 5.738389 2.912632 -46.431998 -1.583780 0.461857 -21.474333 0.918395 0.061261 -7.632397 8.832638 2.139693 0.081148 30.878510 -0.552527 67.447756 28.525527 -0.000012 0.000020 -14.917847 -4.488115 2.275075 -21.757774 3.549369 -7.070105 -0.414743 8.461348 -1.002092 -0.504073 -1.361323 -3.122044 -4.748023 0.737632 9.895430 -4.657929 1.778871 41.786445 -1.071124 0.082647 8.823578 -6.628930 1.916083 19.098619 -3.741044 1.086166 32.370753 -0.899648 -1.548203 6.022065 -4.395980 1.437993 29.038320 -2.950272 0.653709 24.982409 -1.314999 -1.691078 8.623882 -6.657614 3.450810 39.779397 -2.396426 0.424039 20.066237 -0.964929 0.066989 7.942941 5.798473 -12.363433 6.728839 10.177690 21.295232 6.360034 -4.812165 -6.840596 -10.335840 0.000002 -0.320114 -0.000002 -14.237917 -14.505056 0.690066 -7.669840 28.220533 -3.770310 -6.551492 -12.421902 1.039972 -0.000001 -0.000007 0.000003 
-10.716443 97.065376 -1.440521 4.715715 -1.834836 0.834897 -0.207427 1.849486 0.434543 -2.928070 2.400070 1.108687 -2.903121 2.366026 1.201359 0.886777 -0.309773 -2.824633 -3.876210 4.842382 3.943585 5.291555 0.234127 -5.368634 -29.615806 1.246195 -68.775640 -28.250612 -0.000010 -0.000023 12.636474 3.222378 -11.451370 13.045115 -12.447415 4.417412 13.128220 8.131077 4.225599 2.134621 -0.399581 2.786719 0.294435 -0.364587 -20.802996 3.961377 1.246473 -34.921600 2.033390 0.305700 -17.098656 1.363812 -0.148237 -27.030288 2.763730 0.576203 -23.549883 1.754633 0.226300 -14.698051 0.902013 -0.758999 -33.401818 2.031473 0.305116 -17.081968 1.311165 0.125439 -10.930143 5.773268 2.949038 -46.415736 -1.576830 0.464616 -21.536124 0.918324 0.061241 -7.631839 8.743543 2.126790 -0.009825 31.339708 -0.652185 67.428181 28.557045 -0.000004 0.000023 -14.886843 -4.624978 2.355993 -21.747937 3.590126 -6.959946 -0.442365 8.508180 -1.022393 -0.521835 -1.354827 -3.126426 -4.782811 0.753824 10.050049 -4.652510 1.774022 41.726835 -1.056831 0.080436 8.705027 -6.655616 1.942788 19.301003 -3.735384 1.082584 32.316019 -0.884876 -1.559611 5.915900 -4.403858 1.444587 29.135261 -2.947476 0.652401 24.957011 -1.310349 -1.700571 8.584654 -6.655894 3.455233 39.871509 -2.394885 0.423461 20.052756 -0.959375 0.066214 7.896891 5.779580 -12.267362 6.745247 10.150728 21.028662 6.294892 -4.902666 -6.720453 -10.312804 0.000000 -0.293302 -0.000002 -14.346121 -14.375113 0.692593 -7.666110 27.989458 -3.711748 -6.548604 -12.355785 1.015744 -0.000001 -0.000010 -0.000003 
-10.710231 97.106537 -1.380031 4.843424 -1.799821 0.819005 -0.196138 1.846110 0.429413 -2.882387 2.389139 1.103070 -2.857592 2.355742 1.194495 0.880532 -0.315260 -2.843268 -3.910262 4.798190 3.955306 5.286347 0.227472 -5.268627 -29.505362 1.257575 -68.834599 -28.295992 -0.000014 -0.000038 12.697303 3.292975 -11.473731 13.048090 -12.443425 4.410873 13.129685 8.134233 4.225920 2.131420 -0.401561 2.786929 0.414696 -0.332789 -21.130899 3.942530 1.233354 -34.731915 2.023909 0.302789 -17.016342 1.470789 -0.102277 -27.252953 2.750967 0.570661 -23.434736 1.743917 0.223508 -14.606320 0.988698 -0.706635 -33.459809 2.027243 0.303802 -17.045335 1.306224 0.124492 -10.888217 5.845004 3.025720 -46.444627 -1.572705 0.466235 -21.572901 0.918243 0.061238 -7.631263 8.652927 2.111757 -0.085726 31.708173 -0.702100 67.427730 28.560832 0.000001 -0.000002 -14.877842 -4.795273 2.460244 -21.795444 3.696683 -6.910452 -0.407204 8.445701 -1.006264 -0.471625 -1.378461 -3.123638 -4.849386 0.774750 10.182652 -4.646075 1.768278 41.656371 -1.044222 0.078528 8.600314 -6.699448 1.963038 19.351608 -3.738328 1.084450 32.344436 -0.876470 -1.547839 5.868217 -4.427656 1.457644 29.122578 -2.957015 0.656848 25.043348 -1.309695 -1.687042 8.593659 -6.668337 3.463350 39.833656 -2.401861 0.426016 20.113667 -0.966074 0.067149 7.952293 5.757913 -12.163167 6.757990 10.129036 20.781984 6.228885 -4.986012 -6.624292 -10.282672 0.000009 -0.276159 -0.000002 -14.472976 -14.236194 0.691700 -7.679077 27.761514 -3.681950 -6.502950 -12.297349 1.010554 -0.000005 -0.000022 0.000000 
-10.687393 97.139359 -1.305523 4.967319 -1.769754 0.796094 -0.184147 1.831865 0.421855 -2.823970 2.360497 1.094645 -2.799551 2.328089 1.184097 0.872800 -0.314986 -2.843983 -3.933864 4.766752 3.963851 5.188076 0.215116 -5.032239 -29.154878 1.249955 -69.045843 -28.328425 -0.000016 -0.000034 12.781470 3.378459 -11.461159 13.040828 -12.438956 4.397614 13.148624 8.171122 4.243073 2.142450 -0.397420 2.789822 0.580493 -0.286287 -21.568238 3.913126 1.213105 -34.436687 2.005952 0.297330 -16.861032 1.619505 -0.037160 -27.570550 2.729387 0.561346 -23.240224 1.729847 0.219844 -14.485925 1.110095 -0.634640 -33.566866 2.018636 0.301186 -16.970754 1.299668 0.123231 -10.833019 5.943065 3.131734 -46.511563 -1.571504 0.466703 -21.583446 0.918192 0.061228 -7.630693 8.576301 2.097544 -0.141398 31.927347 -0.704061 67.449156 28.544436 -0.000013 -0.000011 -14.882113 -4.948994 2.548131 -21.913378 3.870720 -6.967509 -0.287031 8.235641 -0.936860 -0.340229 -1.437726 -3.111818 -4.909516 0.788304 10.216559 -4.643674 1.766144 41.630099 -1.040106 0.077895 8.566217 -6.731077 1.967475 19.268833 -3.746801 1.089824 32.426648 -0.878098 -1.528876 5.891886 -4.439835 1.462724 29.048135 -2.971144 0.663456 25.171160 -1.312732 -1.665744 8.634050 -6.668366 3.457054 39.734967 -2.411540 0.429571 20.198152 -0.978309 0.068867 8.053730 5.731307 -12.080007 6.771842 10.068020 20.614751 6.159152 -5.021895 -6.578537 -10.247618 0.000009 -0.267893 0.000001 -14.599328 -14.102817 0.697781 -7.716011 27.569394 -3.695444 -6.440299 -12.260482 1.037580 0.000002 -0.000022 0.000004 
-10.648623 97.159584 -1.216837 5.091078 -1.746087 0.765004 -0.171656 1.808674 0.413024 -2.756246 2.317205 1.084663 -2.732375 2.285968 1.171678 0.864433 -0.309833 -2.832876 -3.949920 4.728091 3.973251 5.020057 0.200270 -4.697109 -28.588892 1.231849 -69.372845 -28.346680 -0.000003 -0.000015 12.866765 3.482642 -11.427340 13.031616 -12.432130 4.378407 13.175829 8.223628 4.268960 2.155149 -0.393402 2.795231 0.768469 -0.231510 -22.088197 3.874639 1.186891 -34.051768 1.982753 0.290335 -16.660349 1.789171 0.038605 -27.956840 2.700094 0.548835 -22.976611 1.713233 0.215571 -14.343892 1.249553 -0.552258 -33.706874 2.006059 0.297354 -16.861898 1.291931 0.121757 -10.767846 6.054502 3.252958 -46.590100 -1.573419 0.465935 -21.566473 0.918133 0.061220 -7.630200 8.507706 2.084139 -0.187353 31.968868 -0.676306 67.505826 28.509636 -0.000008 -0.000005 -14.895927 -5.028126 2.589707 -22.101773 4.100558 -7.153266 -0.078300 7.870582 -0.810593 -0.131163 -1.530810 -3.090916 -4.935513 0.786742 10.118062 -4.647306 1.769392 41.669874 -1.047499 0.079004 8.627536 -6.730915 1.954035 19.112920 -3.755723 1.095493 32.513179 -0.889599 -1.518343 5.975940 -4.420671 1.450322 28.975001 -2.981105 0.668178 25.261448 -1.318094 -1.651627 8.682807 -6.635218 3.423072 39.640034 -2.417108 0.431632 20.246959 -0.989045 0.070381 8.142696 5.698330 -12.033218 6.787915 9.938673 20.559950 6.082257 -4.985003 -6.597792 -10.208955 -0.000001 -0.267740 0.000003 -14.702331 -13.984641 0.713669 -7.772368 27.435914 -3.753793 -6.394943 -12.255554 1.105061 0.000007 -0.000017 0.000001 
-10.595542 97.168694 -1.113222 5.215444 -1.729324 0.731246 -0.159505 1.778446 0.403859 -2.685469 2.262319 1.073848 -2.662268 2.232274 1.158168 0.858113 -0.307173 -2.821007 -3.961252 4.687737 3.982369 4.848335 0.186123 -4.342539 -27.906510 1.224577 -69.735883 -28.346472 -0.000011 -0.000019 12.952058 3.609271 -11.410314 13.028191 -12.421273 4.353928 13.202348 8.274341 4.295168 2.158762 -0.394742 2.802696 0.952393 -0.175918 -22.629002 3.832333 1.158544 -33.630506 1.959012 0.283270 -16.455386 1.957103 0.115524 -28.357422 2.667073 0.534943 -22.680131 1.696279 0.211274 -14.198842 1.390211 -0.468384 -33.850814 1.991191 0.292885 -16.733258 1.284049 0.120248 -10.701396 6.167076 3.375022 -46.641900 -1.578318 0.464019 -21.522783 0.918093 0.061209 -7.629884 8.421417 2.068458 -0.246535 31.841864 -0.649281 67.618238 28.451993 0.000006 0.000019 -14.923028 -4.990982 2.577903 -22.337767 4.354592 -7.445121 0.190552 7.397227 -0.645992 0.126282 -1.644685 -3.063822 -4.921370 0.769911 9.903137 -4.655923 1.777082 41.764390 -1.065035 0.081691 8.773014 -6.698142 1.927880 18.944839 -3.760905 1.098799 32.563647 -0.908141 -1.524061 6.095402 -4.369746 1.421273 28.944016 -2.981642 0.668412 25.266319 -1.324368 -1.652842 8.722076 -6.568076 3.363201 39.583774 -2.414810 0.430775 20.226767 -0.993923 0.071086 8.183254 5.657896 -12.012269 6.803572 9.785605 20.596864 6.007917 -4.917204 -6.674473 -10.166379 -0.000001 -0.277110 -0.000001 -14.762088 -13.880971 0.735484 -7.846868 27.355948 -3.854404 -6.398813 -12.278442 1.216069 0.000000 -0.000049 0.000001 
-10.529616 97.173119 -0.994421 5.339236 -1.718888 0.704628 -0.149375 1.742622 0.395093 -2.619837 2.198418 1.062231 -2.597404 2.169455 1.143767 0.858307 -0.320888 -2.821321 -3.967477 4.675034 3.983805 4.760847 0.173081 -4.066236 -27.251692 1.249419 -70.032812 -28.321654 -0.000007 -0.000031 13.056235 3.756403 -11.457907 13.037900 -12.404979 4.325127 13.219548 8.307006 4.312958 2.145029 -0.405394 2.811585 1.109659 -0.126348 -23.108772 3.793913 1.133176 -33.250040 1.939054 0.277411 -16.283031 2.104645 0.185367 -28.703276 2.636184 0.522116 -22.403244 1.681996 0.207682 -14.076861 1.519517 -0.389341 -33.964526 1.976512 0.288467 -16.606403 1.277451 0.119018 -10.645780 6.272701 3.487148 -46.627031 -1.586045 0.460978 -21.454203 0.918097 0.061214 -7.629837 8.282786 2.046018 -0.347323 31.586599 -0.655243 67.805542 28.364340 -0.000003 0.000035 -14.970731 -4.830019 2.528780 -22.575117 4.584825 -7.773922 0.461528 6.915788 -0.480644 0.379460 -1.756190 -3.036275 -4.881371 0.744226 9.623597 -4.666397 1.786450 41.879308 -1.088237 0.085303 8.965777 -6.649304 1.897756 18.795231 -3.760849 1.098763 32.563019 -0.929547 -1.543372 6.224133 -4.306567 1.386318 28.954589 -2.972687 0.664210 25.185208 -1.330362 -1.668234 8.745757 -6.488483 3.295075 39.560203 -2.405172 0.427232 20.142549 -0.992709 0.070925 8.173118 5.609922 -11.988947 6.810941 9.610233 20.673991 5.921695 -4.818741 -6.782972 -10.115507 -0.000013 -0.299857 0.000003 -14.767031 -13.780970 0.752494 -7.908258 27.306613 -3.977870 -6.474306 -12.318157 1.366538 -0.000005 -0.000021 -0.000002 
-10.452309 97.183571 -0.862103 5.461830 -1.712972 0.694535 -0.143571 1.701941 0.387211 -2.567605 2.127220 1.049370 -2.546024 2.099193 1.128151 0.869326 -0.366475 -2.844638 -3.965236 4.731236 3.964735 4.832259 0.159388 -3.948202 -26.759993 1.317138 -70.175863 -28.267108 0.000005 -0.000029 13.204941 3.913890 -11.606015 13.068354 -12.381819 4.293164 13.218680 8.305026 4.313092 2.106867 -0.428616 2.821073 1.229128 -0.086699 -23.462774 3.766041 1.114998 -32.974760 1.926374 0.273718 -16.173647 2.223435 0.244120 -28.941072 2.612310 0.512335 -22.189763 1.672936 0.205409 -13.999462 1.633258 -0.316837 -34.022422 1.964144 0.284797 -16.499505 1.273318 0.118236 -10.610899 6.369875 3.585623 -46.517690 -1.596352 0.456937 -21.362590 0.918128 0.061223 -7.630114 8.064729 2.012816 -0.511881 31.256435 -0.715322 68.075573 28.243251 -0.000013 0.000010 -15.042611 -4.575691 2.470543 -22.756527 4.741193 -8.046338 0.665791 6.549643 -0.357258 0.568075 -1.838938 -3.014956 -4.838798 0.718214 9.341901 -4.674915 1.794079 41.972865 -1.111770 0.089065 9.161169 -6.608221 1.872269 18.664995 -3.756464 1.095962 32.520464 -0.950046 -1.565643 6.343697 -4.260124 1.360959 28.978655 -2.958197 0.657414 25.053960 -1.335624 -1.689043 8.759147 -6.428507 3.242961 39.527350 -2.391179 0.422117 20.020343 -0.988342 0.070283 8.136995 5.557548 -11.921358 6.801702 9.410603 20.707674 5.802394 -4.690138 -6.880405 -10.049264 -0.000006 -0.340581 -0.000004 -14.721732 -13.663471 0.753973 -7.938909 27.237992 -4.105528 -6.622618 -12.349441 1.545550 -0.000005 -0.000009 0.000003 
-10.364516 97.211456 -0.720102 5.583955 -1.708584 0.705155 -0.144303 1.656430 0.380407 -2.534600 2.049380 1.034697 -2.513946 2.022146 1.110807 0.893679 -0.454857 -2.894966 -3.948245 4.888220 3.912483 5.088939 0.144686 -4.015898 -26.503396 1.425746 -70.131604 -28.182815 0.000015 -0.000015 13.411954 4.066048 -11.859907 13.126394 -12.350981 4.259862 13.191785 8.253484 4.287242 2.038534 -0.466956 2.830338 1.315627 -0.055953 -23.679998 3.750189 1.104757 -32.818560 1.921657 0.272356 -16.133148 2.318393 0.293525 -29.061277 2.596635 0.505960 -22.049485 1.669569 0.204571 -13.970866 1.736470 -0.247780 -34.019284 1.954579 0.281967 -16.416986 1.271869 0.117963 -10.598680 6.463522 3.674424 -46.309038 -1.609045 0.451975 -21.249798 0.918191 0.061233 -7.630663 7.762519 1.967284 -0.745917 30.898116 -0.829828 68.416523 28.094646 -0.000005 -0.000009 -15.132769 -4.283940 2.427294 -22.835459 4.789194 -8.183577 0.750465 6.396879 -0.307242 0.646871 -1.873114 -3.005070 -4.811694 0.698333 9.109431 -4.678296 1.797135 42.010038 -1.131057 0.092205 9.321634 -6.592306 1.856207 18.540140 -3.749604 1.091597 32.453924 -0.966675 -1.579151 6.443831 -4.252563 1.356826 28.982381 -2.943009 0.650333 24.916593 -1.339961 -1.704748 8.771582 -6.413320 3.225148 39.437386 -2.375702 0.416491 19.885365 -0.984701 0.069772 8.106808 5.505567 -11.773528 6.771205 9.183779 20.616989 5.632479 -4.534560 -6.923604 -9.960948 -0.000001 -0.402116 0.000001 -14.648732 -13.504529 0.731148 -7.937780 27.092181 -4.219551 -6.815504 -12.343401 1.735157 -0.000001 -0.000040 -0.000002 
-10.266373 97.264320 -0.573399 5.705429 -1.701647 0.733176 -0.152616 1.605657 0.374372 -2.521990 1.964493 1.017760 -2.502357 1.938003 1.091298 0.930794 -0.587253 -2.966819 -3.909163 5.148688 3.821148 5.491011 0.131483 -4.227461 -26.458457 1.562885 -69.941369 -28.077205 -0.000012 -0.000036 13.666044 4.198572 -12.185574 13.214073 -12.312986 4.227586 13.135781 8.146181 4.232344 1.939145 -0.520587 2.838602 1.386975 -0.028707 -23.812498 3.741287 1.099007 -32.731192 1.922093 0.272483 -16.136744 2.404400 0.340108 -29.105564 2.585405 0.501433 -21.949195 1.669863 0.204636 -13.973356 1.839651 -0.176594 -33.973627 1.946327 0.279541 -16.345771 1.272118 0.118007 -10.600870 6.561388 3.761801 -46.022347 -1.623915 0.446220 -21.117647 0.918259 0.061239 -7.631267 7.399358 1.911170 -1.032690 30.538688 -0.976015 68.795735 27.935154 -0.000000 0.000000 -15.225566 -4.013845 2.406969 -22.796661 4.722606 -8.156453 0.699802 6.487626 -0.339980 0.604471 -1.853856 -3.008046 -4.804612 0.687377 8.960529 -4.674343 1.793549 41.966629 -1.143095 0.094201 9.421609 -6.604606 1.850529 18.422260 -3.740661 1.085913 32.367030 -0.977176 -1.578207 6.514086 -4.287712 1.375787 28.952397 -2.929212 0.643941 24.792024 -1.342973 -1.709537 8.786289 -6.448043 3.244378 39.270927 -2.359121 0.410530 19.740966 -0.983800 0.069639 8.099305 5.458245 -11.528086 6.720501 8.932313 20.350287 5.407720 -4.358459 -6.883734 -9.847868 0.000004 -0.483368 0.000001 -14.581206 -13.287737 0.681384 -7.919869 26.824936 -4.309115 -7.001449 -12.278150 1.915630 0.000002 -0.000058 -0.000000 
-10.157151 97.339600 -0.426381 5.821793 -1.687655 0.768781 -0.167466 1.549117 0.368322 -2.525502 1.871539 0.998378 -2.506963 1.845803 1.069383 0.976757 -0.753524 -3.046169 -3.842438 5.478099 3.696407 5.942857 0.121724 -4.482488 -26.514955 1.707333 -69.707640 -27.968467 -0.000023 -0.000034 13.929804 4.305671 -12.518329 13.323706 -12.270974 4.198800 13.057259 7.995182 4.155219 1.817712 -0.584697 2.845524 1.463838 0.001266 -23.946385 3.730140 1.091865 -32.621608 1.922516 0.272602 -16.140381 2.497166 0.390748 -29.144673 2.571821 0.495970 -21.828110 1.670151 0.204721 -13.975755 1.951374 -0.099495 -33.919051 1.936572 0.276692 -16.261567 1.272363 0.118056 -10.602893 6.667990 3.854039 -45.697889 -1.640800 0.439720 -20.967982 0.918307 0.061251 -7.631602 7.018648 1.850034 -1.339927 30.185201 -1.115628 69.168014 27.787805 0.000007 -0.000012 -15.301842 -3.805431 2.398334 -22.662839 4.565532 -7.997170 0.541211 6.771395 -0.440164 0.467668 -1.792896 -3.021103 -4.810143 0.685617 8.919997 -4.661439 1.782002 41.824875 -1.145653 0.094615 9.442912 -6.635435 1.855490 18.354994 -3.726723 1.077108 32.231946 -0.978992 -1.567644 6.534048 -4.350589 1.409893 28.912447 -2.913840 0.636871 24.653472 -1.343640 -1.706468 8.793614 -6.516240 3.288018 39.057259 -2.338640 0.403201 19.562553 -0.984280 0.069721 8.103193 5.418114 -11.204644 6.656296 8.668159 19.926578 5.144332 -4.169568 -6.768163 -9.713923 -0.000003 -0.564025 -0.000005 -14.545605 -13.019680 0.610400 -7.915096 26.437627 -4.378952 -7.124568 -12.154131 2.075590 0.000009 -0.000015 0.000003 
-10.035691 97.423653 -0.281390 5.922700 -1.662969 0.799126 -0.185496 1.486722 0.361483 -2.536533 1.769520 0.976712 -2.519169 1.744613 1.045105 1.025378 -0.935154 -3.115264 -3.746986 5.813843 3.555217 6.330493 0.112662 -4.658528 -26.522775 1.832299 -69.550853 -27.882461 -0.000013 -0.000026 14.152007 4.394345 -12.784494 13.436159 -12.230936 4.175420 12.974040 7.834483 4.073682 1.695431 -0.648626 2.851198 1.557347 0.037173 -24.149746 3.708327 1.077962 -32.407731 1.918388 0.271420 -16.104777 2.602687 0.447716 -29.238226 2.549766 0.487186 -21.631537 1.667138 0.203962 -13.950123 2.070704 -0.018649 -33.887509 1.922747 0.272673 -16.142339 1.271046 0.117814 -10.591696 6.779099 3.948776 -45.379777 -1.659455 0.432608 -20.802562 0.918281 0.061248 -7.631352 6.665634 1.790839 -1.629784 29.833682 -1.210578 69.491069 27.673652 -0.000005 0.000012 -15.346714 -3.665802 2.378058 -22.483723 4.363921 -7.781580 0.333310 7.140664 -0.573236 0.289457 -1.713572 -3.038444 -4.817565 0.692960 9.012534 -4.638059 1.761171 41.568740 -1.136818 0.093152 9.369438 -6.671885 1.874287 18.427623 -3.701668 1.061406 31.989864 -0.968860 -1.561578 6.471393 -4.417768 1.447425 28.921094 -2.889224 0.625618 24.431629 -1.340430 -1.707409 8.771864 -6.590223 3.337195 38.869934 -2.309796 0.393033 19.311928 -0.981719 0.069365 8.082026 5.386595 -10.861465 6.589882 8.410873 19.446010 4.874224 -3.974519 -6.626288 -9.568900 0.000004 -0.603604 -0.000000 -14.544821 -12.734423 0.532620 -7.955930 25.988424 -4.450989 -7.152564 -11.998273 2.219974 0.000006 -0.000042 0.000000 
-9.901085 97.498451 -0.138487 5.994610 -1.626182 0.813482 -0.201900 1.419083 0.353308 -2.545164 1.658375 0.953359 -2.529046 1.634352 1.018915 1.070298 -1.111419 -3.159524 -3.628009 6.087992 3.420121 6.569697 0.098118 -4.659197 -26.357034 1.915241 -69.560306 -27.847902 -0.000010 -0.000030 14.287571 4.483906 -12.928194 13.525117 -12.200133 4.158424 12.910841 7.711858 4.011915 1.601168 -0.697923 2.855868 1.661582 0.076730 -24.428783 3.673130 1.055780 -32.063606 1.908290 0.268510 -16.017752 2.711544 0.506004 -29.398831 2.517247 0.474381 -21.342309 1.659862 0.202159 -13.887954 2.183859 0.056436 -33.893031 1.904063 0.267290 -15.981239 1.267657 0.117180 -10.563229 6.879384 4.032564 -45.097864 -1.679721 0.424954 -20.623123 0.918161 0.061231 -7.630506 6.366528 1.739078 -1.877097 29.482512 -1.239738 69.741566 27.602932 -0.000004 0.000002 -15.355621 -3.569051 2.323350 -22.314735 4.170140 -7.593640 0.142614 7.476581 -0.697294 0.127509 -1.641198 -3.053742 -4.821259 0.709841 9.260528 -4.603019 1.730353 41.186840 -1.115160 0.089612 9.189389 -6.707487 1.914132 18.746308 -3.658316 1.034545 31.572215 -0.943694 -1.577669 6.292982 -4.471607 1.480539 29.050031 -2.845800 0.606080 24.041252 -1.331943 -1.728359 8.696714 -6.647034 3.379127 38.799217 -2.269828 0.379157 18.964992 -0.970703 0.067793 7.990719 5.364419 -10.568767 6.533577 8.174272 19.043293 4.626601 -3.777718 -6.526882 -9.422834 -0.000015 -0.641456 -0.000001 -14.555056 -12.479910 0.465345 -8.068178 25.566242 -4.554306 -7.093269 -11.850676 2.366496 -0.000003 -0.000051 -0.000001 
-9.753269 97.553474 0.003847 6.026738 -1.578267 0.808183 -0.211913 1.347684 0.343657 -2.543860 1.539681 0.929387 -2.529021 1.516524 0.991787 1.107329 -1.266312 -3.173733 -3.496902 6.254105 3.310560 6.642330 0.074306 -4.451016 -25.970756 1.950341 -69.759925 -27.888894 -0.000002 -0.000032 14.315830 4.601420 -12.930859 13.567289 -12.184754 4.147782 12.889142 7.669651 3.990591 1.560436 -0.719951 2.859754 1.756425 0.112732 -24.720632 3.629138 1.028439 -31.635356 1.894769 0.264631 -15.901312 2.801912 0.554192 -29.583486 2.477769 0.459102 -20.991873 1.650133 0.199757 -13.805004 2.267652 0.110965 -33.924508 1.881978 0.261016 -15.791078 1.263104 0.116337 -10.524907 6.945887 4.083108 -44.855297 -1.701423 0.416827 -20.431382 0.918041 0.061211 -7.629481 6.115432 1.695042 -2.077965 29.141467 -1.209547 69.924833 27.570492 -0.000005 0.000029 -15.335598 -3.468316 2.222900 -22.198017 4.026986 -7.492364 0.019770 7.691599 -0.778401 0.024033 -1.594448 -3.062397 -4.823083 0.736569 9.666103 -4.556665 1.690148 40.684763 -1.081098 0.084186 8.906513 -6.745826 1.982799 19.384324 -3.591676 0.994096 30.933940 -0.902533 -1.629229 5.984938 -4.509852 1.509488 29.353161 -2.776267 0.575496 23.418799 -1.317963 -1.782601 8.554457 -6.680831 3.414289 38.914832 -2.220107 0.362269 18.534482 -0.947192 0.064540 7.795986 5.352001 -10.367865 6.493170 7.969413 18.805901 4.417208 -3.581423 -6.515648 -9.282144 -0.000003 -0.675803 0.000000 -14.538102 -12.281916 0.416753 -8.226844 25.228531 -4.691568 -6.991361 -11.737705 2.529299 0.000009 0.000008 -0.000002 
-9.593413 97.593056 0.147235 6.015390 -1.522079 0.789042 -0.212753 1.274739 0.332949 -2.530280 1.416910 0.906217 -2.516705 1.394483 0.965118 1.135995 -1.393013 -3.164439 -3.368692 6.305407 3.235594 6.602498 0.042727 -4.074019 -25.410983 1.951257 -70.101783 -28.018368 -0.000004 -0.000035 14.248339 4.772868 -12.816156 13.553142 -12.187013 4.143128 12.916865 7.723690 4.017103 1.582991 -0.709924 2.862874 1.819006 0.136656 -24.927925 3.585878 1.002025 -31.216188 1.882877 0.261264 -15.798878 2.850070 0.579699 -29.717170 2.438412 0.444139 -20.643166 1.641601 0.197665 -13.732359 2.298621 0.130561 -33.951726 1.859468 0.254698 -15.597502 1.259142 0.115586 -10.491568 6.955915 4.076965 -44.627066 -1.724333 0.408343 -20.229140 0.918013 0.061201 -7.629258 5.875081 1.653242 -2.252947 28.833712 -1.151716 70.073055 27.558237 -0.000008 -0.000005 -15.301837 -3.315444 2.081977 -22.153565 3.957827 -7.496674 -0.013568 7.749619 -0.801183 -0.003748 -1.581027 -3.062639 -4.827164 0.770997 10.189489 -4.502024 1.643686 40.098155 -1.038522 0.077651 8.553051 -6.795271 2.083114 20.335920 -3.502040 0.941285 30.081768 -0.848367 -1.719423 5.570500 -4.544565 1.541257 29.841295 -2.679057 0.534277 22.553307 -1.299729 -1.874991 8.351505 -6.704045 3.454517 39.236623 -2.166329 0.344495 18.070075 -0.910228 0.059578 7.490020 5.351103 -10.236040 6.462325 7.800714 18.700597 4.241903 -3.388395 -6.577940 -9.147093 0.000009 -0.706650 -0.000004 -14.464309 -12.129893 0.380577 -8.389631 24.962668 -4.840354 -6.903745 -11.652110 2.708624 -0.000011 -0.000007 0.000002 
-9.423710 97.633995 0.292597 5.964817 -1.462786 0.768858 -0.204845 1.202866 0.321908 -2.508065 1.294978 0.885143 -2.495669 1.273067 0.940342 1.159561 -1.494572 -3.147442 -3.257143 6.275998 3.191201 6.550173 0.007162 -3.622353 -24.792622 1.940726 -70.485046 -28.233480 -0.000023 -0.000002 14.122504 5.013688 -12.638030 13.492314 -12.203990 4.143930 12.983463 7.853024 4.081505 1.656651 -0.673775 2.864964 1.836713 0.143751 -24.975239 3.552595 0.981981 -30.894694 1.877255 0.259672 -15.750507 2.842646 0.575242 -29.735188 2.405945 0.431998 -20.356330 1.637694 0.196718 -13.698805 2.263689 0.107628 -33.941761 1.839423 0.249134 -15.425168 1.257436 0.115284 -10.477012 6.896511 3.999832 -44.373297 -1.748252 0.399555 -20.018154 0.918243 0.061250 -7.631050 5.591515 1.604558 -2.437298 28.589640 -1.110081 70.233094 27.543686 0.000014 0.000016 -15.271053 -3.080426 1.918904 -22.180776 3.965391 -7.591001 0.036410 7.662069 -0.769526 0.038862 -1.598804 -3.055461 -4.832248 0.807012 10.741207 -4.445372 1.596488 39.494893 -0.995068 0.071265 8.192685 -6.859813 2.208523 21.498295 -3.396113 0.881185 29.084014 -0.789035 -1.839528 5.113217 -4.591868 1.584324 30.473172 -2.559719 0.485980 21.498222 -1.280184 -1.999055 8.115979 -6.737020 3.514278 39.724298 -2.115596 0.328163 17.632881 -0.862358 0.053443 7.094026 5.364036 -10.093482 6.424302 7.667161 18.584851 4.083548 -3.202229 -6.643957 -9.013770 -0.000008 -0.736466 0.000000 -14.330159 -11.977014 0.336130 -8.503886 24.688091 -4.953092 -6.872541 -11.555094 2.886536 0.000009 -0.000031 -0.000001 
-9.246206 97.692375 0.439984 5.885524 -1.409679 0.759464 -0.191819 1.134610 0.311399 -2.485213 1.179189 0.866711 -2.473860 1.157552 0.918215 1.183548 -1.580787 -3.141430 -3.169796 6.224673 3.163167 6.586392 -0.030277 -3.205603 -24.246190 1.936897 -70.794077 -28.515362 0.000007 -0.000007 13.985177 5.322823 -12.459319 13.409652 -12.228725 4.149518 13.064316 8.009251 4.160340 1.752050 -0.626042 2.865593 1.814056 0.136106 -24.852280 3.533297 0.970474 -30.708995 1.879662 0.260357 -15.771271 2.783724 0.543369 -29.620498 2.383457 0.423692 -20.157705 1.639614 0.197185 -13.715291 2.167199 0.045980 -33.877803 1.823137 0.244629 -15.285386 1.258611 0.115514 -10.486888 6.771084 3.855051 -44.062804 -1.773006 0.390593 -19.800295 0.918793 0.061312 -7.635773 5.215650 1.539833 -2.665889 28.436062 -1.121839 70.447698 27.509876 -0.000013 0.000018 -15.254300 -2.763099 1.757007 -22.265006 4.036358 -7.741923 0.146050 7.469370 -0.700102 0.132873 -1.639543 -3.043276 -4.827903 0.834893 11.200376 -4.394744 1.555178 38.960133 -0.960506 0.066368 7.906337 -6.932213 2.341420 22.690163 -3.286121 0.821279 28.058067 -0.735988 -1.971122 4.701502 -4.659485 1.641753 31.162909 -2.430490 0.436583 20.363739 -1.263116 -2.138052 7.889302 -6.793330 3.599824 40.285279 -2.073438 0.314897 17.270584 -0.809217 0.047034 6.655030 5.386973 -9.859945 6.362596 7.565197 18.320673 3.928273 -3.024052 -6.645272 -8.878835 0.000000 -0.768891 -0.000001 -14.161424 -11.772907 0.258264 -8.519553 24.327370 -4.978061 -6.913255 -11.411416 3.038556 0.000009 -0.000032 0.000001 
-9.062054 97.774261 0.588658 5.791726 -1.375629 0.764871 -0.179349 1.071918 0.301918 -2.470874 1.073807 0.850151 -2.460396 1.052269 0.898227 1.213473 -1.663270 -3.160842 -3.105390 6.209066 3.133481 6.772165 -0.069075 -2.910872 -23.865665 1.947410 -70.940175 -28.832899 -0.000009 -0.000028 13.875232 5.683209 -12.328479 13.333414 -12.252985 4.158388 13.132935 8.141088 4.228054 1.836740 -0.582964 2.864642 1.769805 0.121225 -24.618872 3.525268 0.965721 -30.631776 1.888238 0.262785 -15.845122 2.693821 0.495783 -29.414032 2.368947 0.418392 -20.029922 1.646086 0.198779 -13.770439 2.031234 -0.039607 -33.770696 1.809945 0.241066 -15.172084 1.262068 0.116137 -10.516089 6.600908 3.666187 -43.696767 -1.798348 0.381546 -19.577320 0.919740 0.061443 -7.643597 4.721971 1.453177 -2.958535 28.386396 -1.203648 70.740071 27.452825 0.000014 0.000028 -15.252956 -2.393560 1.615815 -22.384164 4.147343 -7.914505 0.285650 7.222494 -0.613467 0.254579 -1.692806 -3.028858 -4.798127 0.844471 11.456141 -4.357312 1.525125 38.567336 -0.943396 0.064016 7.764609 -6.994598 2.456094 23.699401 -3.187004 0.769484 27.141801 -0.700986 -2.090812 4.420323 -4.740171 1.707310 31.798953 -2.307770 0.392327 19.294284 -1.252203 -2.268326 7.713609 -6.870696 3.701879 40.794094 -2.043556 0.305679 17.014160 -0.759157 0.041403 6.241507 5.406372 -9.492221 6.270704 7.491462 17.846610 3.772464 -2.850968 -6.550413 -8.741938 0.000007 -0.806398 -0.000002 -14.001514 -11.484627 0.130661 -8.408231 23.845703 -4.884294 -7.017459 -11.207932 3.146685 0.000002 -0.000036 -0.000000 
-8.871535 97.874710 0.736873 5.698519 -1.370996 0.782206 -0.173001 1.015764 0.293177 -2.471864 0.980918 0.833432 -2.462096 0.959439 0.878536 1.252879 -1.750904 -3.210986 -3.054808 6.262556 3.087342 7.110075 -0.107180 -2.778738 -23.679779 1.972252 -70.888641 -29.149567 -0.000027 -0.000012 13.813384 6.067989 -12.266413 13.281944 -12.270764 4.167683 13.174723 8.220840 4.270106 1.891160 -0.554675 2.862708 1.726307 0.107294 -24.370100 3.521310 0.963373 -30.593725 1.898906 0.265816 -15.936940 2.601142 0.447608 -29.194906 2.357314 0.414169 -19.927441 1.654120 0.200747 -13.838952 1.889088 -0.128253 -33.657530 1.797852 0.237784 -15.068441 1.266373 0.116946 -10.552504 6.420508 3.471233 -43.320348 -1.824108 0.372444 -19.351055 0.920938 0.061598 -7.653556 4.117089 1.343924 -3.312997 28.435681 -1.347311 71.106463 27.381926 0.000018 -0.000007 -15.259546 -2.020945 1.505825 -22.513415 4.270300 -8.080513 0.426874 6.970955 -0.528328 0.380791 -1.748325 -3.014682 -4.730839 0.830030 11.452648 -4.336398 1.508534 38.348941 -0.947569 0.064590 7.799112 -7.026105 2.525802 24.338635 -3.112703 0.731942 26.459714 -0.691841 -2.174770 4.323079 -4.815082 1.766469 32.266958 -2.209165 0.358625 18.439872 -1.249536 -2.364261 7.619768 -6.952498 3.796712 41.115816 -2.012968 0.296401 16.751988 -0.722152 0.037433 5.936197 5.402675 -8.997282 6.151573 7.442461 17.191316 3.621493 -2.676487 -6.371215 -8.604998 0.000007 -0.849701 0.000006 -13.891586 -11.112614 -0.048237 -8.167963 23.265293 -4.675247 -7.174106 -10.957521 3.210309 0.000000 -0.000009 0.000001 
-8.674613 97.984634 0.881794 5.617456 -1.395890 0.807877 -0.176197 0.965968 0.284332 -2.490272 0.899945 0.814059 -2.481094 0.878639 0.856696 1.302400 -1.847355 -3.287129 -3.004622 6.384271 3.018044 7.552688 -0.140330 -2.800102 -23.653968 2.007338 -70.662876 -29.431487 0.000001 -0.000031 13.801862 6.449522 -12.264921 13.256336 -12.280056 4.173378 13.193862 8.257227 4.289841 1.917163 -0.540917 2.861209 1.697725 0.098809 -24.185147 3.514360 0.959289 -30.527042 1.907810 0.268358 -16.013640 2.529990 0.410896 -29.041698 2.343498 0.409178 -19.805851 1.660890 0.202409 -13.896759 1.774043 -0.200524 -33.587797 1.785018 0.234360 -14.958244 1.270136 0.117653 -10.584083 6.267884 3.310406 -43.012980 -1.850081 0.363368 -19.123244 0.922133 0.061757 -7.663713 3.436209 1.217065 -3.707103 28.561881 -1.526424 71.520625 27.314280 -0.000007 -0.000006 -15.262859 -1.695865 1.428707 -22.629301 4.379214 -8.219587 0.546849 6.755637 -0.458656 0.491671 -1.797190 -3.002720 -4.627373 0.794382 11.215080 -4.329974 1.503454 38.281728 -0.970271 0.067713 7.987268 -7.012732 2.532952 24.493970 -3.072499 0.712098 26.092412 -0.708757 -2.203912 4.414591 -4.864050 1.803200 32.474056 -2.149265 0.338957 17.922865 -1.254836 -2.404051 7.619926 -7.017588 3.855790 41.133650 -1.981875 0.287131 16.485860 -0.707734 0.035956 5.817259 5.363498 -8.411185 6.010555 7.411206 16.417611 3.478852 -2.494467 -6.134757 -8.467907 0.000011 -0.898638 -0.000003 -13.852207 -10.679676 -0.269872 -7.838093 22.624643 -4.386736 -7.352857 -10.679329 3.240737 0.000004 -0.000021 0.000004 
-8.471481 98.096863 1.020310 5.550663 -1.438724 0.840857 -0.189103 0.921366 0.274415 -2.523008 0.828148 0.790381 -2.514336 0.807221 0.830971 1.359861 -1.951005 -3.377145 -2.941717 6.545296 2.927657 8.028636 -0.164685 -2.927166 -23.713858 2.045203 -70.328313 -29.654625 -0.000016 -0.000013 13.830912 6.807408 -12.296112 13.242867 -12.282905 4.171827 13.209055 8.286387 4.304433 1.933951 -0.532840 2.862190 1.684122 0.094989 -24.090234 3.501276 0.951576 -30.401438 1.913314 0.269950 -16.061113 2.491780 0.390628 -28.997893 2.325318 0.402653 -19.645757 1.665142 0.203462 -13.933037 1.708339 -0.244447 -33.602652 1.770695 0.230537 -14.835495 1.272573 0.118109 -10.604607 6.172216 3.212955 -42.858098 -1.876069 0.354428 -18.895694 0.923106 0.061891 -7.671808 2.731620 1.082289 -4.108901 28.730771 -1.708724 71.945395 27.265897 0.000004 0.000006 -15.253892 -1.452244 1.380748 -22.715546 4.458272 -8.318725 0.632156 6.601552 -0.411399 0.573845 -1.833426 -2.994129 -4.506262 0.748307 10.842824 -4.331135 1.504373 38.294012 -1.002974 0.072393 8.258274 -6.954886 2.477084 24.156402 -3.068209 0.709979 26.053251 -0.743995 -2.168911 4.650644 -4.876580 1.808526 32.373980 -2.135314 0.334449 17.802784 -1.265351 -2.376108 7.705450 -7.051663 3.859633 40.780543 -1.950549 0.277937 16.218221 -0.720512 0.037273 5.922662 5.296482 -7.777772 5.852729 7.386565 15.580266 3.338731 -2.303879 -5.863904 -8.325585 -0.000005 -0.952785 0.000001 -13.877403 -10.218528 -0.521510 -7.503485 21.955235 -4.076441 -7.475622 -10.390095 3.251386 -0.000001 -0.000028 -0.000004 
-8.262113 98.206253 1.149927 5.487196 -1.482691 0.879455 -0.208652 0.880138 0.263448 -2.563236 0.761751 0.762688 -2.555034 0.741403 0.801475 1.421143 -2.056537 -3.465924 -2.857339 6.706392 2.824025 8.470068 -0.180364 -3.090412 -23.773103 2.074496 -69.970596 -29.809336 -0.000018 0.000005 13.886101 7.133539 -12.325280 13.224054 -12.283270 4.161509 13.239816 8.346027 4.332202 1.963788 -0.519681 2.866770 1.674501 0.091494 -24.057067 3.483531 0.941197 -30.231452 1.916313 0.270813 -16.086875 2.483276 0.384733 -29.058674 2.303894 0.395047 -19.457705 1.667441 0.204039 -13.952625 1.696689 -0.258186 -33.717738 1.755527 0.226547 -14.705570 1.273832 0.118334 -10.615263 6.143852 3.188526 -42.904581 -1.901859 0.345641 -18.670172 0.923607 0.061958 -7.675931 2.058950 0.951482 -4.487453 28.902294 -1.868219 72.345869 27.244450 0.000011 0.000014 -15.230605 -1.296672 1.356442 -22.769033 4.509313 -8.373705 0.682731 6.509621 -0.384669 0.624235 -1.855777 -2.989376 -4.397826 0.706159 10.472344 -4.330916 1.504217 38.291666 -1.034330 0.077011 8.518343 -6.868875 2.376582 23.431118 -3.092807 0.722076 26.277744 -0.784356 -2.075102 4.951962 -4.857224 1.785650 31.988505 -2.163613 0.343599 18.046565 -1.276647 -2.284787 7.848640 -7.053437 3.807761 40.070145 -1.920476 0.269268 15.961351 -0.756304 0.041074 6.218027 5.230860 -7.140372 5.686434 7.356917 14.725024 3.189308 -2.111561 -5.578619 -8.169775 -0.000005 -1.010527 -0.000002 -13.945791 -9.765405 -0.784516 -7.213362 21.282280 -3.790568 -7.515786 -10.096620 3.260190 -0.000006 -0.000055 0.000005 
-8.046013 98.307190 1.269214 5.405133 -1.514715 0.917834 -0.229990 0.840237 0.252027 -2.603019 0.697142 0.733349 -2.595261 0.677483 0.770382 1.481353 -2.157129 -3.539678 -2.749432 6.837321 2.716150 8.829619 -0.192381 -3.213488 -23.754221 2.081791 -69.677512 -29.901363 0.000027 0.000013 13.952722 7.432795 -12.321583 13.190999 -12.284454 4.144554 13.292288 8.447715 4.379306 2.016029 -0.496524 2.874477 1.656299 0.083994 -24.032917 3.465070 0.930491 -30.054714 1.918860 0.271550 -16.108880 2.491810 0.387006 -29.182980 2.282216 0.387428 -19.267277 1.669246 0.204493 -13.968037 1.727090 -0.248553 -33.915885 1.740722 0.222666 -14.578933 1.274574 0.118502 -10.621420 6.171699 3.225541 -43.138085 -1.927227 0.337133 -18.448478 0.923535 0.061942 -7.675432 1.465854 0.835621 -4.821172 29.036644 -1.991260 72.698778 27.247021 -0.000015 0.000011 -15.198361 -1.208741 1.350827 -22.802315 4.552637 -8.391780 0.713212 6.454257 -0.367782 0.652297 -1.868543 -2.987696 -4.331819 0.679945 10.225784 -4.321421 1.496702 38.192714 -1.054289 0.080047 8.683938 -6.781871 2.262091 22.517774 -3.131541 0.741351 26.632311 -0.816334 -1.944245 5.227670 -4.822885 1.748306 31.414147 -2.218612 0.361789 18.521511 -1.284431 -2.152351 8.008252 -7.033669 3.718805 39.111309 -1.890516 0.260772 15.705924 -0.802743 0.046286 6.601492 5.203154 -6.543400 5.523449 7.319656 13.911240 3.027623 -1.929480 -5.308363 -7.996979 -0.000017 -1.067926 0.000001 -14.035040 -9.354512 -1.036504 -6.980940 20.638028 -3.560083 -7.474401 -9.807452 3.283234 -0.000006 0.000003 0.000001 
-7.822254 98.391365 1.377456 5.281174 -1.531113 0.945011 -0.248436 0.799685 0.241825 -2.636085 0.631595 0.705711 -2.628741 0.612592 0.740902 1.536016 -2.246410 -3.588976 -2.622646 6.928549 2.610552 9.083974 -0.208798 -3.225438 -23.598416 2.056668 -69.526524 -29.949177 -0.000020 -0.000035 14.016650 7.718810 -12.264008 13.149638 -12.287365 4.126741 13.353071 8.565264 4.433696 2.079390 -0.468025 2.882870 1.624724 0.071319 -23.980389 3.448803 0.921092 -29.899570 1.922432 0.272590 -16.139694 2.503911 0.391038 -29.319714 2.262402 0.380543 -19.093755 1.671623 0.205075 -13.988396 1.778172 -0.226977 -34.153753 1.727105 0.219147 -14.462400 1.275304 0.118610 -10.627636 6.229806 3.297005 -43.478850 -1.952017 0.328911 -18.232360 0.923007 0.061878 -7.670965 0.983922 0.742152 -5.101468 29.101869 -2.075488 72.995973 27.262794 0.000000 0.000035 -15.167130 -1.151646 1.358930 -22.838146 4.617729 -8.390344 0.747334 6.393206 -0.345163 0.676341 -1.879982 -2.987392 -4.323887 0.675157 10.165855 -4.298697 1.478917 37.956495 -1.057623 0.080562 8.711521 -6.721248 2.165179 21.657152 -3.166064 0.758798 26.949258 -0.831143 -1.810049 5.402254 -4.793788 1.713396 30.801875 -2.276791 0.381559 19.025400 -1.286103 -2.014215 8.139514 -7.007992 3.620829 38.087696 -1.860886 0.252521 15.453803 -0.844579 0.051262 6.947075 5.232819 -6.044541 5.374640 7.288175 13.246038 2.875665 -1.768032 -5.108409 -7.816778 0.000004 -1.119504 0.000005 -14.130239 -9.015211 -1.255678 -6.792215 20.071658 -3.400146 -7.363527 -9.541717 3.331933 0.000014 -0.000045 0.000005 
-7.590047 98.450249 1.474129 5.103537 -1.536997 0.950484 -0.261215 0.756698 0.234309 -2.659673 0.563173 0.682279 -2.652697 0.544687 0.715483 1.582134 -2.319971 -3.610366 -2.486044 6.991342 2.510133 9.229600 -0.237342 -3.072154 -23.269189 1.997741 -69.573980 -29.977963 -0.000024 -0.000017 14.064040 8.006510 -12.142731 13.117208 -12.290553 4.115106 13.395369 8.647175 4.470839 2.127602 -0.445988 2.888435 1.586512 0.056442 -23.901439 3.434716 0.913021 -29.765158 1.926758 0.273834 -16.176970 2.512302 0.393476 -29.432945 2.244454 0.374350 -18.936488 1.674483 0.205792 -14.012724 1.829143 -0.204425 -34.378661 1.714450 0.215895 -14.354182 1.276132 0.118777 -10.634585 6.289863 3.370992 -43.809376 -1.975953 0.321072 -18.023700 0.922204 0.061769 -7.664244 0.623030 0.673236 -5.331651 29.082071 -2.125189 73.243335 27.278473 -0.000006 0.000028 -15.146489 -1.088529 1.376231 -22.896688 4.726206 -8.389240 0.805153 6.290152 -0.304598 0.713936 -1.897912 -2.986676 -4.368335 0.689479 10.273852 -4.264087 1.452124 37.598361 -1.045737 0.078738 8.612851 -6.702593 2.107318 21.051362 -3.180694 0.766237 27.083653 -0.827343 -1.707529 5.440592 -4.783066 1.692863 30.308258 -2.314743 0.394760 19.354774 -1.281776 -1.907488 8.208174 -6.987845 3.538168 37.199488 -1.831121 0.244356 15.200704 -0.869872 0.054391 7.156227 5.308058 -5.699341 5.242141 7.287748 12.850048 2.774984 -1.630172 -5.040569 -7.649641 0.000016 -1.160328 -0.000001 -14.224241 -8.770634 -1.429774 -6.614100 19.642362 -3.307549 -7.215248 -9.325810 3.412733 0.000002 -0.000034 -0.000004 
-7.349670 98.479713 1.558859 4.878991 -1.539736 0.931629 -0.268238 0.709700 0.229706 -2.674839 0.490228 0.663177 -2.668176 0.472090 0.694234 1.618906 -2.376339 -3.606611 -2.349586 7.048501 2.415242 9.278166 -0.282256 -2.728353 -22.756770 1.916806 -69.844442 -30.012671 0.000019 0.000002 14.082242 8.304384 -11.959317 13.110368 -12.291777 4.114805 13.395084 8.647399 4.468565 2.135578 -0.441855 2.888296 1.556052 0.044829 -23.831399 3.420205 0.904741 -29.626980 1.930205 0.274839 -16.206835 2.517846 0.394984 -29.512370 2.226486 0.368223 -18.779306 1.676715 0.206345 -14.031831 1.867613 -0.187106 -34.547944 1.701833 0.212681 -14.246370 1.276678 0.118856 -10.639275 6.332641 3.423194 -44.020552 -1.998870 0.313675 -17.824272 0.921388 0.061651 -7.657514 0.367952 0.625494 -5.524996 28.984256 -2.146707 73.456861 27.283131 -0.000004 0.000020 -15.141452 -0.996658 1.399234 -22.981346 4.875261 -8.398446 0.888987 6.140186 -0.246137 0.770309 -1.924480 -2.984651 -4.441005 0.713671 10.458062 -4.223924 1.421415 37.184509 -1.026268 0.075809 8.451443 -6.722621 2.093128 20.786530 -3.168512 0.760028 26.971650 -0.810939 -1.659288 5.362741 -4.790760 1.689376 30.034971 -2.318362 0.396035 19.386271 -1.273906 -1.856486 8.204647 -6.974702 3.481997 36.586817 -1.800038 0.235972 14.936669 -0.874376 0.054977 7.193355 5.391998 -5.532825 5.116335 7.342143 12.786608 2.763483 -1.509986 -5.136356 -7.515657 0.000000 -1.188233 -0.000002 -14.313244 -8.629914 -1.564331 -6.413748 19.388310 -3.259524 -7.070712 -9.178693 3.522840 -0.000005 -0.000045 0.000003 
-7.102752 98.483383 1.631840 4.628967 -1.541750 0.897392 -0.271644 0.657477 0.226514 -2.685291 0.411038 0.645834 -2.678881 0.393136 0.674597 1.647950 -2.417406 -3.585689 -2.220623 7.121993 2.325417 9.255179 -0.342828 -2.206428 -22.083631 1.837554 -70.322009 -30.071636 0.000001 -0.000015 14.063064 8.610895 -11.725718 13.133108 -12.290070 4.126112 13.347231 8.556244 4.422778 2.096380 -0.459025 2.881914 1.546930 0.041355 -23.810654 3.402826 0.894892 -29.461792 1.931327 0.275165 -16.216242 2.526667 0.398847 -29.567172 2.206776 0.361539 -18.607054 1.677344 0.206518 -14.037072 1.892350 -0.175153 -34.642877 1.688534 0.209309 -14.132518 1.276624 0.118863 -10.638829 6.353307 3.445154 -44.055048 -2.020532 0.306746 -17.635905 0.920800 0.061580 -7.652611 0.178933 0.590718 -5.701376 28.839234 -2.147724 73.658734 27.270106 -0.000007 -0.000007 -15.150775 -0.873590 1.427294 -23.072186 5.032677 -8.408461 0.976982 5.982188 -0.185708 0.831970 -1.953425 -2.981941 -4.510808 0.734613 10.588628 -4.187332 1.393853 36.809713 -1.010486 0.073498 8.320497 -6.761745 2.109169 20.794108 -3.134764 0.742973 26.661970 -0.793084 -1.665765 5.241519 -4.806272 1.696925 29.985603 -2.289053 0.385805 19.131758 -1.266357 -1.862294 8.151431 -6.961745 3.448453 36.270859 -1.767981 0.227505 14.664701 -0.862684 0.053496 7.096781 5.444310 -5.518798 4.979168 7.460553 13.007245 2.852051 -1.395759 -5.369825 -7.422646 -0.000005 -1.203581 -0.000000 -14.394414 -8.585546 -1.683640 -6.167038 19.304807 -3.215716 -6.967615 -9.101206 3.648557 0.000002 -0.000016 -0.000001 
-6.851926 98.472755 1.694153 4.378477 -1.538555 0.865172 -0.274502 0.599530 0.222165 -2.695290 0.324212 0.626237 -2.689086 0.306536 0.652546 1.672820 -2.448015 -3.558546 -2.101795 7.223654 2.240169 9.199534 -0.414412 -1.556458 -21.305716 1.787603 -70.948959 -30.162863 -0.000000 0.000006 14.006760 8.917253 -11.462849 13.171467 -12.286827 4.143889 13.272312 8.412129 4.353413 2.028170 -0.489181 2.871608 1.563614 0.047566 -23.853720 3.382911 0.883701 -29.272736 1.930059 0.274781 -16.205344 2.544537 0.408076 -29.611346 2.185657 0.354470 -18.422622 1.676362 0.206261 -14.028720 1.910194 -0.164446 -34.671854 1.674724 0.205854 -14.014714 1.276046 0.118754 -10.633882 6.359380 3.444503 -43.927272 -2.040750 0.300343 -17.460393 0.920564 0.061557 -7.650517 -0.001456 0.557610 -5.883917 28.692931 -2.139521 73.872601 27.236141 -0.000003 0.000026 -15.168486 -0.733250 1.463670 -23.132669 5.148894 -8.391266 1.030102 5.886384 -0.149806 0.870930 -1.972013 -2.980748 -4.553781 0.740611 10.548009 -4.163177 1.375888 36.563229 -1.009089 0.073286 8.308970 -6.795618 2.129712 20.878729 -3.095129 0.723230 26.299018 -0.786987 -1.704480 5.178486 -4.817260 1.705707 30.064444 -2.243257 0.370093 18.734784 -1.263566 -1.902158 8.097830 -6.941887 3.424376 36.147168 -1.740550 0.220391 14.432366 -0.846523 0.051493 6.963198 5.442197 -5.583186 4.813051 7.630562 13.356653 3.013208 -1.274690 -5.661274 -7.360141 -0.000003 -1.209104 -0.000003 -14.466419 -8.610626 -1.821775 -5.861981 19.332381 -3.128645 -6.927312 -9.068636 3.767933 0.000005 -0.000025 0.000004 
-6.599661 98.462509 1.747651 4.145421 -1.523319 0.851928 -0.279240 0.536644 0.214741 -2.707606 0.229801 0.601122 -2.701540 0.212428 0.624824 1.697826 -2.474707 -3.535900 -1.990877 7.352694 2.159200 9.158572 -0.491427 -0.853805 -20.502713 1.786564 -71.637729 -30.284072 -0.000003 0.000003 13.923921 9.216004 -11.196728 13.199783 -12.285270 4.159970 13.207086 8.285393 4.295322 1.966297 -0.516142 2.861400 1.598558 0.060865 -23.936606 3.364186 0.873239 -29.095223 1.928328 0.274273 -16.190583 2.572102 0.422919 -29.650732 2.165954 0.347942 -18.250706 1.675149 0.205963 -14.018460 1.929755 -0.150569 -34.662080 1.661833 0.202664 -13.904780 1.275533 0.118652 -10.629546 6.363627 3.437378 -43.710608 -2.059283 0.294546 -17.299542 0.920633 0.061566 -7.651043 -0.234854 0.514371 -6.094807 28.589492 -2.139750 74.119779 27.178766 -0.000009 0.000025 -15.187223 -0.594669 1.513457 -23.128438 5.181703 -8.314281 1.011691 5.919447 -0.162670 0.859369 -1.967772 -2.983450 -4.563199 0.726622 10.278798 -4.156470 1.370889 36.494800 -1.028108 0.076104 8.466582 -6.808237 2.128714 20.808783 -3.068827 0.710286 26.058835 -0.803309 -1.740189 5.263831 -4.818783 1.708394 30.123494 -2.204975 0.357240 18.403636 -1.269429 -1.940061 8.100966 -6.915782 3.396838 36.037912 -1.714569 0.213751 14.212381 -0.840069 0.050712 6.909906 5.386986 -5.642261 4.611593 7.821541 13.658740 3.190869 -1.136041 -5.921181 -7.303514 -0.000003 -1.207017 -0.000002 -14.527720 -8.667854 -2.007035 -5.507081 19.383843 -2.965993 -6.945204 -9.042946 3.861494 -0.000003 -0.000023 -0.000002 
-6.347344 98.463661 1.794549 3.935227 -1.493523 0.865451 -0.286564 0.471314 0.204175 -2.722200 0.130567 0.570055 -2.716181 0.113600 0.591057 1.726501 -2.503864 -3.524988 -1.882710 7.498796 2.082449 9.176857 -0.569985 -0.176239 -19.756814 1.836990 -72.294868 -30.425648 -0.000005 -0.000040 13.833597 9.510129 -10.952943 13.195430 -12.288388 4.167371 13.184628 8.240225 4.278981 1.943910 -0.524736 2.854976 1.635859 0.075545 -24.009539 3.351858 0.866399 -28.978642 1.928944 0.274455 -16.195871 2.603559 0.440202 -29.680027 2.151598 0.343216 -18.125502 1.675667 0.206089 -14.022766 1.955179 -0.132313 -34.645400 1.651722 0.200162 -13.818504 1.275898 0.118732 -10.632671 6.375625 3.437865 -43.499381 -2.075934 0.289379 -17.155106 0.920856 0.061586 -7.653079 -0.569752 0.451383 -6.349478 28.551736 -2.171733 74.414371 27.094927 -0.000000 0.000004 -15.202270 -0.470451 1.578743 -23.049428 5.121647 -8.162596 0.909919 6.102219 -0.232249 0.787671 -1.936466 -2.991367 -4.550842 0.696610 9.811913 -4.166114 1.378041 36.593032 -1.065931 0.081825 8.780539 -6.798967 2.092592 20.429524 -3.069647 0.710701 26.066319 -0.844985 -1.740855 5.534845 -4.816505 1.704356 30.034340 -2.194453 0.353734 18.312775 -1.285648 -1.943392 8.200067 -6.893313 3.361153 35.779485 -1.693127 0.208356 14.031063 -0.854134 0.052444 7.026106 5.297679 -5.640631 4.384263 7.998773 13.804317 3.325871 -0.974610 -6.095055 -7.225706 0.000007 -1.200573 -0.000000 -14.570882 -8.721305 -2.247749 -5.139874 19.382412 -2.731721 -6.990982 -8.989826 3.923474 0.000004 -0.000032 -0.000001 
-6.094747 98.479759 1.836903 3.741541 -1.454428 0.899587 -0.295115 0.407681 0.192917 -2.736227 0.032403 0.536247 -2.730106 0.015893 0.554587 1.760193 -2.540091 -3.527444 -1.772381 7.648154 2.010928 9.280929 -0.648578 0.420326 -19.126613 1.923903 -72.849500 -30.574488 0.000010 -0.000013 13.757280 9.817822 -10.749976 13.154039 -12.296799 4.164442 13.213990 8.294681 4.311723 1.971788 -0.510102 2.853760 1.659076 0.085386 -24.027516 3.349230 0.864939 -28.953899 1.933691 0.275848 -16.236794 2.629155 0.454551 -29.689736 2.145044 0.341088 -18.068441 1.679104 0.206940 -14.052204 1.983243 -0.113057 -34.644024 1.645544 0.198642 -13.765801 1.277619 0.119053 -10.647166 6.395981 3.450170 -43.364219 -2.090488 0.284907 -17.028935 0.921111 0.061619 -7.655136 -1.026672 0.363457 -6.651622 28.569066 -2.259221 74.760143 26.981525 0.000017 -0.000001 -15.213558 -0.360709 1.652866 -22.922605 5.004903 -7.955701 0.752178 6.384053 -0.340461 0.675797 -1.887384 -3.003612 -4.539785 0.661651 9.262507 -4.184942 1.392094 36.785384 -1.113406 0.089326 9.174959 -6.780773 2.026554 19.742967 -3.099038 0.725167 26.334800 -0.904209 -1.691922 5.953138 -4.822409 1.699031 29.749726 -2.218623 0.361797 18.521588 -1.310056 -1.897497 8.396011 -6.887900 3.321805 35.300378 -1.693974 0.208576 14.038158 -0.891317 0.057105 7.333549 5.199737 -5.562097 4.153100 8.139319 13.776988 3.381714 -0.794318 -6.176856 -7.109390 0.000017 -1.202358 0.000000 -14.576988 -8.744750 -2.526029 -4.821859 19.289445 -2.470140 -7.023892 -8.891443 3.966978 0.000002 -0.000033 -0.000002 
-5.840099 98.507904 1.876111 3.550737 -1.418007 0.935902 -0.302151 0.350733 0.184974 -2.745213 -0.056707 0.505639 -2.738792 -0.072810 0.521554 1.797411 -2.585338 -3.539171 -1.658493 7.788962 1.948046 9.467972 -0.726758 0.917417 -18.629466 2.022675 -73.273948 -30.717741 0.000011 -0.000012 13.711663 10.167069 -10.594597 13.096212 -12.307467 4.156035 13.271326 8.403418 4.369324 2.029489 -0.481978 2.856235 1.659145 0.086567 -23.978820 3.354995 0.868132 -29.008326 1.941938 0.278255 -16.307997 2.640018 0.460964 -29.676386 2.145391 0.341199 -18.071446 1.685013 0.208432 -14.102654 2.005211 -0.098944 -34.662629 1.642947 0.197997 -13.743608 1.280371 0.119563 -10.670313 6.416428 3.467430 -43.322117 -2.102748 0.281168 -16.922811 0.921173 0.061621 -7.655734 -1.591573 0.251556 -6.991663 28.599720 -2.417675 75.148221 26.837948 -0.000005 -0.000009 -15.224888 -0.255459 1.717870 -22.806299 4.905084 -7.747492 0.601869 6.651061 -0.443547 0.570714 -1.841840 -3.016767 -4.552010 0.635062 8.792244 -4.202278 1.405073 36.962542 -1.156739 0.096461 9.535148 -6.771371 1.951165 18.912323 -3.145364 0.748299 26.759095 -0.964614 -1.602470 6.413026 -4.845658 1.698882 29.323546 -2.268234 0.378616 18.951178 -1.336805 -1.810965 8.647456 -6.906904 3.287029 34.650728 -1.709377 0.212436 14.168499 -0.944544 0.064168 7.774108 5.115584 -5.421357 3.943792 8.243113 13.632299 3.357781 -0.606804 -6.197847 -6.953297 0.000014 -1.204887 0.000002 -14.517711 -8.717526 -2.804067 -4.613653 19.095913 -2.244961 -7.016079 -8.741762 4.017216 0.000009 -0.000004 -0.000001 
-5.581131 98.541412 1.912246 3.347855 -1.397801 0.950281 -0.304755 0.304902 0.184263 -2.744948 -0.129061 0.484570 -2.738009 -0.144917 0.498483 1.834173 -2.639202 -3.552296 -1.545004 7.914000 1.899821 9.704082 -0.803675 1.334384 -18.240427 2.109505 -73.586102 -30.844236 -0.000023 -0.000011 13.702803 10.582367 -10.480428 13.060371 -12.314474 4.151205 13.308471 8.474628 4.404085 2.073397 -0.460777 2.858625 1.638060 0.079286 -23.894725 3.363014 0.872557 -29.084223 1.950549 0.280785 -16.382188 2.632613 0.457257 -29.648526 2.148194 0.342100 -18.095871 1.691094 0.209972 -14.154541 2.011898 -0.095637 -34.688997 1.641984 0.197770 -13.735378 1.283031 0.120050 -10.692818 6.425243 3.476473 -43.333469 -2.112499 0.278191 -16.838525 0.920989 0.061604 -7.654073 -2.219495 0.122924 -7.347774 28.587572 -2.646314 75.557260 26.669008 -0.000031 0.000038 -15.240461 -0.143274 1.748319 -22.766349 4.904131 -7.606412 0.535083 6.770143 -0.486982 0.527928 -1.824917 -3.026370 -4.597061 0.627204 8.549411 -4.207869 1.409282 37.019810 -1.182623 0.100883 9.750472 -6.782769 1.891617 18.187207 -3.189651 0.770813 27.166210 -1.008429 -1.499303 6.782141 -4.884695 1.706177 28.880359 -2.323304 0.397773 19.429264 -1.358535 -1.709607 8.886335 -6.944518 3.261841 33.971633 -1.731809 0.218150 14.358330 -0.999834 0.071945 8.232195 5.058853 -5.255045 3.777897 8.326000 13.467840 3.284034 -0.424829 -6.209770 -6.771109 0.000007 -1.194820 0.000004 -14.369492 -8.628944 -3.039664 -4.542905 18.818667 -2.106386 -6.966684 -8.545975 4.097790 0.000005 0.000016 -0.000004 
-5.315909 98.572304 1.943605 3.122910 -1.401508 0.922429 -0.301057 0.272612 0.192859 -2.733288 -0.179953 0.477020 -2.725646 -0.195800 0.489476 1.865200 -2.699836 -3.558129 -1.440572 8.020491 1.873429 9.934106 -0.877735 1.713487 -17.907861 2.169004 -73.834604 -30.944496 0.000003 -0.000009 13.725230 11.068046 -10.391329 13.084686 -12.311576 4.158602 13.276170 8.415269 4.367329 2.058538 -0.467659 2.856815 1.607194 0.067185 -23.834160 3.365136 0.873759 -29.104280 1.955136 0.282130 -16.421942 2.610539 0.445198 -29.623446 2.147521 0.341893 -18.090033 1.694230 0.210750 -14.181382 1.999232 -0.104941 -34.701357 1.640067 0.197300 -13.719118 1.284193 0.120280 -10.702644 6.414590 3.465886 -43.326021 -2.119505 0.276089 -16.777885 0.920507 0.061549 -7.650049 -2.846454 -0.009834 -7.690994 28.486303 -2.925081 75.956375 26.486560 -0.000004 0.000022 -15.261522 -0.021390 1.720588 -22.844804 5.053041 -7.584693 0.603966 6.650814 -0.432535 0.585132 -1.853380 -3.028954 -4.666709 0.642167 8.610148 -4.196069 1.400397 36.899001 -1.183517 0.101024 9.757910 -6.813807 1.866631 17.786885 -3.214643 0.783722 27.396642 -1.024050 -1.413481 6.955649 -4.925527 1.717456 28.553454 -2.363088 0.411939 19.775488 -1.369678 -1.623074 9.046183 -6.981801 3.245038 33.423742 -1.750545 0.222978 14.516959 -1.042051 0.078179 8.582346 5.031998 -5.112738 3.666059 8.405592 13.390651 3.203786 -0.254841 -6.266719 -6.583521 -0.000003 -1.171980 0.000001 -14.133881 -8.485792 -3.204049 -4.589905 18.493321 -2.067556 -6.894013 -8.318615 4.218429 0.000002 -0.000044 -0.000001 
-5.043915 98.593147 1.966812 2.875140 -1.425663 0.844724 -0.290984 0.253477 0.209696 -2.711097 -0.209402 0.482635 -2.702661 -0.225467 0.494170 1.885475 -2.764989 -3.549739 -1.355316 8.107427 1.873822 10.099724 -0.946637 2.099097 -17.578904 2.197138 -74.074016 -31.010059 -0.000005 -0.000042 13.765584 11.597905 -10.307149 13.186652 -12.295597 4.181515 13.151579 8.180491 4.237110 1.962465 -0.513136 2.848989 1.581106 0.055267 -23.852708 3.355273 0.868290 -29.010911 1.952395 0.281322 -16.398215 2.582719 0.429554 -29.617975 2.138953 0.339097 -18.015527 1.692062 0.210212 -14.162834 1.970556 -0.123511 -34.679739 1.635305 0.196137 -13.678575 1.282818 0.120024 -10.690912 6.385108 3.432785 -43.232953 -2.123566 0.274873 -16.742754 0.919808 0.061447 -7.644277 -3.404057 -0.131275 -7.990586 28.277927 -3.218397 76.308868 26.308331 0.000002 -0.000026 -15.283950 0.099557 1.623331 -23.034915 5.339891 -7.689415 0.804578 6.297412 -0.285002 0.739782 -1.925678 -3.023518 -4.738711 0.675418 8.945547 -4.168079 1.379503 36.612997 -1.160760 0.097143 9.568574 -6.850007 1.880130 17.802127 -3.212250 0.782470 27.374510 -1.010146 -1.366239 6.900420 -4.948206 1.725276 28.424389 -2.375257 0.416338 19.881619 -1.368237 -1.571878 9.089850 -6.995444 3.230111 33.115093 -1.756675 0.224557 14.568903 -1.061051 0.081080 8.739930 5.025896 -5.044705 3.604082 8.495518 13.483536 3.156050 -0.095173 -6.407103 -6.409618 -0.000005 -1.134532 -0.000002 -13.849336 -8.318656 -3.291952 -4.697581 18.169010 -2.105275 -6.815432 -8.081534 4.372067 0.000009 -0.000000 0.000002 
-4.766665 98.599167 1.977955 2.612493 -1.456497 0.725940 -0.276223 0.244599 0.230523 -2.681884 -0.221864 0.496424 -2.672712 -0.238293 0.507456 1.891531 -2.832392 -3.523075 -1.296448 8.172390 1.900328 10.157631 -1.007359 2.518353 -17.222464 2.199869 -74.342340 -31.033671 -0.000021 -0.000006 13.809235 12.116966 -10.209870 13.351376 -12.268637 4.216089 12.953420 7.802252 4.033838 1.798596 -0.590916 2.836666 1.570566 0.047594 -23.973057 3.332561 0.855759 -28.796330 1.941636 0.278161 -16.305304 2.559043 0.415742 -29.638875 2.121994 0.333618 -17.867811 1.684129 0.208203 -14.095076 1.935115 -0.144547 -34.615406 1.627543 0.194267 -13.612271 1.278728 0.119250 -10.656584 6.345418 3.384304 -43.027323 -2.124484 0.274579 -16.734783 0.919032 0.061342 -7.637740 -3.832074 -0.226141 -8.218799 27.977626 -3.484916 76.577957 26.153933 0.000007 0.000002 -15.299310 0.197694 1.464379 -23.275342 5.684656 -7.870329 1.069181 5.824274 -0.097242 0.943582 -2.019285 -3.012366 -4.787102 0.714953 9.430296 -4.131604 1.352589 36.242022 -1.124139 0.091075 9.263997 -6.871674 1.920000 18.163922 -3.185962 0.768938 27.132267 -0.975101 -1.362356 6.666364 -4.937880 1.722168 28.494863 -2.359751 0.410739 19.746437 -1.356205 -1.561118 9.022388 -6.970567 3.209590 33.064796 -1.746845 0.222005 14.485557 -1.054985 0.080163 8.689607 5.024396 -5.085754 3.573777 8.601622 13.778373 3.162984 0.060379 -6.641809 -6.260611 -0.000005 -1.087606 -0.000002 -13.578287 -8.176049 -3.320878 -4.800473 17.899807 -2.179899 -6.733203 -7.860346 4.542116 -0.000001 0.000002 0.000000 
-4.486910 98.589249 1.974042 2.346673 -1.476811 0.586983 -0.259331 0.241947 0.249192 -2.650273 -0.224042 0.510396 -2.640576 -0.240833 0.521161 1.882075 -2.899599 -3.476762 -1.264759 8.209089 1.945130 10.091242 -1.056330 2.971592 -16.840270 2.188955 -74.648777 -31.010831 -0.000032 -0.000049 13.845385 12.557147 -10.089450 13.535468 -12.237822 4.252888 12.735677 7.380965 3.813202 1.611568 -0.679921 2.823656 1.578139 0.045793 -24.174222 3.301928 0.839009 -28.507615 1.925183 0.273369 -16.163462 2.545865 0.407437 -29.680075 2.100314 0.326659 -17.679350 1.672143 0.205206 -13.992758 1.902973 -0.161424 -34.515927 1.618452 0.192083 -13.534774 1.272830 0.118135 -10.606829 6.307134 3.333320 -42.737539 -2.122064 0.275300 -16.755841 0.918278 0.061242 -7.631477 -4.087195 -0.282532 -8.353998 27.623242 -3.689180 76.733678 26.039087 0.000011 0.000012 -15.298152 0.248929 1.268612 -23.470048 5.967498 -8.034321 1.291765 5.419118 0.051879 1.119231 -2.098918 -3.000117 -4.793733 0.745760 9.891659 -4.097930 1.328076 35.901076 -1.087912 0.085270 8.962972 -6.865120 1.964997 18.691945 -3.147606 0.749444 26.779724 -0.933269 -1.392517 6.360117 -4.893551 1.705010 28.702162 -2.326021 0.398731 19.452850 -1.338480 -1.583264 8.883812 -6.909559 3.180545 33.216084 -1.723638 0.216062 14.289091 -1.029756 0.076321 8.480446 5.013070 -5.240815 3.549341 8.721423 14.244780 3.225102 0.219105 -6.950734 -6.136979 -0.000001 -1.043579 -0.000000 -13.372872 -8.104912 -3.321356 -4.859752 17.726875 -2.258673 -6.634865 -7.674991 4.713113 0.000000 -0.000009 -0.000004 
-4.207868 98.566284 1.953970 2.086796 -1.474605 0.450185 -0.242587 0.242192 0.259754 -2.619960 -0.221720 0.516503 -2.610097 -0.238714 0.527096 1.858005 -2.963480 -3.411398 -1.253804 8.207767 1.994971 9.912062 -1.090172 3.433239 -16.462837 2.175972 -74.973491 -30.942096 -0.000007 -0.000010 13.869150 12.859857 -9.946137 13.685116 -12.212243 4.281370 12.563080 7.042700 3.640446 1.457134 -0.753640 2.814078 1.598545 0.048949 -24.404498 3.271547 0.822603 -28.221978 1.907165 0.268182 -16.008073 2.543360 0.405050 -29.728781 2.080009 0.320211 -17.503051 1.659087 0.201978 -13.881156 1.879503 -0.171630 -34.403758 1.610782 0.190230 -13.469501 1.266522 0.116960 -10.553643 6.277993 3.290952 -42.437936 -2.116055 0.277124 -16.807700 0.917653 0.061154 -7.626377 -4.148583 -0.294495 -8.383032 27.256771 -3.810837 76.760453 25.970283 0.000007 0.000021 -15.274839 0.236993 1.069112 -23.530715 6.080260 -8.089228 1.375753 5.260327 0.094660 1.194928 -2.131984 -2.991548 -4.755061 0.756641 10.177105 -4.077433 1.313283 35.694299 -1.065041 0.081691 8.773184 -6.830238 1.996885 19.193105 -3.110472 0.730830 26.439321 -0.899332 -1.442613 6.094546 -4.829097 1.677935 28.963967 -2.286173 0.384784 19.106722 -1.321007 -1.626723 8.726227 -6.831571 3.148260 33.484972 -1.693338 0.208420 14.032794 -0.995017 0.071248 8.192295 4.985999 -5.489556 3.507955 8.845845 14.818145 3.328998 0.388346 -7.298627 -6.032898 -0.000007 -1.012854 -0.000001 -13.248440 -8.128028 -3.321750 -4.875880 17.660072 -2.326499 -6.505216 -7.531125 4.876004 0.000007 -0.000006 0.000004 
-3.931661 98.534523 1.918459 1.836218 -1.448245 0.329677 -0.227035 0.244175 0.258445 -2.592196 -0.217192 0.509718 -2.582565 -0.234098 0.520171 1.822019 -3.020173 -3.329353 -1.252122 8.158339 2.035255 9.651937 -1.106692 3.860958 -16.134401 2.167526 -75.277045 -30.835084 0.000007 -0.000020 13.880316 12.996492 -9.791059 13.759398 -12.199578 4.294969 12.482551 6.882974 3.562228 1.377360 -0.791950 2.810068 1.622510 0.054447 -24.609626 3.248917 0.810520 -28.009685 1.891326 0.263654 -15.871661 2.546000 0.405613 -29.775148 2.066655 0.316033 -17.387032 1.647631 0.199146 -13.783574 1.862222 -0.178414 -34.308013 1.607061 0.189319 -13.437839 1.261084 0.115962 -10.507789 6.257062 3.260593 -42.219278 -2.106226 0.280100 -16.892743 0.917271 0.061099 -7.623073 -4.021584 -0.263631 -8.303944 26.909199 -3.848968 76.662904 25.941822 0.000008 0.000014 -15.231259 0.160432 0.893655 -23.425614 5.979065 -7.998732 1.282303 5.421592 0.007244 1.140976 -2.105410 -2.989566 -4.681439 0.744927 10.211747 -4.075585 1.311975 35.675693 -1.062252 0.081261 8.749992 -6.779793 2.010024 19.555387 -3.082543 0.717016 26.184124 -0.882530 -1.502818 5.939480 -4.766299 1.650895 29.225539 -2.247989 0.371700 18.775726 -1.308498 -1.683997 8.588800 -6.762740 3.125418 33.812968 -1.662903 0.200883 13.775638 -0.959061 0.066176 7.894289 4.945708 -5.795104 3.436616 8.963856 15.425610 3.458002 0.573767 -7.648938 -5.941166 -0.000006 -0.981677 0.000001 -13.186172 -8.240398 -3.338908 -4.871797 17.683944 -2.382542 -6.338967 -7.422402 5.028930 -0.000010 -0.000006 -0.000001 
-3.659003 98.496841 1.869197 1.593624 -1.405526 0.227129 -0.212335 0.249318 0.245900 -2.565504 -0.208456 0.489852 -2.556456 -0.224956 0.500252 1.776706 -3.067187 -3.239245 -1.251023 8.052368 2.046800 9.350030 -1.105447 4.207086 -15.895735 2.163654 -75.513888 -30.704060 -0.000019 -0.000004 13.880799 12.976512 -9.643467 13.746714 -12.202962 4.293906 12.505164 6.926066 3.589208 1.384004 -0.788950 2.811349 1.641521 0.059221 -24.758147 3.241537 0.806615 -27.940564 1.879470 0.260293 -15.769628 2.545326 0.404327 -29.818711 2.067144 0.316199 -17.391248 1.639109 0.197060 -13.711020 1.841776 -0.189412 -34.253501 1.611388 0.190363 -13.474666 1.257113 0.115234 -10.474355 6.237117 3.240783 -42.189652 -2.088018 0.285661 -17.050375 0.917158 0.061087 -7.622085 -3.738319 -0.199186 -8.127527 26.594450 -3.820389 76.467799 25.937872 -0.000010 0.000009 -15.177066 0.032974 0.754834 -23.207979 5.715186 -7.815254 1.059781 5.814553 -0.170210 0.990332 -2.034890 -2.994172 -4.590603 0.716274 10.019090 -4.091882 1.323715 35.840062 -1.077963 0.083695 8.880393 -6.731949 2.012228 19.788093 -3.064237 0.708060 26.017085 -0.883467 -1.571703 5.898355 -4.723909 1.634547 29.482105 -2.212458 0.359719 18.468338 -1.302724 -1.754988 8.483199 -6.723833 3.126142 34.198586 -1.638691 0.194971 13.571256 -0.925718 0.061635 7.618231 4.896359 -6.131024 3.335831 9.071426 16.034774 3.603499 0.777714 -7.987078 -5.858560 -0.000008 -0.951353 -0.000001 -13.157034 -8.419831 -3.375155 -4.865347 17.775511 -2.430505 -6.144621 -7.338918 5.173432 0.000002 -0.000012 -0.000001 
-3.389604 98.455078 1.808222 1.357117 -1.358554 0.135708 -0.197286 0.260806 0.226287 -2.536907 -0.190569 0.461254 -2.528652 -0.206386 0.471834 1.725679 -3.103271 -3.149778 -1.243663 7.889985 2.020775 9.040729 -1.087189 4.430104 -15.774033 2.160132 -75.644919 -30.566729 -0.000014 -0.000018 13.873053 12.839978 -9.525897 13.666338 -12.220333 4.284631 12.605751 7.121826 3.696009 1.458015 -0.753415 2.815849 1.650332 0.060891 -24.848809 3.250849 0.811559 -28.027779 1.871122 0.257939 -15.697808 2.533445 0.396590 -29.865822 2.083391 0.321289 -17.532339 1.633224 0.195638 -13.660751 1.807027 -0.212692 -34.250926 1.625224 0.193698 -13.592575 1.254460 0.114737 -10.452076 6.207069 3.223368 -42.396883 -2.058681 0.294713 -17.304785 0.917340 0.061112 -7.623652 -3.353111 -0.115800 -7.876755 26.313305 -3.752847 76.219290 25.937961 -0.000001 0.000030 -15.125614 -0.122113 0.647837 -23.003242 5.427744 -7.665205 0.838301 6.207462 -0.333409 0.830031 -1.961014 -3.002319 -4.499512 0.680629 9.698420 -4.120336 1.344358 36.127825 -1.104162 0.087855 9.097919 -6.700778 2.017756 19.991269 -3.049470 0.700880 25.882467 -0.895172 -1.653655 5.919872 -4.709178 1.634297 29.766542 -2.174881 0.347275 18.143781 -1.302215 -1.843618 8.396318 -6.720419 3.157249 34.674593 -1.624804 0.191646 13.454074 -0.894366 0.057512 7.358745 4.840282 -6.479943 3.216918 9.173873 16.639464 3.760422 0.995055 -8.312370 -5.783057 -0.000001 -0.921481 -0.000001 -13.141435 -8.637356 -3.423685 -4.857189 17.910662 -2.472302 -5.939586 -7.270485 5.311580 0.000004 0.000004 0.000002 
-3.122860 98.412819 1.737627 1.128440 -1.318330 0.046651 -0.180889 0.281910 0.205322 -2.504089 -0.158306 0.430482 -2.496658 -0.173311 0.441644 1.673202 -3.127643 -3.065014 -1.225265 7.684188 1.965713 8.745986 -1.053133 4.503268 -15.783076 2.152353 -75.647289 -30.438711 -0.000020 -0.000023 13.859786 12.637576 -9.457753 13.555251 -12.245940 4.275492 12.738543 7.378786 3.836163 1.563674 -0.702052 2.820606 1.646665 0.057949 -24.897387 3.271893 0.822785 -28.225246 1.864736 0.256155 -15.642815 2.506142 0.379822 -29.919780 2.111136 0.330112 -17.773540 1.628819 0.194566 -13.623168 1.751859 -0.252065 -34.292676 1.646241 0.198806 -13.771656 1.252640 0.114402 -10.436632 6.159314 3.198154 -42.799796 -2.020210 0.306838 -17.638627 0.917837 0.061182 -7.627732 -2.930374 -0.029042 -7.582284 26.060932 -3.674584 75.967686 25.925317 0.000000 0.000020 -15.087548 -0.281768 0.557165 -22.958436 5.292072 -7.692965 0.781577 6.319348 -0.347752 0.764699 -1.932390 -3.009583 -4.419263 0.647494 9.373024 -4.152646 1.368066 36.455834 -1.130655 0.092140 9.318244 -6.690660 2.037954 20.276926 -3.030962 0.691925 25.714067 -0.907641 -1.751676 5.935147 -4.716384 1.648162 30.111948 -2.130305 0.332848 17.759518 -1.303616 -1.950834 8.306236 -6.742575 3.214408 35.264376 -1.622658 0.191141 13.436006 -0.862580 0.053485 7.095921 4.780751 -6.819024 3.096006 9.277819 17.219790 3.916536 1.212170 -8.617341 -5.707832 0.000002 -0.894887 -0.000002 -13.134390 -8.855809 -3.475232 -4.837029 18.047533 -2.506024 -5.741471 -7.198540 5.443183 0.000010 0.000007 -0.000001 
-2.858663 98.375504 1.659353 0.915435 -1.291585 -0.045214 -0.163349 0.314177 0.187509 -2.467428 -0.109062 0.403008 -2.460712 -0.123255 0.415279 1.621280 -3.141106 -2.986577 -1.197922 7.454951 1.896769 8.474468 -1.004745 4.420026 -15.930197 2.138794 -75.518909 -30.327952 0.000003 -0.000005 13.844719 12.407390 -9.449585 13.448894 -12.273180 4.272409 12.860228 7.612679 3.964319 1.668214 -0.650527 2.823477 1.629465 0.049571 -24.913260 3.301456 0.838761 -28.503143 1.859488 0.254693 -15.597695 2.464333 0.354710 -29.970761 2.147412 0.341859 -18.089053 1.625283 0.193709 -13.593228 1.680415 -0.303822 -34.356760 1.672609 0.205329 -13.996717 1.251321 0.114151 -10.425543 6.099326 3.165411 -43.327940 -1.974707 0.321482 -18.034478 0.918546 0.061276 -7.633715 -2.526779 0.049445 -7.274036 25.831039 -3.604027 75.756456 25.894181 -0.000002 -0.000012 -15.066004 -0.433107 0.468788 -23.177359 5.439640 -7.993420 1.006779 5.946187 -0.117922 0.868206 -1.983244 -3.012158 -4.355543 0.623064 9.138622 -4.182333 1.390148 36.758552 -1.149563 0.095268 9.475464 -6.697247 2.075165 20.690890 -3.006704 0.680293 25.493529 -0.912999 -1.860241 5.897374 -4.733417 1.669332 30.514181 -2.079985 0.316938 17.326831 -1.303746 -2.068449 8.201071 -6.774461 3.285717 35.947839 -1.631585 0.193282 13.511453 -0.829694 0.049465 6.824009 4.724325 -7.126175 2.986912 9.380100 17.747377 4.052807 1.411949 -8.889659 -5.621930 0.000006 -0.862561 0.000000 -13.138901 -9.038231 -3.523792 -4.798071 18.135129 -2.529110 -5.562022 -7.100604 5.566868 0.000000 -0.000003 -0.000002 
-2.597418 98.346741 1.574695 0.731024 -1.279922 -0.139734 -0.146414 0.356418 0.174299 -2.430764 -0.044422 0.380572 -2.424606 -0.057877 0.394500 1.568882 -3.145173 -2.911441 -1.169255 7.222435 1.831899 8.226530 -0.944422 4.195060 -16.222992 2.122410 -75.277912 -30.231766 -0.000012 -0.000019 13.832778 12.158887 -9.500265 13.366001 -12.297197 4.276168 12.948673 7.782174 4.056084 1.755470 -0.606734 2.823878 1.597784 0.035832 -24.882738 3.340384 0.860065 -28.870141 1.856566 0.253869 -15.572580 2.414278 0.325484 -29.992996 2.192157 0.356639 -18.479321 1.623484 0.193269 -13.577735 1.607952 -0.356206 -34.416155 1.703868 0.213205 -14.263759 1.250853 0.114073 -10.421545 6.046294 3.139214 -43.909965 -1.924187 0.338151 -18.475003 0.919369 0.061389 -7.640559 -2.174150 0.115219 -6.972564 25.615957 -3.543906 75.610208 25.852444 -0.000013 0.000026 -15.055152 -0.579787 0.381932 -23.670608 5.889906 -8.564322 1.509084 5.064306 0.344185 1.147655 -2.116125 -3.008713 -4.314106 0.610349 9.037504 -4.206427 1.408211 37.005104 -1.157397 0.096579 9.540614 -6.715087 2.122915 21.178566 -2.982012 0.668582 25.269598 -0.908568 -1.963137 5.802167 -4.752811 1.691931 30.916144 -2.033497 0.302617 16.927791 -1.301240 -2.178488 8.089037 -6.807261 3.359422 36.644528 -1.649505 0.197609 13.662543 -0.798721 0.045833 6.568114 4.678438 -7.387331 2.895187 9.465998 18.197581 4.151553 1.581950 -9.117444 -5.515041 0.000014 -0.823766 0.000002 -13.156088 -9.166647 -3.569571 -4.746562 18.147691 -2.542203 -5.406431 -6.966296 5.683361 -0.000001 -0.000031 0.000005 
-2.340220 98.324310 1.483976 0.588546 -1.280411 -0.232406 -0.132861 0.404867 0.163675 -2.400365 0.030182 0.360553 -2.394658 0.017440 0.376594 1.512442 -3.141065 -2.832116 -1.149611 7.000358 1.787509 8.002103 -0.876310 3.859887 -16.669626 2.109628 -74.957945 -30.138391 -0.000007 -0.000029 13.829368 11.872701 -9.598189 13.305456 -12.316274 4.282402 13.007530 7.895851 4.114033 1.827925 -0.570011 2.823154 1.551985 0.017913 -24.771074 3.392994 0.889341 -29.368393 1.858987 0.254546 -15.593436 2.366099 0.298816 -29.952958 2.247974 0.375560 -18.967299 1.625463 0.193754 -13.594563 1.556326 -0.393110 -34.449142 1.740673 0.222653 -14.578491 1.252120 0.114312 -10.432279 6.026329 3.143365 -44.495875 -1.870690 0.356267 -18.942782 0.920116 0.061489 -7.646798 -1.871345 0.171167 -6.684472 25.405819 -3.482403 75.530274 25.818622 0.000011 0.000020 -15.043627 -0.741579 0.313844 -24.339914 6.537127 -9.292605 1.489496 4.148154 0.681961 1.537506 -2.299525 -3.000608 -4.307165 0.610819 9.066177 -4.224771 1.422062 37.193334 -1.154531 0.096109 9.516697 -6.746159 2.171585 21.611137 -2.967417 0.661732 25.137543 -0.896822 -2.037323 5.681112 -4.779837 1.716682 31.222980 -2.005789 0.294231 16.690419 -1.297103 -2.257968 7.995452 -6.847566 3.431991 37.231634 -1.673993 0.203629 13.869277 -0.775880 0.043218 6.379589 4.644626 -7.617220 2.816910 9.518407 18.591456 4.210293 1.721713 -9.309786 -5.385956 -0.000006 -0.786123 0.000001 -13.181314 -9.252762 -3.618494 -4.698815 18.106265 -2.548912 -5.276182 -6.807480 5.796015 0.000005 -0.000011 -0.000003 
-2.088179 98.301147 1.386916 0.494733 -1.286385 -0.317072 -0.125292 0.454625 0.151505 -2.382425 0.107794 0.337744 -2.377160 0.095841 0.356186 1.447899 -3.129426 -2.740074 -1.148647 6.792684 1.774735 7.807323 -0.806103 3.452962 -17.272439 2.108143 -74.597257 -30.033151 0.000002 0.000003 13.838243 11.515030 -9.726203 13.253713 -12.330950 4.284774 13.056684 7.992184 4.158579 1.898123 -0.534925 2.823479 1.495368 -0.001362 -24.540982 3.463895 0.929796 -30.043625 1.870090 0.257653 -15.688953 2.330792 0.281883 -29.823700 2.317635 0.399903 -19.578312 1.633560 0.195714 -13.663555 1.545474 -0.400255 -34.445638 1.783796 0.234022 -14.947893 1.256156 0.115051 -10.466262 6.060881 3.200494 -45.062412 -1.816220 0.375208 -19.420403 0.920637 0.061558 -7.651152 -1.589570 0.224747 -6.404059 25.190701 -3.401289 75.497339 25.814275 -0.000014 0.000037 -15.020575 -0.945571 0.294875 -25.006921 7.200438 -9.983139 1.135882 3.381232 0.885126 1.927517 -2.481633 -2.990721 -4.354309 0.626626 9.203985 -4.238159 1.432235 37.331010 -1.142767 0.094148 9.418912 -6.802741 2.215152 21.852181 -2.973414 0.664548 25.191780 -0.882394 -2.061772 5.575429 -4.831868 1.751757 31.339923 -2.011133 0.295845 16.736306 -1.293635 -2.287550 7.949334 -6.915154 3.510390 37.588310 -1.700929 0.210316 14.097014 -0.768015 0.042352 6.314718 4.616712 -7.846701 2.740305 9.529974 18.974347 4.243098 1.842134 -9.487183 -5.242899 -0.000010 -0.754809 0.000001 -13.208065 -9.335649 -3.678803 -4.666959 18.074596 -2.552329 -5.171902 -6.655420 5.909041 -0.000005 -0.000034 -0.000000 
-1.842294 98.270798 1.283320 0.444221 -1.289307 -0.389774 -0.124908 0.501747 0.134466 -2.380302 0.183066 0.307653 -2.375572 0.172080 0.328611 1.373520 -3.110904 -2.631036 -1.172119 6.594837 1.797318 7.655686 -0.739579 3.006783 -18.018973 2.123685 -74.226698 -29.906468 -0.000004 -0.000004 13.859050 11.061010 -9.868941 13.196639 -12.342860 4.278759 13.116128 8.108934 4.211306 1.977272 -0.496415 2.826615 1.434759 -0.018079 -24.175487 3.553993 0.982803 -30.908211 1.891666 0.263769 -15.874441 2.316356 0.279447 -29.595988 2.401277 0.430246 -20.315073 1.649003 0.199499 -13.795318 1.584473 -0.371495 -34.405661 1.832884 0.247331 -15.369080 1.263464 0.116402 -10.527902 6.155955 3.319682 -45.600167 -1.762771 0.394292 -19.890288 0.920866 0.061594 -7.653030 -1.289433 0.283900 -6.121341 24.968508 -3.286979 75.480202 25.855225 -0.000001 0.000032 -14.981740 -1.211168 0.354853 -25.480683 7.702674 -10.429461 0.887963 2.841928 1.013521 2.209253 -2.612125 -2.981869 -4.474941 0.660907 9.437062 -4.246825 1.438876 37.420247 -1.123356 0.090950 9.257476 -6.900756 2.253411 21.823686 -3.005296 0.679620 25.480803 -0.868670 -2.026267 5.510565 -4.927874 1.806810 31.212858 -2.056863 0.309780 17.128222 -1.292794 -2.258844 7.968607 -7.030493 3.605104 37.643768 -1.729819 0.217646 14.341510 -0.779373 0.043620 6.408415 4.583706 -8.105681 2.652204 9.511890 19.387772 4.275216 1.958100 -9.669059 -5.100303 0.000011 -0.723003 -0.000001 -13.232555 -9.455417 -3.754588 -4.649860 18.111152 -2.552646 -5.093182 -6.537475 6.024070 0.000002 -0.000029 0.000001 
-1.602799 98.234169 1.173423 0.419432 -1.283504 -0.451516 -0.130858 0.544983 0.112387 -2.392902 0.254831 0.269478 -2.388796 0.244995 0.292961 1.291843 -3.087230 -2.508888 -1.219858 6.398992 1.852186 7.562887 -0.680426 2.538195 -18.878675 2.157869 -73.860136 -29.760189 -0.000010 -0.000030 13.886404 10.514753 -10.019199 13.128110 -12.353585 4.264029 13.194082 8.260622 4.282439 2.068190 -0.453096 2.832795 1.378353 -0.028974 -23.690484 3.658305 1.046501 -31.919011 1.922601 0.272636 -16.141112 2.323865 0.291319 -29.281813 2.494747 0.465659 -21.142543 1.671083 0.204953 -13.983725 1.666018 -0.312257 -34.333903 1.885662 0.262054 -15.822978 1.273752 0.118322 -10.614476 6.297329 3.488739 -46.095157 -1.712309 0.412773 -20.335162 0.920823 0.061592 -7.652692 -0.939943 0.353354 -5.829247 24.753444 -3.139198 75.445785 25.946043 -0.000012 0.000038 -14.932247 -1.533641 0.507428 -25.636389 7.931444 -10.502881 0.815104 2.668567 1.026284 2.318151 -2.661488 -2.975959 -4.674190 0.715742 9.759588 -4.250450 1.441651 37.457574 -1.096663 0.086639 9.035715 -7.046602 2.288256 21.536464 -3.060923 0.706439 25.986807 -0.856181 -1.935914 5.486284 -5.073362 1.883291 30.851428 -2.140048 0.335964 17.843478 -1.295018 -2.177202 8.051884 -7.198305 3.718004 37.407105 -1.760204 0.225484 14.598788 -0.809494 0.047061 6.657270 4.535418 -8.393042 2.545706 9.490116 19.821112 4.325980 2.079661 -9.851062 -4.968924 0.000006 -0.687535 -0.000002 -13.254387 -9.616299 -3.841361 -4.635990 18.207925 -2.547917 -5.035477 -6.447906 6.137967 0.000007 -0.000041 -0.000001 
-1.369470 98.199104 1.058046 0.396169 -1.271858 -0.507989 -0.140491 0.586300 0.088625 -2.415096 0.326686 0.227076 -2.411615 0.318079 0.253086 1.209653 -3.061715 -2.385230 -1.285594 6.199497 1.932233 7.536912 -0.628783 2.047076 -19.807617 2.207476 -73.492883 -29.608826 -0.000002 0.000004 13.911822 9.915866 -10.180052 13.051397 -12.364401 4.244946 13.284374 8.434738 4.366897 2.165467 -0.407129 2.840718 1.331614 -0.033148 -23.131332 3.766707 1.115415 -32.981378 1.959244 0.283352 -16.457136 2.345812 0.312148 -28.907652 2.590051 0.503311 -21.990738 1.697184 0.211504 -14.206543 1.768010 -0.238035 -34.233489 1.938163 0.277149 -16.275316 1.285794 0.120587 -10.716072 6.454750 3.676011 -46.516805 -1.666801 0.429812 -20.737684 0.920650 0.061557 -7.651093 -0.530759 0.433484 -5.528411 24.579189 -2.972712 75.366322 26.079947 0.000006 0.000030 -14.884574 -1.875379 0.738446 -25.462322 7.861597 -10.209289 0.923196 2.871663 0.923727 2.251140 -2.628772 -2.973396 -4.930502 0.788192 10.154257 -4.249565 1.440956 37.448411 -1.063866 0.081506 8.763351 -7.224945 2.318234 21.074707 -3.132110 0.741637 26.637500 -0.843970 -1.809668 5.485442 -5.248872 1.968566 30.327327 -2.248618 0.371903 18.781144 -1.299081 -2.059719 8.179864 -7.396086 3.834465 36.966876 -1.799808 0.235909 14.934777 -0.853130 0.052323 7.017781 4.466232 -8.674995 2.425273 9.494260 20.220251 4.399092 2.208592 -10.009642 -4.851017 -0.000001 -0.648715 -0.000003 -13.272162 -9.782699 -3.927338 -4.614707 18.296523 -2.539087 -4.989280 -6.351773 6.245868 -0.000008 -0.000037 0.000001 
-1.141800 98.173065 0.938361 0.352738 -1.266598 -0.567105 -0.150412 0.629840 0.068858 -2.439966 0.405217 0.187288 -2.436970 0.397715 0.215892 1.135428 -3.038621 -2.273780 -1.358852 5.996390 2.031113 7.569176 -0.581438 1.527242 -20.758451 2.265086 -73.111472 -29.474039 -0.000018 -0.000043 13.927866 9.329594 -10.360308 12.975007 -12.376233 4.228084 13.372629 8.603671 4.450567 2.260252 -0.362148 2.848008 1.294225 -0.032839 -22.557443 3.867024 1.181760 -33.975864 1.996361 0.294420 -16.777979 2.368205 0.333015 -28.505562 2.677446 0.539305 -22.773162 1.723653 0.218255 -14.432687 1.861357 -0.168684 -34.104624 1.985560 0.291173 -16.684650 1.298015 0.122917 -10.819077 6.593335 3.841102 -46.821787 -1.628076 0.444619 -21.080660 0.920433 0.061531 -7.649531 -0.072318 0.521271 -5.224331 24.489959 -2.811029 75.223926 26.243067 0.000010 0.000026 -14.851536 -2.172040 1.005904 -25.049497 7.545105 -9.678555 1.158495 3.347108 0.745435 2.055522 -2.535998 -2.973595 -5.194155 0.867196 10.571810 -4.246971 1.438986 37.421753 -1.028637 0.076172 8.470987 -7.397006 2.336634 20.554252 -3.208122 0.780339 27.336437 -0.831931 -1.674081 5.491457 -5.410665 2.039026 29.751563 -2.365319 0.412739 19.794930 -1.303250 -1.929397 8.323593 -7.575908 3.927064 36.465110 -1.855479 0.251015 15.407845 -0.901571 0.058441 7.418464 4.375746 -8.913257 2.305618 9.545981 20.542731 4.485727 2.340525 -10.128365 -4.742540 0.000005 -0.612953 0.000002 -13.280546 -9.908781 -3.999453 -4.584645 18.309811 -2.533029 -4.943118 -6.215862 6.346075 0.000007 -0.000029 0.000002 
-0.919533 98.155701 0.815202 0.278833 -1.282289 -0.634765 -0.157717 0.679769 0.057821 -2.461753 0.496548 0.156573 -2.458966 0.489855 0.187907 1.075518 -3.021561 -2.182398 -1.428479 5.795111 2.147664 7.632190 -0.534315 0.984972 -21.686469 2.320441 -72.711612 -29.375247 0.000011 -0.000007 13.931999 8.824758 -10.565506 12.907342 -12.389611 4.219330 13.444847 8.741280 4.518911 2.344939 -0.321116 2.852729 1.260392 -0.032237 -22.025741 3.948517 1.237496 -34.792167 2.029003 0.304348 -17.060619 2.376035 0.345257 -28.106736 2.748169 0.569450 -23.409495 1.746962 0.224297 -14.632072 1.921365 -0.120882 -33.948301 2.023466 0.302669 -17.012572 1.308816 0.124987 -10.910257 6.686377 3.950342 -46.969462 -1.598107 0.456245 -21.346908 0.920392 0.061515 -7.649105 0.411933 0.612546 -4.923713 24.520338 -2.675830 75.013598 26.419727 -0.000007 0.000006 -14.838712 -2.357157 1.252728 -24.536340 7.080401 -9.096068 1.440091 3.934113 0.549241 1.799944 -2.415000 -2.975298 -5.401111 0.934294 10.932423 -4.247710 1.439554 37.429399 -0.997263 0.071576 8.210938 -7.512937 2.334989 20.084670 -3.279002 0.817490 27.991999 -0.821703 -1.556116 5.498626 -5.506363 2.070613 29.244111 -2.472536 0.452324 20.731885 -1.306140 -1.809757 8.453164 -7.681989 3.968995 36.058563 -1.918822 0.268774 15.947366 -0.945131 0.064242 7.778967 4.268962 -9.096385 2.203285 9.651332 20.801261 4.574986 2.467707 -10.216966 -4.638565 0.000007 -0.602979 -0.000000 -13.275630 -9.975823 -4.050475 -4.551257 18.240900 -2.539298 -4.888105 -6.037420 6.441617 0.000000 0.000000 0.000000 
-0.702898 98.138504 0.688474 0.179537 -1.325935 -0.713209 -0.160823 0.738112 0.056653 -2.477923 0.603064 0.137824 -2.475054 0.596824 0.172026 1.031198 -3.011898 -2.107292 -1.486240 5.603501 2.288152 7.686867 -0.485867 0.454732 -22.547839 2.361645 -72.313467 -29.320353 -0.000009 -0.000015 13.927085 8.450707 -10.788195 12.853823 -12.404315 4.221194 13.493542 8.834154 4.563962 2.414848 -0.286098 2.853958 1.222956 -0.035296 -21.579686 4.004186 1.276606 -35.354511 2.053668 0.311972 -17.274460 2.360155 0.343942 -27.739702 2.796162 0.590433 -23.843121 1.764590 0.228932 -14.783244 1.936746 -0.102205 -33.771430 2.048680 0.310429 -17.231112 1.317102 0.126581 -10.980109 6.723619 3.988851 -46.938829 -1.578733 0.463842 -21.519208 0.920542 0.061546 -7.650256 0.894702 0.703132 -4.631817 24.672931 -2.578250 74.747295 26.595473 0.000012 0.000020 -14.841748 -2.395930 1.427874 -24.046292 6.572117 -8.621729 1.694241 4.485595 0.384396 1.544311 -2.293746 -2.977206 -5.496675 0.970321 11.155161 -4.257011 1.446672 37.525268 -0.976417 0.068599 8.038106 -7.533721 2.309513 19.753532 -3.336969 0.848655 28.531191 -0.815597 -1.477231 5.508387 -5.498846 2.050359 28.907485 -2.555707 0.484431 21.462649 -1.307063 -1.720964 8.543809 -7.676815 3.948379 35.881391 -1.979950 0.286559 16.469490 -0.975262 0.068442 8.028529 4.158204 -9.250094 2.129074 9.798466 21.060026 4.661690 2.579231 -10.307725 -4.536613 -0.000005 -0.597494 0.000000 -13.264353 -10.008887 -4.080689 -4.518667 18.154633 -2.563893 -4.819993 -5.849048 6.537688 -0.000001 -0.000009 -0.000003 
-0.492328 98.111099 0.557410 0.071420 -1.391155 -0.803105 -0.159630 0.803785 0.062588 -2.489492 0.722015 0.129135 -2.486340 0.715951 0.166255 0.998167 -3.008061 -2.032958 -1.528838 5.428292 2.465165 7.697211 -0.439022 -0.002821 -23.295429 2.377316 -71.962354 -29.302239 0.000005 -0.000028 13.918416 8.223534 -11.005586 12.816690 -12.419006 4.232024 13.518863 8.882873 4.585877 2.467340 -0.258646 2.852077 1.178183 -0.043964 -21.246050 4.031326 1.295939 -35.629917 2.068862 0.316708 -17.406182 2.321224 0.329519 -27.429799 2.818639 0.600420 -24.046569 1.775509 0.231814 -14.876809 1.912458 -0.109655 -33.589470 2.059567 0.313798 -17.325482 1.322358 0.127617 -11.024435 6.711844 3.963638 -46.735621 -1.571887 0.466550 -21.580273 0.920846 0.061588 -7.652871 1.350507 0.789152 -4.354467 24.908964 -2.516675 74.454294 26.757855 0.000010 0.000004 -14.849120 -2.307755 1.506234 -23.650872 6.096152 -8.339321 1.461324 5.089067 0.124229 1.323134 -2.188344 -2.978481 -5.456891 0.965224 11.198084 -4.277489 1.462458 37.736843 -0.969761 0.067670 7.982881 -7.450012 2.265596 19.628400 -3.376526 0.870319 28.900706 -0.814366 -1.450390 5.517418 -5.384764 1.982050 28.809379 -2.605163 0.504081 21.899065 -1.305878 -1.677619 8.577992 -7.560368 3.874547 36.019054 -2.026839 0.300599 16.870823 -0.986286 0.070012 8.119917 4.064976 -9.421214 2.086436 9.959696 21.391287 4.745747 2.661844 -10.433929 -4.435590 0.000004 -0.577544 0.000001 -13.265567 -10.054144 -4.093117 -4.486119 18.131017 -2.604869 -4.737579 -5.690574 6.636531 -0.000005 -0.000027 0.000001 
-0.288301 98.067856 0.421248 -0.027227 -1.459454 -0.904755 -0.155038 0.873166 0.070254 -2.499551 0.846683 0.125066 -2.496074 0.840703 0.165005 0.968794 -2.981359 -1.907601 -1.546758 5.324491 2.753215 7.644939 -0.399374 -0.327570 -23.887429 2.360367 -71.707042 -29.303182 -0.000012 -0.000036 13.909825 8.125739 -11.188430 12.796133 -12.431517 4.247287 13.525898 8.897088 4.590169 2.500766 -0.240226 2.848584 1.128355 -0.057461 -21.034372 4.037071 1.300072 -35.688401 2.074913 0.318605 -17.458752 2.268857 0.307070 -27.196872 2.822748 0.602262 -24.083921 1.779943 0.232997 -14.914777 1.865231 -0.132662 -33.422663 2.060731 0.314177 -17.335578 1.324660 0.128052 -11.043869 6.672306 3.904078 -46.451731 -1.571870 0.466565 -21.580369 0.921252 0.061631 -7.656285 1.760201 0.867248 -4.098762 25.163614 -2.481507 74.172337 26.897461 0.000006 0.000030 -14.848811 -2.158252 1.496421 -23.366046 5.686016 -8.250442 1.222292 5.519989 -0.057526 1.144882 -2.102925 -2.978676 -5.296350 0.923554 11.081330 -4.307508 1.485807 38.048091 -0.975995 0.068540 8.034551 -7.286451 2.217051 19.757570 -3.394287 0.880147 29.067000 -0.815969 -1.478969 5.509739 -5.195956 1.883598 28.973861 -2.616998 0.508832 22.003600 -1.302472 -1.687184 8.546754 -7.370105 3.773848 36.494671 -2.050083 0.307692 17.070058 -0.976355 0.068592 8.037528 4.014159 -9.652721 2.072753 10.102000 21.833453 4.828123 2.703892 -10.610968 -4.334043 0.000007 -0.532896 0.000000 -13.301648 -10.152489 -4.088869 -4.449306 18.215602 -2.654242 -4.640582 -5.584586 6.735702 0.000002 -0.000030 0.000002 
-0.098507 98.022781 0.339691 -0.074382 -1.495060 -1.010148 -0.143611 0.924026 0.068477 -2.492245 0.939198 0.114757 -2.488665 0.933605 0.156609 0.927560 -2.874802 -1.694166 -1.541647 5.425787 3.148134 7.535670 -0.370470 -0.497065 -24.311741 2.312387 -71.568915 -29.305330 -0.000020 -0.000034 13.902194 8.117639 -11.318410 12.793718 -12.437717 4.258588 13.523226 8.892191 4.587896 2.511246 -0.233952 2.846394 1.123369 -0.059641 -21.045971 4.024644 1.291148 -35.562080 2.068641 0.316649 -17.404277 2.243932 0.294306 -27.198088 2.813213 0.598003 -23.997364 1.775537 0.231831 -14.877054 1.819240 -0.162424 -33.417134 2.056286 0.312795 -17.296983 1.322705 0.127674 -11.027527 6.618940 3.846175 -46.432961 -1.571847 0.466576 -21.580389 0.921508 0.061671 -7.658397 2.117235 0.935760 -3.869812 25.380722 -2.461435 73.930009 27.010740 -0.000001 0.000022 -14.834078 -2.019961 1.430699 -23.284231 5.511067 -8.331657 1.179265 5.601553 -0.080921 1.088033 -2.074173 -2.975019 -5.179435 0.896427 11.036334 -4.330155 1.503597 38.283723 -0.977134 0.068709 8.044021 -7.180300 2.202525 20.026489 -3.400050 0.883348 29.120932 -0.809893 -1.518900 5.443508 -5.069432 1.821449 29.205814 -2.616128 0.508517 21.995929 -1.296645 -1.714964 8.482468 -7.246057 3.724267 37.030571 -2.061131 0.311086 17.164909 -0.959460 0.066226 7.897656 4.031385 -9.887965 2.078642 10.139045 22.274900 4.866764 2.721203 -10.815187 -4.226507 -0.000001 -0.490441 0.000003 -13.390439 -10.243966 -4.073301 -4.444673 18.309639 -2.716854 -4.521315 -5.525828 6.844745 0.000002 0.000011 -0.000004 
0.086477 97.979553 0.279287 -0.104677 -1.521154 -1.114791 -0.130145 0.968033 0.063561 -2.478659 1.019962 0.102041 -2.475043 1.014863 0.145512 0.881354 -2.749805 -1.469788 -1.531472 5.575646 3.545592 7.381458 -0.353776 -0.503668 -24.563350 2.237689 -71.557112 -29.295040 -0.000004 0.000007 13.895267 8.164037 -11.383843 12.796049 -12.442072 4.268367 13.518508 8.883189 4.584614 2.515410 -0.231035 2.844674 1.133594 -0.057748 -21.120389 4.007550 1.278981 -35.388621 2.059121 0.313666 -17.321660 2.229069 0.285215 -27.270543 2.800150 0.592214 -23.879204 1.768820 0.230050 -14.819415 1.775253 -0.193526 -33.464655 2.050438 0.310974 -17.246248 1.319647 0.127088 -11.001657 6.562776 3.790523 -46.506072 -1.571858 0.466576 -21.580408 0.921684 0.061688 -7.660003 2.418611 0.993915 -3.672733 25.519535 -2.448428 73.746652 27.096023 -0.000011 0.000039 -14.800806 -1.951564 1.341088 -23.260416 5.410244 -8.449106 1.189557 5.588207 -0.062874 1.067666 -2.062551 -2.970379 -5.091350 0.878217 11.033396 -4.347780 1.517546 38.467680 -0.975138 0.068438 8.027536 -7.101045 2.197381 20.297466 -3.403493 0.885275 29.153218 -0.800943 -1.554671 5.361349 -4.970552 1.773078 29.419001 -2.614808 0.507949 21.984229 -1.290129 -1.740905 8.415780 -7.149991 3.689185 37.519240 -2.070241 0.313917 17.243093 -0.942869 0.063941 7.760267 4.066370 -10.107594 2.088971 10.141118 22.691171 4.885448 2.734675 -11.018244 -4.115101 0.000006 -0.464210 -0.000000 -13.491586 -10.320512 -4.056512 -4.453578 18.388336 -2.783719 -4.396005 -5.475813 6.957269 -0.000008 -0.000015 0.000003 
