HIERARCHY
ROOT mixamorig:Hips
{
	OFFSET 0.000000 99.791901 0.000000
	CHANNELS 6 Xposition Yposition Zposition Yrotation Xrotation Zrotation
	JOINT mixamorig:Spine
	{
		OFFSET 0.000038 9.923500 -1.227300
		CHANNELS 3 Yrotation Xrotation Zrotation
		JOINT mixamorig:Spine1
		{
			OFFSET -0.001154 11.645462 -1.422353
			CHANNELS 3 Yrotation Xrotation Zrotation
			JOINT mixamorig:Spine2
			{
				OFFSET -0.001065 13.360161 -1.626458
				CHANNELS 3 Yrotation Xrotation Zrotation
				JOINT mixamorig:Neck
				{
					OFFSET -0.001308 15.032516 0.792905
					CHANNELS 3 Yrotation Xrotation Zrotation
					JOINT mixamorig:Head
					{
						OFFSET -0.000902 10.321808 3.142400
						CHANNELS 3 Yrotation Xrotation Zrotation
						End Site
						{
							OFFSET -0.001707 19.630493 -0.000000
						}
					}
				}
				JOINT mixamorig:LeftShoulder
				{
					OFFSET 6.105007 9.110962 0.705601
					CHANNELS 3 Yrotation Xrotation Zrotation
					JOINT mixamorig:LeftArm
					{
						OFFSET 12.655048 -0.266434 -2.600898
						CHANNELS 3 Yrotation Xrotation Zrotation
						JOINT mixamorig:LeftForeArm
						{
							OFFSET 27.404696 0.000000 0.000000
							CHANNELS 3 Yrotation Xrotation Zrotation
							JOINT mixamorig:LeftHand
							{
								OFFSET 27.614513 0.000000 0.000000
								CHANNELS 3 Yrotation Xrotation Zrotation
								JOINT mixamorig:LeftHandThumb1
								{
									OFFSET 3.788795 -2.167099 3.003002
									CHANNELS 3 Yrotation Xrotation Zrotation
									JOINT mixamorig:LeftHandThumb2
									{
										OFFSET 3.675461 -2.122025 2.122029
										CHANNELS 3 Yrotation Xrotation Zrotation
										JOINT mixamorig:LeftHandThumb3
										{
											OFFSET 3.394363 -1.959732 1.959735
											CHANNELS 3 Yrotation Xrotation Zrotation
											End Site
											{
												OFFSET 2.679413 -1.546967 1.546960
											}
										}
									}
								}
								JOINT mixamorig:LeftHandIndex1
								{
									OFFSET 12.266594 -0.231796 2.822001
									CHANNELS 3 Yrotation Xrotation Zrotation
									JOINT mixamorig:LeftHandIndex2
									{
										OFFSET 3.891998 0.000000 0.000000
										CHANNELS 3 Yrotation Xrotation Zrotation
										JOINT mixamorig:LeftHandIndex3
										{
											OFFSET 3.415207 0.000000 0.000000
											CHANNELS 3 Yrotation Xrotation Zrotation
											End Site
											{
												OFFSET 3.077995 0.000000 0.000000
											}
										}
									}
								}
								JOINT mixamorig:LeftHandMiddle1
								{
									OFFSET 12.775497 0.000000 0.000000
									CHANNELS 3 Yrotation Xrotation Zrotation
									JOINT mixamorig:LeftHandMiddle2
									{
										OFFSET 3.613998 0.000000 0.000000
										CHANNELS 3 Yrotation Xrotation Zrotation
										JOINT mixamorig:LeftHandMiddle3
										{
											OFFSET 3.459793 0.000000 0.000000
											CHANNELS 3 Yrotation Xrotation Zrotation
											End Site
											{
												OFFSET 3.680214 0.000000 0.000000
											}
										}
									}
								}
								JOINT mixamorig:LeftHandRing1
								{
									OFFSET 12.146996 0.009995 -2.216599
									CHANNELS 3 Yrotation Xrotation Zrotation
									JOINT mixamorig:LeftHandRing2
									{
										OFFSET 3.601196 0.000000 0.000000
										CHANNELS 3 Yrotation Xrotation Zrotation
										JOINT mixamorig:LeftHandRing3
										{
											OFFSET 3.307304 0.000000 0.000000
											CHANNELS 3 Yrotation Xrotation Zrotation
											End Site
											{
												OFFSET 3.660095 0.000000 0.000000
											}
										}
									}
								}
								JOINT mixamorig:LeftHandPinky1
								{
									OFFSET 10.908195 -0.226105 -4.725800
									CHANNELS 3 Yrotation Xrotation Zrotation
									JOINT mixamorig:LeftHandPinky2
									{
										OFFSET 4.136703 0.000000 0.000000
										CHANNELS 3 Yrotation Xrotation Zrotation
										JOINT mixamorig:LeftHandPinky3
										{
											OFFSET 2.594803 0.000000 0.000000
											CHANNELS 3 Yrotation Xrotation Zrotation
											End Site
											{
												OFFSET 2.923904 0.000000 0.000000
											}
										}
									}
								}
							}
						}
					}
				}
				JOINT mixamorig:RightShoulder
				{
					OFFSET -6.106493 9.110001 0.705582
					CHANNELS 3 Yrotation Xrotation Zrotation
					JOINT mixamorig:RightArm
					{
						OFFSET -12.655064 -0.265533 -2.600914
						CHANNELS 3 Yrotation Xrotation Zrotation
						JOINT mixamorig:RightForeArm
						{
							OFFSET -27.404697 0.000000 -0.000000
							CHANNELS 3 Yrotation Xrotation Zrotation
							JOINT mixamorig:RightHand
							{
								OFFSET -27.614510 0.000000 -0.000000
								CHANNELS 3 Yrotation Xrotation Zrotation
								JOINT mixamorig:RightHandThumb1
								{
									OFFSET -3.788803 -2.167099 3.003001
									CHANNELS 3 Yrotation Xrotation Zrotation
									JOINT mixamorig:RightHandThumb2
									{
										OFFSET -3.675461 -2.122025 2.122028
										CHANNELS 3 Yrotation Xrotation Zrotation
										JOINT mixamorig:RightHandThumb3
										{
											OFFSET -3.394363 -1.959732 1.959735
											CHANNELS 3 Yrotation Xrotation Zrotation
											End Site
											{
												OFFSET -2.679413 -1.546967 1.546959
											}
										}
									}
								}
								JOINT mixamorig:RightHandIndex1
								{
									OFFSET -12.266602 -0.231796 2.822000
									CHANNELS 3 Yrotation Xrotation Zrotation
									JOINT mixamorig:RightHandIndex2
									{
										OFFSET -3.891998 0.000000 0.000000
										CHANNELS 3 Yrotation Xrotation Zrotation
										JOINT mixamorig:RightHandIndex3
										{
											OFFSET -3.415207 0.000000 0.000000
											CHANNELS 3 Yrotation Xrotation Zrotation
											End Site
											{
												OFFSET -3.077995 0.000000 0.000000
											}
										}
									}
								}
								JOINT mixamorig:RightHandMiddle1
								{
									OFFSET -12.775505 0.000000 -0.000000
									CHANNELS 3 Yrotation Xrotation Zrotation
									JOINT mixamorig:RightHandMiddle2
									{
										OFFSET -3.613998 0.000000 0.000000
										CHANNELS 3 Yrotation Xrotation Zrotation
										JOINT mixamorig:RightHandMiddle3
										{
											OFFSET -3.459793 0.000000 0.000000
											CHANNELS 3 Yrotation Xrotation Zrotation
											End Site
											{
												OFFSET -3.680214 0.000000 0.000000
											}
										}
									}
								}
								JOINT mixamorig:RightHandRing1
								{
									OFFSET -12.147003 0.009995 -2.216600
									CHANNELS 3 Yrotation Xrotation Zrotation
									JOINT mixamorig:RightHandRing2
									{
										OFFSET -3.601196 0.000000 0.000000
										CHANNELS 3 Yrotation Xrotation Zrotation
										JOINT mixamorig:RightHandRing3
										{
											OFFSET -3.307304 0.000000 0.000000
											CHANNELS 3 Yrotation Xrotation Zrotation
											End Site
											{
												OFFSET -3.660103 0.000000 0.000000
											}
										}
									}
								}
								JOINT mixamorig:RightHandPinky1
								{
									OFFSET -10.908203 -0.226105 -4.725801
									CHANNELS 3 Yrotation Xrotation Zrotation
									JOINT mixamorig:RightHandPinky2
									{
										OFFSET -4.136703 0.000000 0.000000
										CHANNELS 3 Yrotation Xrotation Zrotation
										JOINT mixamorig:RightHandPinky3
										{
											OFFSET -2.594803 0.000000 0.000000
											CHANNELS 3 Yrotation Xrotation Zrotation
											End Site
											{
												OFFSET -2.923904 0.000000 0.000000
											}
										}
									}
								}
							}
						}
					}
				}
			}
		}
	}
	JOINT mixamorig:LeftUpLeg
	{
		OFFSET 9.124481 -6.656403 -0.055368
		CHANNELS 3 Yrotation Xrotation Zrotation
		JOINT mixamorig:LeftLeg
		{
			OFFSET 0.244688 -40.595383 -0.515629
			CHANNELS 3 Yrotation Xrotation Zrotation
			JOINT mixamorig:LeftFoot
			{
				OFFSET -0.244684 -42.047905 -2.059130
				CHANNELS 3 Yrotation Xrotation Zrotation
				JOINT mixamorig:LeftToeBase
				{
					OFFSET 0.373535 -7.208565 13.966596
					CHANNELS 3 Yrotation Xrotation Zrotation
					End Site
					{
						OFFSET -0.142057 -0.175231 9.997458
					}
				}
			}
		}
	}
	JOINT mixamorig:RightUpLeg
	{
		OFFSET -9.124419 -6.656395 -0.055432
		CHANNELS 3 Yrotation Xrotation Zrotation
		JOINT mixamorig:RightLeg
		{
			OFFSET -0.244683 -40.595413 -0.514284
			CHANNELS 3 Yrotation Xrotation Zrotation
			JOINT mixamorig:RightFoot
			{
				OFFSET 0.244687 -42.047836 -2.060526
				CHANNELS 3 Yrotation Xrotation Zrotation
				JOINT mixamorig:RightToeBase
				{
					OFFSET -0.373540 -7.208565 13.966594
					CHANNELS 3 Yrotation Xrotation Zrotation
					End Site
					{
						OFFSET 0.141792 -0.175015 9.997463
					}
				}
			}
		}
	}
}
MOTION
Frames: 62
Frame Time: 0.033333
2.784543 81.091957 -121.969078 -11.975339 12.465609 -2.768517 -4.176695 9.806963 1.774074 -1.277504 3.907248 -0.429486 -1.302766 3.893901 -0.444975 4.312239 1.603521 0.895485 18.294201 -8.909568 11.745850 -10.389676 2.194089 16.517856 -95.492793 -64.442206 32.566216 -29.797066 0.000008 -0.000018 -15.927936 -134.336543 24.911303 0.456596 1.567915 2.731834 -1.564352 19.466469 7.115484 -9.642754 -4.472375 2.252022 2.130554 -1.881557 -39.886997 5.088406 2.935458 -59.939274 2.402485 0.513903 -24.145827 5.507159 0.403999 -52.414206 5.317844 3.372539 -64.743732 1.797470 0.281866 -17.823517 5.736782 -0.074058 -61.068858 5.691303 4.400322 -75.402310 2.549099 0.582065 -25.722084 7.077714 2.199876 -64.162353 5.691439 4.400851 -75.407604 3.674859 1.291434 -38.715531 4.977455 0.735550 -2.051243 52.769068 -48.630739 42.656198 106.762605 -0.000038 0.000032 -35.833771 -23.562606 -14.216571 -4.956799 8.346205 10.300747 -19.459841 20.490475 -25.429971 -49.823303 -0.453418 -31.998200 1.407407 -1.101095 15.132472 -3.353210 1.419884 45.890900 -2.316565 0.615316 29.748237 -7.198867 3.386181 51.222792 -4.385965 6.278430 110.154088 -1.503061 0.248611 18.783754 -2.604865 -3.345629 57.162669 -4.611612 5.423263 99.261377 -3.592240 1.686060 50.276380 -3.311964 -3.989850 64.824554 -4.630207 4.045582 82.283159 -4.030053 2.309762 59.624519 7.822328 -49.273067 1.152597 -13.242881 111.401546 -15.423351 9.115861 -20.588010 3.742921 -0.000001 -1.295296 0.000001 0.827904 -35.854364 11.429011 -1.915819 69.987562 -5.073507 -25.446819 -44.985491 13.100283 0.000005 -5.716227 -0.000002 
3.051468 82.738022 -108.067398 -7.903193 4.813442 -1.831600 -6.652935 10.494843 -0.563725 -2.659205 4.366052 -2.427863 -2.795733 4.302722 -2.482916 3.536872 2.173705 0.377724 13.970860 -3.386081 13.263262 -9.072477 0.118261 13.951819 -78.163756 -62.285219 11.377245 -31.398294 0.000013 -0.000016 -7.144592 -130.692241 15.938631 0.657738 1.589492 2.872800 -1.564343 19.466471 7.115486 -9.642753 -4.472374 2.252019 2.164418 -1.846718 -39.826683 5.088382 2.935349 -59.938147 2.402457 0.513919 -24.145492 5.507167 0.403999 -52.414209 5.317844 3.372538 -64.743732 1.797470 0.281864 -17.823522 5.736785 -0.074059 -61.068851 5.689423 4.393078 -75.329726 2.549101 0.582069 -25.722088 7.003569 2.037557 -64.338702 5.685496 4.378235 -75.180042 3.635977 1.260555 -38.231963 3.891138 0.505648 0.112355 47.766689 -40.667868 44.063603 101.978413 -0.000029 0.000020 -25.462901 -30.396790 -6.932870 -4.956799 8.346207 10.300745 -19.459841 20.490475 -25.429978 -49.823293 -0.453420 -31.998197 1.412547 -1.097549 15.078971 -3.338666 1.404949 45.635564 -2.316565 0.615316 29.748237 -7.198867 3.386180 51.222792 -4.385965 6.278430 110.154088 -1.503061 0.248610 18.783751 -2.604864 -3.345628 57.162669 -4.611612 5.423262 99.261377 -3.592240 1.686060 50.276374 -3.311962 -3.989850 64.824547 -4.630207 4.045582 82.283159 -4.030053 2.309762 59.624519 1.447984 -54.730323 3.907445 -16.647305 110.195123 -17.133787 11.950655 -13.490822 1.244879 -0.000001 6.244021 0.000002 -0.331980 -10.778693 7.720568 -1.949366 58.186491 -4.191613 -27.934483 -43.891472 16.579222 -0.000002 -15.904191 0.000001 
3.177173 84.592064 -94.133820 -4.906817 -2.640618 0.634121 -8.834941 10.570006 -4.555317 -3.777543 4.377351 -4.953321 -4.038984 4.239248 -5.017787 2.324693 2.109667 0.171862 9.004090 2.528285 14.265666 -8.236264 -2.271335 9.596098 -58.895656 -55.288950 -7.634803 -40.595567 -0.000012 -0.000013 5.631492 -128.050324 8.954562 0.859701 1.613132 3.008890 -1.564343 19.466473 7.115487 -9.642751 -4.472372 2.252020 2.198354 -1.811964 -39.766335 5.088311 2.935246 -59.937102 2.402427 0.513884 -24.145149 5.507158 0.403999 -52.414209 5.317841 3.372541 -64.743732 1.797471 0.281863 -17.823524 5.736784 -0.074058 -61.068851 5.687519 4.385903 -75.257148 2.549102 0.582067 -25.722079 6.930434 1.874797 -64.514805 5.679450 4.355671 -74.952433 3.596845 1.229986 -37.748372 3.043402 0.580223 1.442195 46.925643 -34.650817 45.386645 96.624938 -0.000017 0.000045 -16.208584 -36.230250 -1.825808 -4.956799 8.346204 10.300752 -19.459842 20.490475 -25.429971 -49.823293 -0.453418 -31.998193 1.417696 -1.094027 15.025458 -3.324058 1.390103 45.380180 -2.316565 0.615315 29.748233 -7.198867 3.386181 51.222789 -4.385966 6.278430 110.154088 -1.503061 0.248611 18.783753 -2.604865 -3.345629 57.162669 -4.611612 5.423263 99.261377 -3.592240 1.686060 50.276374 -3.311963 -3.989850 64.824547 -4.630207 4.045582 82.283159 -4.030054 2.309762 59.624519 -0.598183 -58.826562 1.874358 -37.739746 101.986896 -37.092258 14.145176 -10.924800 -0.882683 -0.000009 7.250166 0.000000 -2.791628 10.698325 2.776910 -1.126800 46.865032 -3.792992 -26.686341 -28.761681 18.653040 -0.000012 -32.661732 0.000002 
3.318877 86.071617 -80.380226 -3.612682 -9.227439 3.441266 -10.402400 10.287246 -8.694746 -4.485774 4.356771 -7.332908 -4.874972 4.129141 -7.433338 0.885223 1.414799 0.414289 4.271021 7.682007 14.662712 -8.075318 -3.949157 7.872955 -41.473312 -49.768146 -21.087284 -55.620840 -0.000016 -0.000032 19.462008 -124.011920 3.796789 1.062376 1.638852 3.140043 -1.564343 19.466468 7.115484 -9.642752 -4.472374 2.252022 2.232335 -1.777282 -39.705935 5.088248 2.935146 -59.936016 2.402393 0.513870 -24.144842 5.507157 0.403998 -52.414209 5.317843 3.372534 -64.743739 1.797470 0.281862 -17.823520 5.736780 -0.074059 -61.068851 5.685622 4.378689 -75.184516 2.549102 0.582066 -25.722084 6.858254 1.711595 -64.690730 5.673334 4.333097 -74.724872 3.557457 1.199780 -37.264788 2.501624 0.546776 3.950014 48.375095 -30.160783 46.105549 93.411054 -0.000034 0.000028 -8.839533 -39.561497 1.201493 -4.956796 8.346205 10.300743 -19.459841 20.490475 -25.429974 -49.823296 -0.453420 -31.998193 1.422843 -1.090483 14.971945 -3.309390 1.375306 45.124820 -2.316565 0.615315 29.748237 -7.198866 3.386180 51.222789 -4.385964 6.278429 110.154094 -1.503061 0.248612 18.783751 -2.604865 -3.345629 57.162666 -4.611611 5.423262 99.261384 -3.592241 1.686060 50.276377 -3.311963 -3.989850 64.824547 -4.630206 4.045582 82.283159 -4.030054 2.309762 59.624512 1.127510 -56.486781 -2.833997 39.353163 76.455116 39.840493 11.784665 -13.897178 -2.709429 -0.000003 -6.914875 0.000003 -3.847411 24.549752 -1.265973 0.987984 40.662182 -3.705669 -24.747389 -2.066174 16.875106 -3.629750 -48.641575 10.571954 
3.702325 86.543488 -67.158531 -4.011640 -14.122350 5.469226 -11.236836 10.241359 -11.658317 -4.722816 4.755561 -8.913365 -5.230482 4.427242 -9.127791 -0.484913 0.316002 1.199234 0.843937 11.124595 14.656925 -8.375980 -5.286948 7.137855 -27.467500 -47.537649 -31.064069 -71.862230 -0.000014 -0.000019 33.086748 -118.574024 -1.968417 1.265683 1.666603 3.266293 -1.564343 19.466469 7.115479 -9.642756 -4.472377 2.252026 2.266372 -1.742683 -39.645515 5.088196 2.935060 -59.934924 2.402373 0.513864 -24.144512 5.507158 0.403999 -52.414209 5.317843 3.372540 -64.743732 1.797471 0.281866 -17.823519 5.736780 -0.074059 -61.068851 5.683705 4.371499 -75.111959 2.549101 0.582067 -25.722083 6.787088 1.547966 -64.866395 5.667106 4.310575 -74.497263 3.517814 1.169880 -36.781190 2.262387 0.540350 6.278692 48.607557 -26.581235 46.483703 95.042000 -0.000023 0.000018 -3.880772 -39.502536 2.822708 -4.956799 8.346208 10.300749 -19.459841 20.490477 -25.429969 -49.823296 -0.453422 -31.998197 1.427996 -1.086963 14.918450 -3.294657 1.360557 44.869470 -2.316565 0.615315 29.748237 -7.198867 3.386181 51.222792 -4.385963 6.278429 110.154088 -1.503061 0.248611 18.783754 -2.604865 -3.345627 57.162666 -4.611611 5.423262 99.261384 -3.592244 1.686059 50.276374 -3.311963 -3.989849 64.824554 -4.630208 4.045580 82.283159 -4.030052 2.309762 59.624519 4.694541 -47.059860 -6.713235 14.631315 54.472032 14.536499 4.921033 -14.430897 -5.668956 -0.000001 -8.773264 0.000001 -1.154141 27.771621 -1.665920 2.091401 48.170674 -3.535471 -25.321092 7.252294 16.565791 -8.242902 -38.632568 19.666543 
4.479841 85.802757 -54.268040 -5.726024 -17.234413 6.104550 -11.433870 10.641687 -12.665140 -4.481805 5.676328 -9.295956 -5.084620 5.236616 -9.717356 -1.431468 -0.620533 2.382732 -0.356526 12.869745 14.507183 -8.303767 -6.617938 6.155516 -15.884235 -47.503163 -41.180969 -86.922941 -0.000050 -0.000017 46.104371 -113.752866 -9.684198 1.469523 1.696336 3.387619 -1.564343 19.466468 7.115487 -9.642752 -4.472373 2.252021 2.300500 -1.708198 -39.585072 5.088135 2.934972 -59.933824 2.402325 0.513846 -24.144186 5.507159 0.403999 -52.414209 5.317842 3.372542 -64.743732 1.797471 0.281864 -17.823520 5.736781 -0.074061 -61.068851 5.681778 4.364273 -75.039361 2.549100 0.582066 -25.722084 6.716918 1.383904 -65.041890 5.660792 4.288061 -74.269708 3.477926 1.140323 -36.297538 2.155579 0.543038 7.791851 47.432139 -23.436290 45.929952 100.749450 -0.000033 0.000021 -2.320225 -36.362086 4.611843 -4.956799 8.346206 10.300749 -19.459841 20.490472 -25.429974 -49.823303 -0.453420 -31.998200 1.433190 -1.083437 14.864961 -3.279862 1.345909 44.614096 -2.316565 0.615319 29.748237 -7.198866 3.386180 51.222792 -4.385964 6.278432 110.154088 -1.503058 0.248610 18.783753 -2.604866 -3.345631 57.162669 -4.611612 5.423265 99.261384 -3.592238 1.686060 50.276374 -3.311965 -3.989852 64.824547 -4.630208 4.045584 82.283159 -4.030055 2.309761 59.624512 6.334151 -37.867364 -8.381990 9.088787 41.443317 9.595904 2.757004 -8.970350 -7.266509 -0.000004 -8.700656 0.000004 2.347073 21.060209 -1.453466 7.168632 64.906127 2.331280 -25.804627 -0.012874 18.421927 -1.250260 -16.933600 9.192434 
5.595655 84.369888 -41.241440 -8.586690 -19.270337 6.267689 -11.392409 10.929170 -12.410227 -3.936131 6.677523 -8.725685 -4.605603 6.121349 -9.397717 -1.764491 -0.879458 3.525401 0.726622 13.952939 14.076436 -7.306118 -7.827427 5.879254 -4.097786 -46.552927 -53.945862 -98.792744 -0.000042 -0.000026 54.560822 -110.620173 -16.781925 1.673765 1.728068 3.504005 -1.564345 19.466468 7.115486 -9.642755 -4.472372 2.252020 2.334670 -1.673760 -39.524556 5.088087 2.934889 -59.932758 2.402303 0.513826 -24.143848 5.507158 0.403998 -52.414209 5.317843 3.372537 -64.743725 1.797470 0.281863 -17.823519 5.736781 -0.074060 -61.068851 5.679824 4.357072 -74.966749 2.549101 0.582065 -25.722088 6.647733 1.219438 -65.217146 5.654402 4.265568 -74.042133 3.437797 1.111111 -35.813926 1.928572 0.548950 8.095012 47.028451 -20.973308 45.478657 106.227050 -0.000041 0.000012 -2.342257 -31.244803 6.337336 -4.956800 8.346204 10.300750 -19.459842 20.490474 -25.429974 -49.823296 -0.453423 -31.998190 1.438373 -1.079877 14.811456 -3.265010 1.331323 44.358725 -2.316565 0.615313 29.748233 -7.198866 3.386182 51.222792 -4.385967 6.278432 110.154094 -1.503062 0.248610 18.783753 -2.604864 -3.345629 57.162669 -4.611613 5.423263 99.261384 -3.592240 1.686061 50.276377 -3.311962 -3.989850 64.824554 -4.630207 4.045583 82.283159 -4.030053 2.309761 59.624519 7.997900 -32.962233 -8.500884 11.368373 44.892491 9.990559 1.050231 -4.420376 -2.640561 -0.000002 -8.940882 -0.000001 4.101449 3.084844 -3.801959 43.562847 82.200992 40.177150 -23.186873 -11.770987 17.779845 -0.494564 -14.443190 6.117642 
6.894996 83.248886 -27.520864 -12.230272 -20.226669 6.678538 -10.985097 10.455759 -11.294993 -3.055067 7.111515 -7.417745 -3.731848 6.483016 -8.282801 -1.602623 -0.341965 4.114833 3.102235 15.745275 13.108650 -5.347785 -9.135496 5.527878 4.232713 -42.181309 -64.832169 -107.211772 -0.000025 -0.000033 61.213918 -109.252421 -22.923143 1.878283 1.761741 3.615483 -1.564339 19.466468 7.115488 -9.642752 -4.472375 2.252020 2.368899 -1.639416 -39.463986 5.088048 2.934781 -59.931686 2.402257 0.513816 -24.143508 5.507158 0.403997 -52.414209 5.317844 3.372535 -64.743732 1.797469 0.281863 -17.823515 5.736780 -0.074061 -61.068851 5.677891 4.349905 -74.894179 2.549101 0.582064 -25.722086 6.579549 1.054545 -65.392176 5.647921 4.243130 -73.814558 3.397389 1.082231 -35.330253 1.386793 0.546683 7.194913 46.684896 -18.789295 45.470393 110.626682 -0.000047 0.000021 -4.346598 -28.370558 9.113703 -4.956796 8.346208 10.300748 -19.459842 20.490474 -25.429972 -49.823293 -0.453423 -31.998193 1.443577 -1.076343 14.757979 -3.250079 1.316773 44.103389 -2.316564 0.615314 29.748240 -7.198864 3.386180 51.222795 -4.385964 6.278431 110.154088 -1.503060 0.248611 18.783754 -2.604864 -3.345628 57.162673 -4.611611 5.423264 99.261384 -3.592241 1.686059 50.276377 -3.311961 -3.989849 64.824554 -4.630207 4.045585 82.283159 -4.030052 2.309764 59.624519 15.971235 -29.089742 -8.082474 10.017882 57.480960 7.482857 -0.179939 -7.728549 3.347410 -0.000002 -8.772103 0.000002 5.699973 -23.494367 -5.337613 -43.038849 95.435276 -45.934323 -16.288861 -13.958611 13.809978 0.001610 -9.702179 -0.330519 
8.154074 83.172440 -13.277256 -16.005187 -20.170676 7.380753 -9.736626 9.099896 -9.475483 -1.752683 6.673936 -5.600152 -2.355982 6.074942 -6.527672 -1.301505 0.709318 3.886192 5.152580 18.859008 11.745653 -3.213249 -10.541926 4.472877 6.428679 -35.048013 -70.447964 -110.255045 -0.000040 -0.000030 64.185781 -110.106549 -27.344859 2.083062 1.797334 3.722013 -1.564341 19.466468 7.115484 -9.642751 -4.472375 2.252018 2.403189 -1.605142 -39.403406 5.087963 2.934693 -59.930600 2.402246 0.513803 -24.143201 5.507159 0.403999 -52.414206 5.317844 3.372538 -64.743732 1.797471 0.281864 -17.823515 5.736780 -0.074060 -61.068851 5.675947 4.342680 -74.821580 2.549102 0.582065 -25.722083 6.512343 0.889232 -65.567043 5.641337 4.220697 -73.586983 3.356766 1.053691 -34.846597 0.489888 0.504148 5.382840 46.109210 -16.171648 45.717605 112.879798 -0.000039 0.000012 -6.855816 -28.100687 11.348708 -4.956796 8.346206 10.300741 -19.459839 20.490475 -25.429976 -49.823303 -0.453425 -31.998193 1.448788 -1.072809 14.704487 -3.235072 1.302319 43.847991 -2.316566 0.615319 29.748240 -7.198867 3.386182 51.222792 -4.385964 6.278427 110.154088 -1.503065 0.248609 18.783748 -2.604865 -3.345628 57.162669 -4.611612 5.423264 99.261384 -3.592239 1.686062 50.276377 -3.311962 -3.989849 64.824547 -4.630207 4.045581 82.283159 -4.030053 2.309762 59.624512 21.513247 -25.785359 -7.021317 18.092029 70.209960 14.222311 -0.936913 -12.655220 6.213234 -0.000003 -19.253490 0.000003 4.607907 -42.224687 -3.447990 -2.684810 81.668073 -5.769314 -10.685452 -6.784037 13.301136 -0.000005 -7.579169 -0.000001 
9.099642 83.806976 0.995060 -18.961177 -19.826335 8.330923 -7.750076 7.367049 -7.636928 -0.189933 5.641425 -3.746095 -0.665110 5.173853 -4.610823 -1.201622 1.849341 2.966074 5.420841 22.443553 10.404081 -2.042501 -11.769345 2.829068 4.347345 -27.857007 -72.787495 -109.250740 -0.000054 -0.000024 65.375873 -112.063884 -30.718482 2.287896 1.834820 3.823589 -1.564346 19.466475 7.115484 -9.642755 -4.472376 2.252024 2.437526 -1.570970 -39.342798 5.087923 2.934594 -59.929500 2.402208 0.513772 -24.142861 5.507159 0.403998 -52.414209 5.317842 3.372536 -64.743732 1.797471 0.281864 -17.823517 5.736780 -0.074059 -61.068851 5.673972 4.335504 -74.749003 2.549102 0.582065 -25.722088 6.446155 0.723535 -65.741698 5.634659 4.198296 -73.359408 3.315903 1.025508 -34.362911 -0.719215 0.391658 3.312282 44.316767 -12.698257 45.690072 114.673713 -0.000029 0.000016 -10.022840 -29.882395 12.815888 -4.956793 8.346208 10.300746 -19.459837 20.490474 -25.429976 -49.823296 -0.453419 -31.998193 1.454009 -1.069269 14.651014 -3.220016 1.287914 43.592620 -2.316566 0.615321 29.748237 -7.198865 3.386183 51.222789 -4.385964 6.278426 110.154088 -1.503065 0.248613 18.783754 -2.604863 -3.345630 57.162669 -4.611611 5.423262 99.261384 -3.592241 1.686059 50.276374 -3.311964 -3.989850 64.824547 -4.630207 4.045587 82.283159 -4.030049 2.309763 59.624519 22.937720 -22.133501 -6.326282 45.294724 75.261028 41.102385 0.023157 -2.428734 1.600734 0.000004 -37.541066 -0.000007 -0.116981 -42.111217 0.488177 -6.683923 51.573334 -7.719900 -7.475921 0.295695 18.105740 -0.000006 -5.955382 -0.000004 
9.503181 83.925552 14.858162 -20.305924 -20.473038 9.085143 -5.911809 6.221291 -6.215712 1.109517 4.717836 -2.564780 0.740292 4.408860 -3.317185 -1.418000 2.768537 1.790982 3.473066 24.845146 9.409837 -2.349516 -12.721609 0.836105 1.585392 -23.036787 -73.866228 -106.963522 -0.000030 -0.000017 66.128928 -113.746050 -32.988816 2.492700 1.874157 3.920240 -1.564341 19.466471 7.115482 -9.642755 -4.472375 2.252020 2.471935 -1.536884 -39.282125 5.087869 2.934485 -59.928435 2.402182 0.513773 -24.142521 5.507157 0.404000 -52.414206 5.317844 3.372535 -64.743732 1.797472 0.281864 -17.823515 5.736779 -0.074056 -61.068851 5.672008 4.328328 -74.676425 2.549101 0.582065 -25.722086 6.380939 0.557411 -65.916161 5.627908 4.175905 -73.131880 3.274804 0.997653 -33.879203 -2.091363 0.197809 1.581274 41.862332 -9.651444 45.284687 116.451324 -0.000038 0.000021 -13.287672 -32.076180 14.230462 -4.956798 8.346210 10.300749 -19.459842 20.490475 -25.429972 -49.823300 -0.453425 -31.998193 1.459238 -1.065739 14.597532 -3.204891 1.273595 43.337246 -2.316566 0.615318 29.748240 -7.198866 3.386182 51.222792 -4.385965 6.278426 110.154088 -1.503062 0.248610 18.783753 -2.604863 -3.345628 57.162669 -4.611612 5.423265 99.261384 -3.592240 1.686060 50.276374 -3.311964 -3.989849 64.824554 -4.630208 4.045586 82.283159 -4.030050 2.309762 59.624512 20.863936 -11.223843 -6.186435 44.480449 75.616553 41.147355 0.096564 -0.517930 -2.685157 -0.378972 -50.701307 0.879870 -3.478276 -31.236231 2.721304 -5.947473 22.194602 -3.783800 -5.552758 7.761497 19.758515 0.000003 -6.091183 0.000001 
9.393480 83.331207 28.404182 -20.054424 -22.416561 9.154811 -4.345455 6.020193 -5.063635 1.999516 4.469417 -2.019176 1.667164 4.283772 -2.706821 -1.941554 3.366281 0.910719 -0.016914 25.739039 8.898550 -3.399025 -13.717989 -1.673270 -1.800095 -22.119923 -73.258676 -101.906416 -0.000053 -0.000028 62.988476 -114.765824 -32.015760 2.697390 1.915363 4.011972 -1.564343 19.466469 7.115490 -9.642753 -4.472373 2.252019 2.506400 -1.502858 -39.221426 5.087811 2.934386 -59.927349 2.402141 0.513757 -24.142192 5.507158 0.403999 -52.414206 5.317843 3.372539 -64.743725 1.797469 0.281863 -17.823524 5.736779 -0.074058 -61.068851 5.670020 4.321119 -74.603848 2.549101 0.582066 -25.722084 6.316737 0.390895 -66.090420 5.621084 4.153560 -72.904319 3.233469 0.970158 -33.395489 -3.333609 -0.047063 0.348215 39.598134 -8.348348 45.044660 116.964777 -0.000043 0.000028 -15.792944 -32.953255 14.797437 -4.956791 8.346209 10.300749 -19.459841 20.490475 -25.429976 -49.823296 -0.453424 -31.998197 1.464476 -1.062195 14.544068 -3.189708 1.259328 43.081862 -2.316564 0.615316 29.748237 -7.198865 3.386177 51.222789 -4.385963 6.278429 110.154088 -1.503060 0.248611 18.783753 -2.604863 -3.345630 57.162666 -4.611611 5.423262 99.261384 -3.592244 1.686059 50.276377 -3.311962 -3.989852 64.824547 -4.630209 4.045584 82.283159 -4.030052 2.309762 59.624512 20.429567 -22.234641 -4.651020 115.951559 78.679579 115.474989 2.715915 8.400836 -4.050075 0.388056 0.004572 -2.518949 -3.917810 -27.123590 4.460953 -5.093255 17.622127 -3.753742 -4.287648 12.225848 6.857612 -0.000004 -9.574436 0.000006 
9.025327 82.209816 41.005894 -18.427982 -24.817277 7.793143 -3.030984 6.467266 -3.477838 2.539703 4.944777 -1.626016 2.183305 4.825400 -2.337304 -2.409530 3.655292 0.504323 -3.154480 25.258946 9.105456 -4.259893 -14.747567 -2.799678 -5.662400 -24.822666 -72.995174 -93.455511 -0.000045 -0.000020 55.144926 -114.962507 -28.385167 2.901864 1.958349 4.098788 -1.564341 19.466468 7.115481 -9.642749 -4.472373 2.252025 2.540967 -1.468938 -39.160681 5.087759 2.934310 -59.926236 2.402113 0.513745 -24.141874 5.507159 0.403998 -52.414206 5.317843 3.372537 -64.743732 1.797471 0.281864 -17.823519 5.736780 -0.074058 -61.068858 5.668035 4.313941 -74.531243 2.549102 0.582065 -25.722086 6.253541 0.223985 -66.264508 5.614140 4.131266 -72.676778 3.191898 0.943008 -32.911751 -4.160410 -0.281664 -0.108122 37.676833 -8.756061 45.203230 116.198224 -0.000038 0.000008 -17.037840 -31.988627 13.866711 -4.956799 8.346203 10.300749 -19.459839 20.490474 -25.429972 -49.823296 -0.453419 -31.998193 1.469742 -1.058650 14.490578 -3.174455 1.245131 42.826498 -2.316565 0.615317 29.748240 -7.198864 3.386180 51.222789 -4.385965 6.278429 110.154088 -1.503062 0.248610 18.783753 -2.604862 -3.345628 57.162673 -4.611611 5.423262 99.261377 -3.592242 1.686058 50.276380 -3.311963 -3.989852 64.824554 -4.630207 4.045586 82.283159 -4.030052 2.309762 59.624519 17.420266 -27.872856 -1.280821 133.684397 76.214891 135.104994 6.582724 4.879277 0.582561 0.260595 7.713827 -4.472750 -2.383500 -28.487570 6.314783 -8.591206 32.135398 -8.976176 -5.449851 12.103357 -7.427133 -0.000005 -9.895599 -0.000002 
8.680399 81.410622 52.404217 -16.147643 -26.767419 5.477406 -2.429587 7.196275 -1.626804 2.538406 5.792525 -1.365938 2.123073 5.678794 -2.152868 -2.513088 3.677720 0.311346 -4.642860 24.241733 9.845058 -4.124265 -15.712567 -2.025178 -9.266986 -30.332826 -73.581334 -82.970181 -0.000024 -0.000032 44.888611 -113.941400 -23.429050 3.105962 2.003109 4.180675 -1.564341 19.466468 7.115481 -9.642750 -4.472372 2.252024 2.575552 -1.435087 -39.099896 5.087686 2.934186 -59.925163 2.402090 0.513732 -24.141541 5.507156 0.404000 -52.414209 5.317843 3.372538 -64.743739 1.797472 0.281864 -17.823522 5.736778 -0.074058 -61.068851 5.666049 4.306744 -74.458665 2.549101 0.582065 -25.722088 6.191320 0.056690 -66.438377 5.607111 4.108953 -72.449210 3.150099 0.916207 -32.428003 -4.376608 -0.365600 -0.124420 36.793225 -10.852702 46.160679 113.871104 -0.000028 0.000031 -16.377557 -30.072356 11.655050 -4.956798 8.346203 10.300745 -19.459839 20.490467 -25.429976 -49.823300 -0.453425 -31.998190 1.475008 -1.055102 14.437126 -3.159122 1.231008 42.571111 -2.316564 0.615316 29.748237 -7.198866 3.386180 51.222792 -4.385966 6.278427 110.154088 -1.503065 0.248612 18.783753 -2.604864 -3.345628 57.162669 -4.611611 5.423265 99.261384 -3.592240 1.686061 50.276374 -3.311962 -3.989850 64.824554 -4.630208 4.045580 82.283159 -4.030050 2.309761 59.624519 11.437448 -35.042183 2.213949 123.106811 78.421602 125.134530 4.948598 -0.040085 4.701683 0.147700 7.754661 -3.463991 -1.698648 -29.677500 7.337085 -12.747574 50.474080 -14.741150 -9.144040 3.633390 -8.135344 0.000003 -6.088411 -0.000004 
8.577691 81.397842 62.859119 -14.409942 -27.562848 3.542328 -2.421902 7.755653 0.001209 2.280809 6.498556 -1.149847 1.822159 6.368518 -2.008118 -2.253441 3.456827 -0.142138 -4.635402 23.412760 10.602959 -3.050271 -16.604241 -0.020180 -12.094025 -36.681350 -74.707783 -72.144857 -0.000028 -0.000042 33.768066 -112.455513 -17.718098 3.309654 2.049609 4.257655 -1.564345 19.466468 7.115487 -9.642755 -4.472375 2.252021 2.610223 -1.401334 -39.039077 5.087633 2.934108 -59.924070 2.402071 0.513719 -24.141203 5.507158 0.403997 -52.414209 5.317844 3.372535 -64.743725 1.797474 0.281863 -17.823519 5.736783 -0.074061 -61.068858 5.664025 4.299565 -74.386067 2.549098 0.582065 -25.722083 6.130137 -0.110989 -66.612110 5.600003 4.086702 -72.221662 3.108069 0.889767 -31.944252 -3.980189 -0.235301 0.096120 36.753859 -13.658538 47.567203 110.776523 -0.000030 0.000030 -14.718810 -28.058526 9.000343 -4.956793 8.346208 10.300746 -19.459848 20.490475 -25.429978 -49.823303 -0.453415 -31.998193 1.480296 -1.051585 14.383660 -3.143771 1.216949 42.315713 -2.316564 0.615317 29.748240 -7.198864 3.386180 51.222785 -4.385965 6.278429 110.154088 -1.503064 0.248611 18.783754 -2.604862 -3.345629 57.162666 -4.611612 5.423264 99.261384 -3.592237 1.686061 50.276374 -3.311960 -3.989850 64.824547 -4.630207 4.045582 82.283159 -4.030050 2.309761 59.624519 4.890091 -39.155036 4.214274 56.507719 78.336239 58.721506 -0.138542 -3.060109 2.021761 -0.000000 7.506991 -0.000004 -2.910650 -30.031686 7.951592 -19.195967 65.105759 -22.321159 -12.667526 -4.487594 -5.985023 0.000005 -7.894217 -0.000006 
8.835427 82.056404 72.798248 -14.542974 -27.266781 3.075803 -2.390920 7.908932 1.179344 2.317023 6.791981 -0.872420 1.863418 6.678185 -1.776507 -1.916301 2.991169 -1.099852 -4.222129 22.871332 10.979760 -1.699715 -17.468928 1.763693 -13.973668 -41.906462 -75.865199 -62.637390 -0.000018 -0.000045 23.611657 -111.418151 -12.408617 3.512747 2.097842 4.329743 -1.564343 19.466466 7.115484 -9.642753 -4.472376 2.252025 2.644907 -1.367656 -38.978223 5.087593 2.933994 -59.922991 2.402017 0.513700 -24.140870 5.507161 0.404000 -52.414209 5.317844 3.372537 -64.743732 1.797471 0.281863 -17.823520 5.736782 -0.074059 -61.068851 5.662020 4.292399 -74.313496 2.549101 0.582065 -25.722084 6.069891 -0.279056 -66.785651 5.592812 4.064422 -71.994121 3.065858 0.863688 -31.460466 -3.201452 -0.019283 1.071269 37.093586 -15.676478 47.788371 108.140923 -0.000045 0.000025 -13.560179 -26.675797 6.883795 -4.956793 8.346208 10.300742 -19.459839 20.490475 -25.429969 -49.823303 -0.453419 -31.998193 1.485574 -1.048029 14.330203 -3.128314 1.202968 42.060342 -2.316565 0.615317 29.748237 -7.198866 3.386180 51.222792 -4.385965 6.278432 110.154088 -1.503067 0.248611 18.783751 -2.604864 -3.345628 57.162669 -4.611612 5.423266 99.261384 -3.592242 1.686061 50.276374 -3.311960 -3.989849 64.824547 -4.630208 4.045581 82.283159 -4.030054 2.309762 59.624519 1.421688 -37.292290 4.597838 12.218522 61.827303 15.364092 0.384497 -3.999816 -5.410624 0.000001 2.838420 -0.000000 -2.482270 -31.159364 6.189727 -29.980753 74.233904 -34.196496 -13.713504 2.137820 0.309874 -0.340387 -17.844272 4.184634 
9.416882 82.727371 82.717865 -17.236413 -26.492070 4.270437 -1.866317 7.747104 1.847706 2.962374 6.780768 -0.501732 2.554664 6.741677 -1.444924 -1.800314 2.268185 -2.313956 -4.286005 22.292136 10.822257 -0.610984 -18.260159 2.191537 -14.527399 -44.873096 -77.137868 -56.195819 -0.000019 -0.000030 16.870198 -110.853622 -9.295563 3.715193 2.147740 4.396978 -1.564343 19.466469 7.115487 -9.642751 -4.472373 2.252018 2.679667 -1.334069 -38.917325 5.087537 2.933915 -59.921905 2.401986 0.513688 -24.140556 5.507156 0.403999 -52.414213 5.317844 3.372540 -64.743732 1.797468 0.281860 -17.823519 5.736779 -0.074059 -61.068851 5.659999 4.285219 -74.240919 2.549099 0.582065 -25.722088 6.010670 -0.447490 -66.959008 5.585536 4.042234 -71.766594 3.023371 0.837946 -30.976663 -2.373986 0.191648 2.173990 37.446707 -16.517972 46.428498 106.533678 -0.000022 0.000040 -13.282258 -26.108185 5.951645 -4.956795 8.346206 10.300745 -19.459846 20.490475 -25.429971 -49.823303 -0.453426 -31.998190 1.490891 -1.044486 14.276726 -3.112821 1.189034 41.804962 -2.316566 0.615316 29.748237 -7.198864 3.386180 51.222792 -4.385965 6.278431 110.154088 -1.503065 0.248608 18.783753 -2.604860 -3.345629 57.162666 -4.611612 5.423264 99.261377 -3.592239 1.686060 50.276374 -3.311962 -3.989851 64.824554 -4.630208 4.045582 82.283159 -4.030054 2.309762 59.624519 1.599405 -29.685293 4.286364 2.488623 37.505870 7.469655 0.478230 0.460585 -12.158963 0.000000 -2.639350 -0.000000 0.197932 -33.321177 2.833529 -46.191183 79.047261 -50.815911 -10.286752 14.250148 4.558411 -1.569934 -34.318593 3.790523 
10.154742 82.626328 93.100296 -22.221636 -25.799043 6.552004 -0.951309 7.570170 2.063833 4.003602 6.761685 -0.111596 3.649692 6.831545 -1.105184 -1.952901 1.346808 -3.259763 -4.768033 21.447013 10.191388 0.109546 -18.995229 1.509938 -13.184884 -44.781947 -78.835157 -54.983252 -0.000024 -0.000042 15.857684 -110.605126 -9.814183 3.916869 2.199276 4.459320 -1.564336 19.466471 7.115476 -9.642755 -4.472374 2.252015 2.714527 -1.300558 -38.856383 5.087463 2.933802 -59.920819 2.401962 0.513671 -24.140212 5.507158 0.404000 -52.414209 5.317843 3.372538 -64.743739 1.797474 0.281864 -17.823520 5.736780 -0.074058 -61.068851 5.657959 4.278040 -74.168321 2.549099 0.582064 -25.722086 5.952491 -0.616309 -67.132194 5.578145 4.020067 -71.539067 2.980707 0.812581 -30.492843 -1.781829 0.320134 2.976098 38.033878 -16.665110 43.868796 105.721575 -0.000026 0.000024 -13.410627 -26.189684 6.683562 -4.956798 8.346208 10.300745 -19.459842 20.490475 -25.429976 -49.823303 -0.453426 -31.998193 1.496178 -1.040952 14.223264 -3.097254 1.175199 41.549560 -2.316565 0.615314 29.748240 -7.198871 3.386179 51.222792 -4.385964 6.278431 110.154088 -1.503064 0.248612 18.783749 -2.604864 -3.345630 57.162666 -4.611611 5.423267 99.261377 -3.592244 1.686059 50.276374 -3.311962 -3.989850 64.824554 -4.630207 4.045584 82.283159 -4.030050 2.309762 59.624512 4.767443 -22.690824 3.429681 -1.812057 23.201439 6.300434 -0.508650 8.679406 -16.817626 0.000002 -5.574054 -0.000003 3.423408 -37.454954 -1.030264 -81.927539 81.253563 -86.200505 -5.140630 14.371690 9.530744 0.628230 -23.561991 -1.873780 
10.831959 81.592529 104.062401 -28.492377 -25.368646 9.164460 -0.149705 7.609642 2.013047 4.910176 6.952992 0.198755 4.591546 7.119449 -0.848061 -2.165758 0.425971 -3.611407 -4.992918 20.454895 9.263044 0.632890 -19.773215 0.856558 -10.215652 -42.056644 -80.758196 -58.901222 -0.000010 -0.000021 20.166086 -110.744701 -13.616307 4.117653 2.252454 4.516825 -1.564339 19.466471 7.115484 -9.642750 -4.472376 2.252025 2.749425 -1.267127 -38.795406 5.087416 2.933713 -59.919740 2.401923 0.513663 -24.139873 5.507157 0.403998 -52.414209 5.317843 3.372538 -64.743732 1.797471 0.281863 -17.823519 5.736778 -0.074060 -61.068851 5.655914 4.270878 -74.095757 2.549101 0.582065 -25.722084 5.895275 -0.785475 -67.305203 5.570676 3.997901 -71.311519 2.937818 0.787571 -30.009037 -1.497463 0.366651 3.296602 39.394400 -17.021255 41.102736 104.915339 -0.000029 0.000020 -13.142607 -26.478075 8.815986 -4.956799 8.346204 10.300748 -19.459839 20.490477 -25.429972 -49.823296 -0.453416 -31.998190 1.501515 -1.037393 14.169831 -3.081645 1.161410 41.294186 -2.316565 0.615316 29.748240 -7.198866 3.386184 51.222792 -4.385964 6.278433 110.154088 -1.503065 0.248611 18.783751 -2.604865 -3.345628 57.162666 -4.611611 5.423264 99.261377 -3.592239 1.686059 50.276374 -3.311964 -3.989849 64.824547 -4.630209 4.045584 82.283159 -4.030054 2.309761 59.624519 4.732305 -24.723174 3.880116 -0.587539 35.824772 4.799308 -0.551944 8.707018 -16.895883 0.000000 -2.492317 -0.000000 4.702241 -41.552002 -3.976525 -103.156238 81.436714 -106.507088 0.412913 7.888814 14.869347 0.671255 -9.633214 -6.746361 
11.252341 80.234520 115.047668 -34.700906 -25.090977 11.579974 0.133239 7.872219 1.805454 5.279281 7.378229 0.378355 4.974488 7.597951 -0.700419 -2.188027 -0.257803 -3.468499 -4.448133 19.585339 8.200122 1.166571 -20.650609 0.977507 -6.416486 -38.438102 -82.570806 -65.490518 -0.000028 -0.000025 26.623941 -110.761763 -18.257763 4.317460 2.307199 4.569508 -1.564341 19.466468 7.115489 -9.642757 -4.472377 2.252025 2.784356 -1.233790 -38.734413 5.087358 2.933608 -59.918640 2.401907 0.513656 -24.139548 5.507158 0.403998 -52.414206 5.317844 3.372538 -64.743732 1.797472 0.281864 -17.823519 5.736780 -0.074059 -61.068851 5.653854 4.263717 -74.023166 2.549098 0.582065 -25.722084 5.839058 -0.955015 -67.478082 5.563139 3.975760 -71.083985 2.894724 0.762930 -29.525173 -1.396356 0.370189 3.313862 41.795652 -18.044593 38.972950 103.720206 -0.000034 0.000031 -12.042517 -26.698617 11.156732 -4.956793 8.346207 10.300749 -19.459841 20.490474 -25.429978 -49.823296 -0.453423 -31.998193 1.506868 -1.033871 14.116385 -3.065963 1.147707 41.038799 -2.316565 0.615320 29.748237 -7.198867 3.386180 51.222789 -4.385965 6.278428 110.154088 -1.503064 0.248611 18.783756 -2.604866 -3.345629 57.162673 -4.611611 5.423262 99.261377 -3.592242 1.686061 50.276374 -3.311963 -3.989850 64.824547 -4.630207 4.045582 82.283159 -4.030057 2.309763 59.624519 9.844126 -27.901311 3.940556 -3.668708 55.312153 -1.449732 0.374861 1.163785 -12.624001 -0.129761 0.156241 2.681459 2.211503 -43.622468 -3.602643 -91.398928 87.173663 -93.813953 -0.461429 2.451566 19.054167 0.158807 -9.512826 -3.104260 
11.331517 79.158485 125.370712 -39.500377 -24.865189 13.295686 -0.125571 8.223198 1.551435 5.057968 7.928189 0.437525 4.759482 8.155577 -0.633566 -1.913014 -0.594972 -3.161461 -3.131668 18.995069 7.104162 1.742982 -21.643855 1.996493 -2.619589 -35.468585 -84.079601 -72.281153 -0.000045 -0.000044 31.993491 -109.969468 -21.169434 4.516190 2.363490 4.617368 -1.564345 19.466468 7.115477 -9.642752 -4.472373 2.252018 2.819388 -1.200542 -38.673354 5.087304 2.933516 -59.917561 2.401871 0.513642 -24.139231 5.507157 0.403999 -52.414206 5.317843 3.372537 -64.743732 1.797469 0.281862 -17.823520 5.736778 -0.074059 -61.068851 5.651802 4.256555 -73.950595 2.549100 0.582065 -25.722088 5.783869 -1.124923 -67.650797 5.555486 3.953702 -70.856464 2.851424 0.738647 -29.041326 -1.311593 0.369361 3.344291 44.818229 -19.327653 37.846519 102.581464 -0.000035 0.000024 -10.159495 -26.748546 12.105181 -4.956797 8.346209 10.300749 -19.459842 20.490465 -25.429979 -49.823293 -0.453418 -31.998197 1.512219 -1.030315 14.062940 -3.050218 1.134054 40.783408 -2.316565 0.615319 29.748237 -7.198864 3.386183 51.222795 -4.385965 6.278429 110.154088 -1.503063 0.248607 18.783751 -2.604865 -3.345629 57.162666 -4.611612 5.423266 99.261384 -3.592245 1.686061 50.276374 -3.311963 -3.989851 64.824547 -4.630208 4.045577 82.283159 -4.030058 2.309762 59.624519 14.629278 -30.147246 4.078199 -12.625619 71.491740 -12.495311 0.734279 -3.274565 -10.929571 -1.005060 -8.369837 4.538178 -1.959768 -41.927017 -0.542372 -25.149113 83.008354 -27.118385 -0.723649 0.613042 17.545231 0.719459 -16.097798 -6.395574 
11.147036 78.632881 134.524353 -41.903255 -24.750642 13.946661 -0.699728 8.529079 1.308501 4.443111 8.479639 0.430820 4.159142 8.686637 -0.591676 -1.404746 -0.647879 -2.947971 -1.399303 18.685166 6.017156 2.493525 -22.792259 3.076179 -0.087812 -34.207442 -84.800972 -76.844129 -0.000024 -0.000024 33.207321 -108.389331 -20.459646 4.713671 2.421285 4.660440 -1.564348 19.466468 7.115490 -9.642752 -4.472374 2.252023 2.854450 -1.167363 -38.612272 5.087248 2.933410 -59.916496 2.401843 0.513629 -24.138875 5.507155 0.404000 -52.414209 5.317844 3.372537 -64.743732 1.797469 0.281863 -17.823520 5.736780 -0.074059 -61.068851 5.649730 4.249397 -73.877983 2.549102 0.582066 -25.722088 5.729676 -1.295169 -67.823321 5.547776 3.931626 -70.628958 2.807919 0.714730 -28.557432 -1.153868 0.383439 3.588324 47.686588 -20.249682 37.548398 101.858017 -0.000036 0.000014 -7.781671 -26.249590 10.769153 -4.956802 8.346206 10.300748 -19.459839 20.490474 -25.429976 -49.823296 -0.453420 -31.998190 1.517575 -1.026763 14.009506 -3.034402 1.120490 40.528003 -2.316563 0.615317 29.748237 -7.198866 3.386182 51.222792 -4.385966 6.278430 110.154088 -1.503067 0.248611 18.783753 -2.604866 -3.345630 57.162669 -4.611613 5.423262 99.261377 -3.592246 1.686059 50.276380 -3.311960 -3.989849 64.824554 -4.630207 4.045584 82.283159 -4.030057 2.309761 59.624519 16.051889 -32.652720 3.762504 -35.097118 82.750091 -35.913220 0.584538 -1.705807 -10.617691 -1.916175 -10.364745 5.736043 -5.216400 -37.074622 4.348913 -37.310540 75.229951 -39.138155 -2.546048 -8.752420 -0.403236 -0.000004 -13.242576 0.000006 
10.969655 78.683342 142.294037 -41.633756 -24.795559 13.302185 -1.321245 8.718009 1.308602 3.688071 8.954319 0.421859 3.435473 9.134227 -0.526427 -0.824393 -0.589638 -2.890938 0.301602 18.595701 4.960123 3.125211 -23.991758 4.436442 1.281808 -34.371711 -85.435531 -78.072778 -0.000027 -0.000041 28.564324 -107.250806 -16.132536 4.909899 2.480581 4.698771 -1.564343 19.466471 7.115487 -9.642755 -4.472371 2.252018 2.889590 -1.134286 -38.551155 5.087202 2.933333 -59.915348 2.401795 0.513600 -24.138554 5.507159 0.404002 -52.414209 5.317842 3.372536 -64.743732 1.797469 0.281862 -17.823520 5.736781 -0.074057 -61.068851 5.647649 4.242230 -73.805399 2.549103 0.582064 -25.722084 5.676478 -1.465755 -67.995728 5.539949 3.909578 -70.401444 2.764210 0.691186 -28.073546 -0.908678 0.412737 4.068597 49.973731 -20.625254 37.532603 101.233512 -0.000036 0.000023 -5.140964 -24.541751 7.752616 -4.956798 8.346210 10.300750 -19.459846 20.490475 -25.429978 -49.823296 -0.453422 -31.998193 1.522935 -1.023217 13.956070 -3.018536 1.106997 40.272616 -2.316566 0.615313 29.748240 -7.198866 3.386181 51.222792 -4.385964 6.278430 110.154088 -1.503063 0.248611 18.783753 -2.604865 -3.345629 57.162666 -4.611612 5.423262 99.261377 -3.592242 1.686060 50.276374 -3.311964 -3.989850 64.824547 -4.630208 4.045583 82.283159 -4.030047 2.309761 59.624512 16.465187 -35.699964 5.493534 -62.625308 88.691728 -63.142941 0.347915 1.264674 -7.340296 -0.108596 -1.965793 0.310572 -3.800548 -33.587554 5.688947 -39.509707 74.202123 -42.895664 -10.468785 -12.972233 -5.360899 0.000017 -14.525931 -0.000006 
11.046095 78.941376 148.949371 -39.296124 -24.829305 11.626293 -1.800771 8.758425 1.675955 3.018895 9.306570 0.441180 2.813201 9.466424 -0.433600 -0.362850 -0.608043 -2.916085 1.556173 18.657690 4.022883 3.373828 -25.139145 6.302754 1.956147 -34.946103 -86.310621 -76.294026 -0.000018 -0.000033 20.365958 -108.122967 -11.416067 5.104686 2.541298 4.732352 -1.564345 19.466469 7.115482 -9.642751 -4.472376 2.252022 2.924779 -1.101279 -38.489964 5.087129 2.933212 -59.914290 2.401790 0.513609 -24.138247 5.507155 0.403999 -52.414202 5.317843 3.372532 -64.743732 1.797471 0.281864 -17.823520 5.736777 -0.074057 -61.068851 5.645560 4.235067 -73.732841 2.549099 0.582063 -25.722086 5.624306 -1.636717 -68.167965 5.532061 3.887594 -70.173917 2.720308 0.668005 -27.589639 -0.564961 0.452592 4.718617 51.636742 -20.792843 37.190537 100.126571 -0.000031 0.000028 -2.723922 -21.329496 4.827119 -4.956798 8.346203 10.300745 -19.459841 20.490475 -25.429976 -49.823300 -0.453422 -31.998190 1.528324 -1.019654 13.902624 -3.002615 1.093563 40.017225 -2.316564 0.615311 29.748237 -7.198869 3.386178 51.222789 -4.385967 6.278433 110.154094 -1.503062 0.248611 18.783751 -2.604864 -3.345629 57.162669 -4.611613 5.423268 99.261377 -3.592243 1.686061 50.276370 -3.311963 -3.989850 64.824554 -4.630207 4.045577 82.283159 -4.030056 2.309762 59.624519 16.641643 -39.150364 9.708205 -132.212409 98.230298 -131.350220 0.470076 1.380566 -2.083767 0.441912 14.664903 -6.060300 -1.473957 -31.704919 4.893745 -51.519639 77.199886 -56.487372 -16.205204 -16.706885 -0.074477 0.000020 -14.767134 0.000001 
11.458625 79.018356 154.984528 -36.156727 -24.560214 9.624163 -1.993881 8.629384 2.305173 2.657638 9.505265 0.458096 2.502706 9.655501 -0.376146 -0.202519 -0.802017 -2.911863 2.011781 18.749674 3.432332 3.482239 -26.240115 7.733530 1.358769 -35.610206 -86.350912 -72.363054 -0.000018 -0.000022 13.386904 -111.449460 -10.429229 5.297984 2.603423 4.761216 -1.564343 19.466466 7.115485 -9.642751 -4.472374 2.252019 2.960017 -1.068367 -38.428762 5.087083 2.933120 -59.913224 2.401746 0.513589 -24.137894 5.507159 0.403995 -52.414206 5.317843 3.372534 -64.743732 1.797470 0.281863 -17.823519 5.736775 -0.074057 -61.068858 5.643444 4.227917 -73.660237 2.549100 0.582066 -25.722088 5.573115 -1.808006 -68.340079 5.524054 3.865606 -69.946424 2.676225 0.645212 -27.105713 -0.075690 0.500425 5.467683 52.550086 -21.158326 36.251407 98.532220 -0.000032 0.000022 -1.153222 -17.081644 3.522605 -4.956801 8.346206 10.300747 -19.459844 20.490475 -25.429974 -49.823303 -0.453420 -31.998193 1.533716 -1.016106 13.849194 -2.986640 1.080203 39.761813 -2.316566 0.615318 29.748237 -7.198867 3.386182 51.222792 -4.385968 6.278432 110.154088 -1.503061 0.248612 18.783749 -2.604867 -3.345629 57.162666 -4.611610 5.423262 99.261377 -3.592239 1.686059 50.276374 -3.311964 -3.989849 64.824547 -4.630206 4.045582 82.283159 -4.030052 2.309761 59.624512 19.867209 -40.426288 10.736250 -156.476724 115.151334 -153.932697 2.020370 0.001667 -0.813694 0.000003 11.743100 -0.000002 0.039157 -29.034885 2.546157 -61.217107 78.289623 -66.331150 -18.225766 -20.386206 6.817584 0.000001 -14.752529 0.000007 
12.085320 78.762466 160.765030 -33.543360 -23.858720 8.057674 -1.793767 8.345166 2.889351 2.815267 9.560252 0.386331 2.694156 9.707370 -0.469752 -0.459833 -1.103431 -2.794936 1.484223 18.662169 3.486099 3.404557 -27.230149 8.409107 -0.612829 -36.567446 -85.291243 -67.127529 -0.000018 -0.000022 8.915147 -116.316209 -13.029243 5.489652 2.666899 4.785391 -1.564339 19.466469 7.115481 -9.642754 -4.472372 2.252016 2.995323 -1.035540 -38.367526 5.087018 2.933027 -59.912131 2.401707 0.513564 -24.137568 5.507158 0.404001 -52.414213 5.317843 3.372535 -64.743732 1.797469 0.281864 -17.823519 5.736780 -0.074057 -61.068858 5.641349 4.220759 -73.587686 2.549099 0.582066 -25.722088 5.522927 -1.979627 -68.512063 5.515998 3.843665 -69.718890 2.631934 0.622772 -26.621774 0.590793 0.549920 6.233024 52.388497 -21.903517 34.963779 97.098803 -0.000030 0.000021 -0.728135 -12.638790 4.118546 -4.956796 8.346207 10.300748 -19.459844 20.490472 -25.429971 -49.823300 -0.453418 -31.998193 1.539127 -1.012558 13.795770 -2.970584 1.066910 39.506405 -2.316565 0.615316 29.748237 -7.198868 3.386177 51.222792 -4.385965 6.278432 110.154088 -1.503064 0.248611 18.783753 -2.604868 -3.345629 57.162666 -4.611611 5.423264 99.261377 -3.592238 1.686063 50.276377 -3.311963 -3.989851 64.824547 -4.630208 4.045581 82.283159 -4.030055 2.309763 59.624512 27.338549 -35.119122 7.446102 -167.544253 143.952466 -164.750679 0.288110 11.035970 -4.755320 0.000002 6.297289 -0.000001 1.624389 -26.332635 -0.204567 -69.660847 78.835519 -74.721300 -19.495931 -23.511299 14.056685 0.000006 -14.708666 0.000007 
12.761595 78.050034 166.764801 -32.195029 -22.848492 7.038749 -1.179876 8.017896 3.368170 3.563758 9.569119 0.144965 3.439579 9.713399 -0.803594 -1.089080 -1.295717 -2.562435 0.143004 18.182346 4.329168 3.078260 -28.065683 8.107033 -3.728716 -37.921804 -83.269049 -61.506700 -0.000005 -0.000040 6.130414 -121.310088 -17.011148 5.679596 2.731689 4.804910 -1.564343 19.466469 7.115485 -9.642752 -4.472373 2.252018 3.030698 -1.002814 -38.306238 5.086977 2.932940 -59.911045 2.401708 0.513562 -24.137245 5.507159 0.403995 -52.414206 5.317843 3.372537 -64.743732 1.797469 0.281864 -17.823520 5.736780 -0.074059 -61.068851 5.639228 4.213600 -73.515102 2.549100 0.582065 -25.722084 5.473767 -2.151581 -68.683870 5.507824 3.821773 -69.491396 2.587450 0.600710 -26.137824 1.345222 0.588843 6.862121 50.973036 -23.114759 33.910964 96.236491 -0.000022 0.000020 -0.976174 -8.578547 6.204658 -4.956801 8.346206 10.300747 -19.459844 20.490474 -25.429967 -49.823300 -0.453420 -31.998190 1.544553 -1.009008 13.742342 -2.954481 1.053710 39.251004 -2.316563 0.615316 29.748237 -7.198869 3.386181 51.222792 -4.385964 6.278426 110.154088 -1.503061 0.248610 18.783756 -2.604862 -3.345628 57.162666 -4.611612 5.423262 99.261377 -3.592235 1.686056 50.276374 -3.311966 -3.989850 64.824547 -4.630209 4.045587 82.283152 -4.030056 2.309761 59.624512 34.929068 -33.057320 5.393881 -171.105186 155.757246 -169.260147 -0.360346 19.590974 -1.601660 0.000004 3.717135 -0.000007 4.193509 -25.103641 -2.248752 -87.218743 78.679312 -92.876345 -19.597741 -23.674527 18.118021 0.000007 -15.699620 0.000002 
13.301497 77.217651 173.026123 -32.082652 -21.719870 6.573974 -0.323144 7.825592 3.537588 4.677021 9.700446 -0.236942 4.511171 9.837707 -1.315837 -1.819592 -1.178916 -2.351526 -1.442354 17.232619 5.729248 2.498033 -28.775064 6.819493 -7.306332 -40.413034 -80.711560 -56.511459 -0.000018 -0.000003 4.570880 -123.778928 -19.316653 5.867719 2.797767 4.819829 -1.564339 19.466468 7.115485 -9.642749 -4.472374 2.252021 3.066119 -0.970142 -38.244903 5.086908 2.932838 -59.909987 2.401659 0.513543 -24.136910 5.507158 0.403999 -52.414202 5.317843 3.372530 -64.743732 1.797472 0.281864 -17.823519 5.736778 -0.074059 -61.068851 5.637112 4.206476 -73.442538 2.549102 0.582065 -25.722086 5.425607 -2.323844 -68.855574 5.499591 3.799911 -69.263903 2.542787 0.579044 -25.653861 1.938046 0.610878 7.136672 48.719473 -24.952436 33.502351 96.062560 -0.000028 0.000032 -1.321384 -6.425498 8.164267 -4.956799 8.346203 10.300742 -19.459844 20.490474 -25.429976 -49.823293 -0.453422 -31.998193 1.549973 -1.005444 13.688919 -2.938316 1.040544 38.995602 -2.316560 0.615313 29.748240 -7.198868 3.386178 51.222792 -4.385965 6.278432 110.154088 -1.503060 0.248608 18.783753 -2.604866 -3.345630 57.162666 -4.611612 5.423265 99.261384 -3.592239 1.686057 50.276377 -3.311961 -3.989852 64.824547 -4.630208 4.045589 82.283159 -4.030052 2.309761 59.624519 39.501036 -37.172881 4.926689 -175.386567 149.289781 -173.383273 0.437609 19.742814 2.830167 -0.000003 1.971367 0.000001 9.424965 -26.645169 -4.343294 -113.039897 76.310664 -120.141347 -15.102732 -14.254289 17.755102 -0.562744 -23.747325 6.150930 
13.675331 76.689011 179.049301 -32.640282 -20.536968 6.519337 0.485930 7.914574 3.405603 5.651996 10.077422 -0.574749 5.432381 10.202765 -1.749799 -2.235865 -0.781570 -2.428128 -2.549426 15.907268 7.125617 1.697003 -29.442070 4.867835 -9.066566 -41.194920 -78.588908 -58.012376 -0.000008 -0.000009 6.616983 -124.233109 -19.924773 6.053930 2.865113 4.830142 -1.564341 19.466468 7.115487 -9.642754 -4.472373 2.252025 3.101589 -0.937556 -38.183561 5.086847 2.932734 -59.908887 2.401601 0.513518 -24.136575 5.507159 0.404003 -52.414209 5.317844 3.372538 -64.743732 1.797468 0.281863 -17.823520 5.736781 -0.074053 -61.068851 5.634969 4.199321 -73.369960 2.549103 0.582065 -25.722086 5.378464 -2.496433 -69.027149 5.491241 3.778062 -69.036397 2.497953 0.557734 -25.169889 2.083158 0.618834 6.885207 46.379737 -27.214301 33.792972 98.638006 -0.000027 0.000014 -3.514593 -5.251893 10.338686 -4.956800 8.346203 10.300744 -19.459841 20.490477 -25.429978 -49.823300 -0.453420 -31.998190 1.555412 -1.001887 13.635509 -2.922088 1.027489 38.740188 -2.316562 0.615308 29.748237 -7.198868 3.386179 51.222792 -4.385964 6.278429 110.154088 -1.503059 0.248608 18.783749 -2.604866 -3.345632 57.162669 -4.611611 5.423265 99.261384 -3.592238 1.686060 50.276380 -3.311967 -3.989851 64.824547 -4.630207 4.045587 82.283159 -4.030049 2.309763 59.624519 42.108581 -41.410798 5.677569 -181.481828 138.954379 -179.705706 1.292686 16.974352 4.594306 -0.000002 0.832027 0.000003 15.248138 -26.693122 -5.995609 -125.006874 75.108230 -133.104445 -10.526162 -3.013703 16.624018 -4.378256 -36.123464 15.014895 
13.930557 76.718880 184.335800 -33.187858 -19.212340 6.603029 0.980339 8.278804 3.202129 6.015922 10.674657 -0.648354 5.768770 10.786122 -1.814935 -1.978025 -0.328896 -2.964706 -2.515447 14.237490 8.033471 0.735818 -30.143742 2.758945 -7.849050 -40.054060 -77.231565 -65.660179 -0.000008 -0.000007 11.246507 -124.019214 -19.054898 6.238124 2.933633 4.835885 -1.564345 19.466466 7.115484 -9.642752 -4.472373 2.252022 3.137150 -0.905060 -38.122151 5.086798 2.932642 -59.907808 2.401595 0.513513 -24.136254 5.507158 0.404001 -52.414206 5.317844 3.372540 -64.743732 1.797470 0.281863 -17.823520 5.736777 -0.074054 -61.068851 5.632833 4.192181 -73.297362 2.549099 0.582065 -25.722083 5.332332 -2.669368 -69.198593 5.482820 3.756249 -68.808903 2.452932 0.536807 -24.685875 1.682782 0.606657 6.127580 45.904315 -29.869705 34.111829 102.983803 -0.000030 0.000032 -7.688050 -4.012109 12.681193 -4.956797 8.346205 10.300748 -19.459841 20.490475 -25.429972 -49.823300 -0.453421 -31.998193 1.560870 -0.998335 13.582102 -2.905824 1.014475 38.484776 -2.316564 0.615307 29.748237 -7.198866 3.386184 51.222792 -4.385961 6.278425 110.154088 -1.503058 0.248609 18.783754 -2.604863 -3.345630 57.162669 -4.611612 5.423270 99.261377 -3.592239 1.686060 50.276374 -3.311962 -3.989849 64.824547 -4.630205 4.045583 82.283159 -4.030049 2.309760 59.624519 44.053173 -43.538815 6.025251 -187.132908 132.791240 -185.877533 1.948669 14.093176 5.717347 -0.000005 -0.000001 0.000008 18.155003 -24.449962 -4.693882 -126.430558 75.877473 -134.917970 -13.198674 -2.805291 17.188350 -6.444921 -36.734369 18.737026 
14.165949 77.489151 188.744293 -33.278451 -17.611040 6.348909 1.092778 8.739600 3.307006 5.718483 11.341597 -0.394830 5.486630 11.443827 -1.440781 -1.072677 -0.053589 -3.879539 -1.342290 12.387183 8.387722 -0.232269 -30.911220 0.900255 -5.011711 -39.047461 -75.784630 -73.048484 -0.000013 -0.000018 15.000204 -123.760104 -16.548927 6.420182 3.003297 4.837146 -1.564343 19.466473 7.115481 -9.642748 -4.472373 2.252023 3.172743 -0.872679 -38.060707 5.086736 2.932548 -59.906708 2.401557 0.513500 -24.135915 5.507159 0.403998 -52.414209 5.317844 3.372538 -64.743732 1.797471 0.281863 -17.823520 5.736780 -0.074058 -61.068851 5.630680 4.185049 -73.224785 2.549101 0.582065 -25.722088 5.287195 -2.842597 -69.369928 5.474308 3.734478 -68.581397 2.407739 0.516271 -24.201857 0.961893 0.563339 5.141223 48.596048 -32.472389 33.578238 105.682349 -0.000029 0.000023 -12.048867 -3.301190 14.252564 -4.956795 8.346208 10.300749 -19.459839 20.490482 -25.429974 -49.823300 -0.453422 -31.998197 1.566355 -0.994768 13.528703 -2.889483 1.001561 38.229358 -2.316564 0.615319 29.748237 -7.198864 3.386183 51.222792 -4.385964 6.278430 110.154088 -1.503059 0.248614 18.783753 -2.604862 -3.345626 57.162673 -4.611608 5.423266 99.261377 -3.592238 1.686060 50.276377 -3.311961 -3.989848 64.824547 -4.630206 4.045579 82.283159 -4.030051 2.309759 59.624519 44.373796 -44.822242 5.908831 -187.954976 127.060288 -186.984215 1.618554 8.303633 5.177677 0.000002 -0.000048 -0.000003 17.167168 -24.535083 -2.710010 -128.446639 78.117550 -136.841023 -18.877169 -5.658908 13.814321 -6.052282 -32.055768 20.187760 
14.428394 79.000061 192.220108 -32.957865 -15.660526 5.695871 1.058006 9.052103 3.658259 5.211709 11.894651 0.036107 5.016081 11.999756 -0.852896 0.006310 -0.002298 -4.824482 0.219021 10.697857 8.526198 -1.062942 -31.756223 0.076715 -2.639149 -38.646494 -73.997607 -78.150287 -0.000027 -0.000054 17.615702 -124.082080 -13.371718 6.600030 3.074082 4.833905 -1.564346 19.466468 7.115481 -9.642753 -4.472372 2.252020 3.208407 -0.840358 -37.999252 5.086687 2.932450 -59.905643 2.401532 0.513489 -24.135590 5.507159 0.404002 -52.414209 5.317843 3.372538 -64.743732 1.797470 0.281863 -17.823520 5.736781 -0.074056 -61.068851 5.628524 4.177917 -73.152200 2.549102 0.582065 -25.722088 5.243085 -3.016144 -69.541161 5.465708 3.712738 -68.353904 2.362375 0.496113 -23.717825 0.584148 0.528219 4.572339 52.398087 -34.289162 31.906013 107.354161 -0.000040 0.000022 -16.547381 -3.723463 14.616885 -4.956795 8.346214 10.300751 -19.459839 20.490475 -25.429978 -49.823296 -0.453416 -31.998197 1.571809 -0.991211 13.475305 -2.873067 0.988711 37.973956 -2.316562 0.615317 29.748233 -7.198872 3.386184 51.222792 -4.385965 6.278431 110.154088 -1.503060 0.248610 18.783753 -2.604866 -3.345624 57.162669 -4.611612 5.423267 99.261384 -3.592244 1.686059 50.276377 -3.311966 -3.989849 64.824554 -4.630206 4.045587 82.283159 -4.030053 2.309760 59.624519 45.044353 -44.731968 5.139522 -188.511636 125.490219 -187.565450 1.446573 4.815889 4.822265 -0.000001 -0.000027 -0.000001 14.465007 -25.918691 -1.318119 -123.112725 79.649889 -130.525106 -23.982275 -12.342872 10.014989 -2.009382 -23.681557 11.292106 
14.710159 81.002785 194.893799 -32.541063 -13.497464 4.776518 1.183629 9.038924 4.044032 5.072848 12.202250 0.402520 4.893953 12.325060 -0.395551 0.724905 0.002182 -5.317885 1.447481 9.256124 8.831650 -1.946128 -32.657983 0.340778 -2.764385 -39.160429 -71.541177 -79.701348 -0.000026 -0.000033 19.252331 -124.593319 -10.234658 6.777543 3.145922 4.826198 -1.564341 19.466469 7.115483 -9.642750 -4.472377 2.252025 3.244136 -0.808137 -37.937732 5.086624 2.932356 -59.904522 2.401510 0.513474 -24.135262 5.507161 0.403998 -52.414209 5.317842 3.372536 -64.743732 1.797469 0.281862 -17.823522 5.736779 -0.074057 -61.068851 5.626351 4.170790 -73.079630 2.549099 0.582065 -25.722086 5.199996 -3.189991 -69.712257 5.457044 3.691053 -68.126404 2.316825 0.476333 -23.233778 0.731039 0.530911 4.527208 54.794913 -35.376613 30.003716 108.743373 -0.000043 0.000030 -21.014752 -5.762618 13.814221 -4.956795 8.346206 10.300748 -19.459839 20.490475 -25.429972 -49.823296 -0.453424 -31.998197 1.577309 -0.987667 13.421892 -2.856635 0.975939 37.718521 -2.316564 0.615320 29.748233 -7.198867 3.386179 51.222795 -4.385963 6.278430 110.154088 -1.503061 0.248613 18.783749 -2.604863 -3.345630 57.162666 -4.611614 5.423263 99.261384 -3.592241 1.686058 50.276380 -3.311960 -3.989848 64.824547 -4.630209 4.045584 82.283159 -4.030056 2.309761 59.624519 45.790927 -43.908431 4.095234 -188.483756 126.689272 -187.439556 1.366860 3.064673 4.536093 0.000000 -0.000020 -0.000009 12.165160 -26.780784 -0.739241 -101.460459 80.959182 -107.241258 -26.028785 -18.769908 7.630762 -0.159253 -14.955614 3.169681 
14.967300 83.201622 196.956207 -32.303427 -11.386118 3.841590 1.575221 8.697773 4.187074 5.527985 12.259762 0.529083 5.322219 12.411622 -0.290264 0.875659 0.177556 -5.072014 2.158344 7.869549 9.388689 -2.907797 -33.535870 1.067789 -6.198422 -40.990206 -68.384639 -77.392573 -0.000022 -0.000026 19.722076 -124.318240 -6.895819 6.952665 3.218791 4.814105 -1.564339 19.466469 7.115486 -9.642755 -4.472375 2.252025 3.279913 -0.775982 -37.876162 5.086578 2.932257 -59.903457 2.401473 0.513460 -24.134911 5.507155 0.404001 -52.414213 5.317844 3.372536 -64.743732 1.797470 0.281864 -17.823520 5.736777 -0.074056 -61.068851 5.624165 4.163673 -73.007038 2.549103 0.582065 -25.722088 5.157911 -3.364126 -69.883238 5.448261 3.669382 -67.898917 2.271121 0.456941 -22.749735 0.444682 -0.953026 4.350007 54.439108 -35.329956 29.946261 109.966496 -0.000028 0.000024 -24.871760 -10.098259 11.855298 -4.956796 8.346206 10.300746 -19.459842 20.490472 -25.429976 -49.823296 -0.453420 -31.998190 1.582808 -0.984095 13.368494 -2.840123 0.963217 37.463116 -2.316567 0.615312 29.748237 -7.198866 3.386183 51.222795 -4.385965 6.278431 110.154088 -1.503064 0.248609 18.783754 -2.604863 -3.345627 57.162676 -4.611611 5.423264 99.261377 -3.592240 1.686060 50.276374 -3.311962 -3.989848 64.824554 -4.630206 4.045585 82.283159 -4.030054 2.309763 59.624519 46.374963 -42.548182 3.134580 -187.858506 129.595094 -186.693946 1.340600 2.533283 4.184534 0.000002 -0.000005 -0.000002 11.129666 -26.747502 -0.435830 -62.643770 80.057829 -66.583717 -25.836770 -22.837593 7.442723 0.000001 -10.525300 -0.000014 
15.152969 85.381882 198.606369 -32.307481 -9.542674 3.048702 2.094185 8.196483 3.942556 6.335656 12.191497 0.390706 6.067948 12.376130 -0.526235 0.655012 0.588944 -4.184536 2.671214 6.246982 9.975215 -3.902524 -34.356145 2.084187 -12.126414 -43.848916 -64.632782 -72.128034 -0.000015 -0.000025 18.883911 -123.187106 -3.058258 7.125263 3.292626 4.797644 -1.564341 19.466471 7.115481 -9.642752 -4.472374 2.252018 3.315748 -0.743932 -37.814598 5.086517 2.932164 -59.902378 2.401422 0.513442 -24.134607 5.507161 0.403999 -52.414202 5.317843 3.372537 -64.743732 1.797470 0.281865 -17.823514 5.736783 -0.074058 -61.068858 5.621988 4.156526 -72.934461 2.549102 0.582066 -25.722088 5.116856 -3.538567 -70.054095 5.439401 3.647733 -67.671445 2.225271 0.437941 -22.265665 -0.729042 -4.849020 3.773687 51.917450 -33.651372 32.200524 110.868560 -0.000019 0.000029 -27.669250 -16.805037 9.084555 -4.956800 8.346205 10.300749 -19.459834 20.490475 -25.429971 -49.823293 -0.453423 -31.998193 1.588316 -0.980516 13.315095 -2.823560 0.950572 37.207708 -2.316567 0.615317 29.748237 -7.198867 3.386180 51.222795 -4.385962 6.278432 110.154094 -1.503059 0.248610 18.783754 -2.604863 -3.345630 57.162673 -4.611612 5.423260 99.261377 -3.592244 1.686060 50.276374 -3.311965 -3.989852 64.824554 -4.630207 4.045581 82.283159 -4.030055 2.309762 59.624512 46.702634 -40.714621 2.452199 -186.904138 133.475079 -185.651577 1.342166 2.792065 3.730677 0.000000 -0.000029 0.000003 11.321493 -26.259180 -0.185263 -36.594449 74.333727 -38.293766 -24.730122 -24.900317 8.993121 0.000025 -8.515546 0.000002 
15.230421 87.436424 199.991928 -32.458862 -8.079041 2.421915 2.524381 7.737621 3.353959 7.058834 12.145211 0.089740 6.723423 12.356432 -0.926130 0.417079 1.030988 -3.050823 3.379467 4.136309 10.238652 -4.870983 -35.094977 3.212938 -18.820837 -47.057374 -60.493134 -65.574802 -0.000026 -0.000047 16.773833 -121.431980 1.534348 7.295269 3.367372 4.776844 -1.564343 19.466471 7.115484 -9.642754 -4.472374 2.252019 3.351625 -0.711957 -37.752962 5.086464 2.932067 -59.901264 2.401397 0.513429 -24.134269 5.507157 0.403999 -52.414206 5.317843 3.372536 -64.743732 1.797470 0.281863 -17.823524 5.736780 -0.074058 -61.068851 5.619787 4.149398 -72.861904 2.549099 0.582064 -25.722088 5.076775 -3.713301 -70.224925 5.430478 3.626129 -67.443952 2.179256 0.419333 -21.781577 -2.432383 -10.289996 2.965657 49.290661 -30.635465 35.285358 111.204291 -0.000038 0.000023 -29.216899 -24.981398 6.008667 -4.956794 8.346203 10.300743 -19.459841 20.490474 -25.429978 -49.823296 -0.453421 -31.998193 1.593846 -0.976960 13.261693 -2.806929 0.938040 36.952293 -2.316565 0.615318 29.748237 -7.198867 3.386181 51.222792 -4.385967 6.278430 110.154088 -1.503062 0.248608 18.783753 -2.604864 -3.345629 57.162669 -4.611612 5.423264 99.261377 -3.592237 1.686059 50.276374 -3.311963 -3.989849 64.824547 -4.630207 4.045580 82.283159 -4.030055 2.309763 59.624519 46.782947 -38.460536 2.112670 -185.925085 137.928867 -184.616803 1.354791 3.572878 3.206327 -0.000005 -0.000017 0.000002 11.930689 -24.808304 -0.133797 -24.437324 66.432271 -23.816491 -24.510699 -25.494154 11.273139 -0.000003 -6.428513 -0.000010 
15.190640 89.316986 201.230057 -32.641016 -6.987223 1.905896 2.731602 7.416803 2.578384 7.398103 12.187451 -0.240096 7.016361 12.410891 -1.299630 0.425984 1.302033 -2.006201 4.503021 1.683259 10.155343 -5.954153 -35.684057 4.636601 -24.279427 -49.844764 -56.717884 -59.552590 -0.000008 -0.000012 13.878130 -119.420202 6.661027 7.462578 3.442978 4.751789 -1.564345 19.466468 7.115485 -9.642750 -4.472375 2.252022 3.387569 -0.680079 -37.691303 5.086404 2.931984 -59.900192 2.401371 0.513414 -24.133944 5.507155 0.403999 -52.414206 5.317843 3.372537 -64.743725 1.797470 0.281866 -17.823520 5.736776 -0.074058 -61.068851 5.617565 4.142269 -72.789319 2.549099 0.582066 -25.722084 5.037748 -3.888318 -70.395625 5.421456 3.604569 -67.216472 2.133060 0.401104 -21.297484 -4.328581 -16.403428 2.060979 48.019549 -26.917728 38.324752 110.806610 -0.000028 0.000019 -29.456786 -33.459720 2.872194 -4.956796 8.346206 10.300741 -19.459839 20.490475 -25.429971 -49.823296 -0.453422 -31.998190 1.599377 -0.973371 13.208317 -2.790261 0.925533 36.696858 -2.316565 0.615316 29.748237 -7.198867 3.386181 51.222792 -4.385965 6.278430 110.154088 -1.503060 0.248611 18.783751 -2.604864 -3.345630 57.162669 -4.611612 5.423264 99.261377 -3.592242 1.686060 50.276377 -3.311961 -3.989850 64.824547 -4.630207 4.045586 82.283159 -4.030052 2.309762 59.624512 46.675829 -35.902486 2.091816 -185.099930 142.695533 -183.745845 1.366956 4.684096 2.651746 -0.000003 -0.000008 0.000002 12.255986 -22.553635 -0.332918 -18.822833 58.450997 -16.206859 -24.726292 -24.755449 13.466215 0.000002 -4.759818 0.000001 
15.056408 90.986320 202.402252 -32.820558 -6.204111 1.436900 2.722139 7.201241 1.784564 7.323545 12.296867 -0.515114 6.927204 12.516336 -1.550231 0.720154 1.292645 -1.223960 5.951418 -0.811582 9.839809 -6.689012 -36.206181 5.522984 -28.490939 -51.710368 -53.188671 -54.782447 -0.000021 -0.000024 10.581904 -117.469227 11.948122 7.627118 3.519420 4.722484 -1.564339 19.466469 7.115484 -9.642754 -4.472372 2.252021 3.423574 -0.648280 -37.629585 5.086362 2.931867 -59.899113 2.401355 0.513409 -24.133608 5.507153 0.403999 -52.414206 5.317842 3.372538 -64.743732 1.797469 0.281864 -17.823520 5.736779 -0.074059 -61.068851 5.615360 4.135166 -72.716742 2.549101 0.582064 -25.722084 4.999717 -4.063614 -70.566216 5.412338 3.583037 -66.989000 2.086749 0.383266 -20.813396 -6.122075 -22.304432 1.152861 48.330152 -23.332123 41.138544 109.699477 -0.000034 0.000010 -28.401267 -41.117746 -0.263637 -4.956801 8.346204 10.300748 -19.459841 20.490475 -25.429978 -49.823293 -0.453417 -31.998197 1.604924 -0.969829 13.154926 -2.773537 0.913129 36.441429 -2.316564 0.615317 29.748237 -7.198867 3.386181 51.222792 -4.385965 6.278429 110.154088 -1.503061 0.248610 18.783754 -2.604863 -3.345629 57.162666 -4.611611 5.423262 99.261377 -3.592239 1.686060 50.276374 -3.311962 -3.989850 64.824547 -4.630207 4.045584 82.283159 -4.030054 2.309763 59.624519 46.446987 -33.212433 2.343703 -184.441978 147.508454 -183.055053 1.370723 5.946037 2.087683 0.000005 -0.000026 0.000001 11.623483 -20.241737 -0.804371 -16.355842 52.632816 -12.530566 -24.159580 -22.926307 14.771343 -0.000013 -4.072366 0.000001 
14.880285 92.443810 203.566116 -33.046224 -5.682036 0.951085 2.599404 7.014333 1.120959 6.992357 12.427556 -0.715532 6.606643 12.631573 -1.678751 1.171280 1.033127 -0.715895 7.437681 -3.108143 9.389402 -7.064696 -36.646144 5.860371 -29.554789 -51.375225 -51.908666 -54.496454 -0.000015 -0.000019 9.723293 -115.858231 15.094831 7.788791 3.596594 4.689005 -1.564343 19.466473 7.115485 -9.642754 -4.472378 2.252021 3.459642 -0.616585 -37.567857 5.086297 2.931789 -59.898000 2.401311 0.513384 -24.133276 5.507155 0.403999 -52.414209 5.317843 3.372537 -64.743732 1.797471 0.281865 -17.823515 5.736779 -0.074059 -61.068851 5.613138 4.128045 -72.644184 2.549099 0.582063 -25.722086 4.962736 -4.239199 -70.736752 5.403140 3.561553 -66.761541 2.040275 0.365827 -20.329257 -7.259283 -26.106795 0.508403 48.914721 -20.347624 43.453155 109.393314 -0.000023 0.000022 -26.064270 -45.828930 -3.264734 -4.956798 8.346204 10.300747 -19.459837 20.490472 -25.429978 -49.823300 -0.453420 -31.998193 1.610489 -0.966244 13.101542 -2.756758 0.900790 36.186004 -2.316565 0.615316 29.748240 -7.198866 3.386180 51.222799 -4.385965 6.278431 110.154088 -1.503061 0.248611 18.783749 -2.604865 -3.345629 57.162669 -4.611610 5.423264 99.261384 -3.592240 1.686060 50.276377 -3.311964 -3.989851 64.824554 -4.630207 4.045581 82.283159 -4.030054 2.309762 59.624519 46.153115 -30.510660 2.852653 -183.874020 152.173609 -182.496726 1.362092 7.210896 1.525294 -0.000001 -0.000007 -0.000002 10.054024 -17.602854 -0.869598 -14.821468 47.919231 -10.384905 -21.869835 -21.873560 13.219274 0.000003 -3.996135 -0.000003 
14.697577 93.677261 204.735977 -33.385391 -5.412833 0.453875 2.473373 6.826678 0.637194 6.583348 12.564664 -0.857899 6.220014 12.748537 -1.730602 1.627684 0.632610 -0.397012 8.712764 -5.113652 8.845214 -7.308688 -36.962344 6.163219 -29.110095 -50.518135 -51.780439 -55.439990 -0.000023 -0.000032 9.342292 -114.531023 17.558641 7.947505 3.674501 4.651378 -1.564344 19.466464 7.115484 -9.642755 -4.472375 2.252021 3.495760 -0.584959 -37.506061 5.086253 2.931685 -59.896941 2.401285 0.513369 -24.132921 5.507159 0.403999 -52.414206 5.317845 3.372538 -64.743732 1.797470 0.281862 -17.823519 5.736777 -0.074058 -61.068851 5.610909 4.120931 -72.571593 2.549102 0.582067 -25.722083 4.926751 -4.415027 -70.907192 5.393860 3.540093 -66.534047 1.993627 0.348772 -19.845113 -8.031876 -28.768996 0.036370 49.854862 -18.102305 45.313985 109.105776 -0.000027 0.000021 -23.536726 -49.055518 -6.037138 -4.956797 8.346206 10.300747 -19.459841 20.490474 -25.429969 -49.823293 -0.453417 -31.998190 1.616035 -0.962656 13.048194 -2.739904 0.888533 35.930572 -2.316563 0.615317 29.748237 -7.198868 3.386180 51.222792 -4.385965 6.278429 110.154081 -1.503060 0.248610 18.783754 -2.604865 -3.345629 57.162673 -4.611612 5.423262 99.261377 -3.592240 1.686060 50.276380 -3.311964 -3.989849 64.824547 -4.630207 4.045581 82.283159 -4.030055 2.309762 59.624519 45.863064 -27.884220 3.573098 -183.323534 156.462517 -182.004529 1.340401 8.340510 0.955314 -0.000001 -0.000007 0.000003 8.558729 -14.845182 -0.860416 -13.682249 43.398240 -8.694984 -19.664620 -20.790083 11.882085 -0.000007 -3.843568 0.000000 
14.535051 94.658150 205.886627 -33.867691 -5.404674 0.013446 2.392662 6.670397 0.293593 6.176527 12.731640 -0.966788 5.837337 12.894977 -1.748109 2.024174 0.195995 -0.172020 9.737750 -6.822526 8.247308 -7.352976 -37.190090 6.292703 -28.981080 -50.269407 -51.490208 -54.969397 -0.000031 -0.000024 7.166200 -113.408522 21.060931 8.103180 3.753067 4.609641 -1.564337 19.466469 7.115485 -9.642753 -4.472375 2.252017 3.531954 -0.553414 -37.444245 5.086167 2.931584 -59.895848 2.401252 0.513357 -24.132650 5.507156 0.403999 -52.414209 5.317842 3.372537 -64.743732 1.797473 0.281862 -17.823515 5.736780 -0.074059 -61.068851 5.608660 4.113810 -72.499009 2.549102 0.582067 -25.722084 4.891793 -4.591155 -71.077571 5.384505 3.518672 -66.306568 1.946865 0.332117 -19.360964 -8.736894 -31.257650 -0.415373 51.291808 -16.607511 47.088017 108.276844 -0.000041 0.000006 -21.484871 -51.921220 -8.675992 -4.956803 8.346208 10.300747 -19.459841 20.490472 -25.429978 -49.823303 -0.453423 -31.998197 1.621626 -0.959109 12.994801 -2.723014 0.876345 35.675140 -2.316565 0.615317 29.748240 -7.198868 3.386181 51.222792 -4.385965 6.278430 110.154088 -1.503060 0.248611 18.783753 -2.604866 -3.345629 57.162673 -4.611611 5.423263 99.261384 -3.592242 1.686060 50.276370 -3.311965 -3.989850 64.824547 -4.630207 4.045583 82.283159 -4.030053 2.309761 59.624519 45.637842 -25.444608 4.440863 -182.768786 160.047971 -181.594048 1.309028 9.175357 0.408380 -0.000000 -0.000013 0.000004 7.318689 -12.086031 -0.876252 -12.860742 39.314644 -7.381433 -17.656181 -19.765727 10.832956 0.000015 -3.639573 0.000001 
14.403241 95.367561 206.985138 -34.469923 -5.646432 -0.295939 2.324547 6.592588 0.027977 5.736661 12.961519 -1.057720 5.421206 13.104660 -1.749231 2.398425 -0.210946 0.001242 10.664472 -8.205763 7.691489 -7.265025 -37.324607 6.303064 -28.084117 -49.649116 -51.846405 -55.609150 -0.000016 -0.000009 5.291024 -112.569932 24.363969 8.255725 3.832221 4.563886 -1.564343 19.466469 7.115485 -9.642748 -4.472377 2.252020 3.568185 -0.521965 -37.382373 5.086121 2.931473 -59.894783 2.401234 0.513359 -24.132312 5.507155 0.403999 -52.414206 5.317844 3.372540 -64.743732 1.797472 0.281865 -17.823517 5.736781 -0.074059 -61.068851 5.606402 4.106713 -72.426445 2.549100 0.582064 -25.722086 4.857863 -4.767525 -71.247848 5.375046 3.497296 -66.079102 1.899967 0.315872 -18.876802 -9.303149 -33.239515 -0.802463 52.645981 -15.434494 48.913911 107.966378 -0.000030 0.000022 -19.899418 -53.759845 -11.122747 -4.956801 8.346208 10.300747 -19.459839 20.490477 -25.429971 -49.823300 -0.453421 -31.998190 1.627204 -0.955546 12.941432 -2.706063 0.864255 35.419684 -2.316565 0.615315 29.748233 -7.198867 3.386181 51.222789 -4.385965 6.278429 110.154088 -1.503058 0.248610 18.783753 -2.604865 -3.345629 57.162669 -4.611611 5.423263 99.261377 -3.592240 1.686060 50.276380 -3.311964 -3.989849 64.824547 -4.630206 4.045581 82.283159 -4.030053 2.309760 59.624519 45.507966 -23.361084 5.381535 -182.236400 162.531318 -181.302208 1.274813 9.530762 -0.081661 0.000006 0.000004 0.000003 6.300253 -9.491058 -1.000383 -10.294702 36.133893 -5.217409 -17.444957 -18.970523 10.062644 0.000012 -3.397106 -0.000002 
14.303930 95.814796 208.007401 -35.146231 -6.095190 -0.443664 2.196703 6.612027 -0.187877 5.180802 13.269653 -1.130314 4.891696 13.392044 -1.728161 2.828543 -0.558241 0.102482 11.667216 -9.152068 7.316630 -7.119267 -37.358898 6.257313 -25.335591 -48.018965 -53.145968 -59.517565 -0.000022 -0.000024 6.434666 -111.834949 25.647362 8.405072 3.911917 4.514132 -1.564341 19.466471 7.115485 -9.642757 -4.472374 2.252020 3.604497 -0.490613 -37.320499 5.086078 2.931384 -59.893683 2.401200 0.513347 -24.131962 5.507158 0.403999 -52.414209 5.317844 3.372537 -64.743732 1.797472 0.281864 -17.823519 5.736783 -0.074059 -61.068851 5.604153 4.099602 -72.353867 2.549099 0.582067 -25.722086 4.824954 -4.944168 -71.418090 5.365505 3.475955 -65.851630 1.852925 0.299999 -18.392620 -9.540914 -34.061160 -0.973023 53.778765 -14.736287 50.052832 108.331684 -0.000040 0.000032 -18.720080 -54.298826 -12.361539 -4.956797 8.346203 10.300747 -19.459842 20.490470 -25.429978 -49.823300 -0.453420 -31.998193 1.632811 -0.951945 12.888060 -2.689061 0.852217 35.164256 -2.316565 0.615316 29.748237 -7.198867 3.386181 51.222792 -4.385965 6.278429 110.154094 -1.503061 0.248610 18.783753 -2.604865 -3.345628 57.162669 -4.611612 5.423263 99.261384 -3.592240 1.686059 50.276374 -3.311964 -3.989850 64.824554 -4.630207 4.045582 82.283159 -4.030052 2.309762 59.624512 45.459321 -21.804629 6.331691 -181.761374 163.611212 -181.123639 1.244741 9.267717 -0.507922 0.000004 -0.000036 -0.000001 5.401680 -7.212417 -1.315621 -7.940833 33.821649 -3.486214 -17.405383 -18.505038 9.566533 -0.000001 -3.103838 0.000002 
14.236693 96.037514 208.936920 -35.861051 -6.693120 -0.446502 1.960271 6.715518 -0.348658 4.463017 13.648540 -1.172222 4.205792 13.749171 -1.668608 3.403248 -0.796422 0.142704 12.957899 -9.704364 7.149475 -6.934943 -37.342540 6.170761 -22.945472 -47.065164 -53.774759 -61.522642 -0.000037 -0.000030 4.730861 -111.702321 28.941332 8.551118 3.992104 4.460429 -1.564341 19.466469 7.115484 -9.642753 -4.472375 2.252022 3.640859 -0.459341 -37.258562 5.086009 2.931280 -59.892611 2.401174 0.513333 -24.131641 5.507160 0.403999 -52.414206 5.317842 3.372538 -64.743732 1.797472 0.281863 -17.823520 5.736785 -0.074059 -61.068851 5.601875 4.092516 -72.281310 2.549102 0.582064 -25.722088 4.793081 -5.121078 -71.588244 5.355892 3.454643 -65.624205 1.805771 0.284544 -17.908449 -9.937595 -35.407841 -1.270291 55.815302 -14.952440 51.649334 107.747252 -0.000039 0.000016 -18.644446 -54.814020 -13.386476 -4.956798 8.346205 10.300747 -19.459842 20.490474 -25.429978 -49.823293 -0.453422 -31.998197 1.638451 -0.948359 12.834711 -2.671998 0.840253 34.908813 -2.316566 0.615315 29.748240 -7.198868 3.386181 51.222789 -4.385965 6.278431 110.154088 -1.503061 0.248611 18.783751 -2.604864 -3.345630 57.162666 -4.611612 5.423262 99.261384 -3.592241 1.686060 50.276377 -3.311963 -3.989851 64.824547 -4.630207 4.045581 82.283159 -4.030054 2.309762 59.624519 45.442181 -20.803549 7.259195 -181.343367 163.342649 -181.012936 1.223732 8.419321 -0.885144 0.000001 -0.000032 -0.000001 4.645006 -5.333061 -1.789294 -5.854178 32.414319 -2.136750 -17.456109 -18.385782 9.327037 -0.000001 -2.745175 -0.000004 
14.202967 96.099411 209.761597 -36.594238 -7.391507 -0.350564 1.627875 6.878036 -0.438632 3.620174 14.076155 -1.171901 3.399881 14.154850 -1.561766 4.123053 -0.927425 0.128388 14.558471 -10.019199 7.063975 -6.712286 -37.332708 6.030667 -20.011421 -45.873442 -54.426499 -63.757740 -0.000029 -0.000022 3.172637 -112.172408 31.842345 8.693817 4.072707 4.402860 -1.564343 19.466468 7.115484 -9.642754 -4.472374 2.252025 3.677270 -0.428157 -37.196582 5.085946 2.931206 -59.891504 2.401131 0.513298 -24.131291 5.507163 0.403999 -52.414213 5.317844 3.372538 -64.743732 1.797470 0.281861 -17.823517 5.736786 -0.074059 -61.068851 5.599596 4.085415 -72.208719 2.549100 0.582063 -25.722086 4.762226 -5.298225 -71.758336 5.346183 3.433389 -65.396753 1.758447 0.269465 -17.424236 -10.243210 -36.415430 -1.511527 58.102602 -15.839598 53.067428 106.914447 -0.000044 0.000020 -19.565454 -54.663790 -13.494872 -4.956801 8.346208 10.300744 -19.459837 20.490472 -25.429976 -49.823293 -0.453423 -31.998197 1.644089 -0.944770 12.781346 -2.654904 0.828366 34.653378 -2.316566 0.615317 29.748240 -7.198867 3.386181 51.222792 -4.385965 6.278430 110.154088 -1.503061 0.248611 18.783751 -2.604864 -3.345629 57.162666 -4.611610 5.423264 99.261384 -3.592240 1.686060 50.276377 -3.311964 -3.989849 64.824547 -4.630207 4.045581 82.283159 -4.030054 2.309763 59.624512 45.411387 -20.173700 8.162570 -180.948718 162.215135 -180.923365 1.213622 7.227840 -1.226184 -0.000003 -0.000051 0.000005 4.180097 -3.815197 -2.319826 -4.129610 31.740685 -1.122231 -17.612046 -18.521929 9.311996 0.000013 -2.330150 0.000004 
14.205613 96.072151 210.472931 -37.322807 -8.160128 -0.200532 1.263918 7.076110 -0.455736 2.760845 14.522582 -1.130920 2.578487 14.580982 -1.418562 4.878067 -0.975656 0.061702 16.187786 -10.077440 7.027679 -6.505463 -37.332120 5.870487 -17.044891 -44.735622 -54.934344 -65.462705 -0.000001 -0.000015 1.576732 -113.166768 34.195410 8.833058 4.153684 4.341450 -1.564339 19.466468 7.115483 -9.642753 -4.472375 2.252023 3.713736 -0.397057 -37.134577 5.085901 2.931106 -59.890398 2.401090 0.513290 -24.130978 5.507157 0.403999 -52.414206 5.317845 3.372535 -64.743732 1.797470 0.281864 -17.823519 5.736780 -0.074059 -61.068844 5.597301 4.078319 -72.136141 2.549096 0.582062 -25.722086 4.732388 -5.475603 -71.928381 5.336377 3.412141 -65.169273 1.711048 0.254817 -16.940027 -10.472657 -37.152032 -1.699980 60.448363 -17.230033 54.219134 105.728651 -0.000039 0.000023 -21.203337 -54.047161 -12.903375 -4.956796 8.346207 10.300747 -19.459836 20.490474 -25.429974 -49.823293 -0.453420 -31.998190 1.649709 -0.941174 12.728002 -2.637733 0.816552 34.397936 -2.316565 0.615316 29.748237 -7.198867 3.386182 51.222792 -4.385966 6.278430 110.154088 -1.503061 0.248611 18.783753 -2.604865 -3.345628 57.162669 -4.611612 5.423262 99.261384 -3.592240 1.686060 50.276380 -3.311963 -3.989850 64.824554 -4.630205 4.045582 82.283159 -4.030054 2.309762 59.624519 45.359351 -19.665730 9.038751 -180.558578 160.818826 -180.825966 1.213027 5.982028 -1.533649 0.000001 -0.000078 0.000004 4.106472 -2.534800 -2.807236 -2.920537 31.514366 -0.446869 -17.812524 -18.771556 9.467693 0.000001 -1.899061 0.000003 
14.244946 96.014801 211.068253 -38.008640 -8.979943 -0.016970 0.939890 7.287033 -0.418752 2.006000 14.954682 -1.064920 1.857107 14.996194 -1.265794 5.548902 -0.945296 -0.007595 17.577490 -9.891968 7.050811 -6.426619 -37.329859 5.818481 -14.541995 -43.950754 -55.195138 -65.918955 -0.000012 -0.000027 -0.248148 -114.580057 35.896821 8.968762 4.234957 4.276270 -1.564346 19.466468 7.115483 -9.642748 -4.472371 2.252020 3.750248 -0.366059 -37.072525 5.085847 2.931010 -59.889332 2.401070 0.513269 -24.130631 5.507156 0.403999 -52.414213 5.317844 3.372540 -64.743739 1.797470 0.281862 -17.823520 5.736784 -0.074058 -61.068851 5.595022 4.071212 -72.063577 2.549096 0.582061 -25.722083 4.703567 -5.653245 -72.098384 5.326506 3.390974 -64.941862 1.663476 0.240540 -16.455797 -10.638860 -37.686071 -1.839342 62.656119 -18.944315 55.023044 104.093162 -0.000038 0.000011 -23.169185 -53.185836 -11.935719 -4.956798 8.346206 10.300745 -19.459841 20.490475 -25.429974 -49.823300 -0.453421 -31.998193 1.655371 -0.937598 12.674651 -2.620511 0.804825 34.142493 -2.316565 0.615316 29.748240 -7.198866 3.386180 51.222789 -4.385965 6.278430 110.154088 -1.503061 0.248611 18.783753 -2.604864 -3.345630 57.162666 -4.611613 5.423264 99.261384 -3.592241 1.686060 50.276380 -3.311963 -3.989852 64.824547 -4.630205 4.045581 82.283159 -4.030053 2.309762 59.624519 45.307828 -19.095836 9.864646 -180.191551 159.571852 -180.717393 1.218777 4.884360 -1.799416 0.000003 -0.000013 -0.000000 4.341891 -1.366750 -3.216906 -2.210379 31.478600 -0.066782 -17.994193 -19.018455 9.724040 0.000001 -1.494555 -0.000002 
14.314701 95.962685 211.554138 -38.611575 -9.831398 0.203538 0.690012 7.487093 -0.357255 1.418568 15.344674 -0.993521 1.295264 15.373450 -1.129164 6.070325 -0.834623 -0.015798 18.620868 -9.502886 7.171077 -6.159040 -37.395258 5.381728 -12.885322 -43.193126 -54.908523 -66.284431 -0.000032 -0.000022 -0.831499 -115.738034 36.416735 9.100886 4.316463 4.207385 -1.564345 19.466468 7.115482 -9.642755 -4.472373 2.252019 3.786814 -0.335137 -37.010449 5.085802 2.930903 -59.888267 2.401019 0.513257 -24.130328 5.507157 0.403999 -52.414202 5.317841 3.372542 -64.743732 1.797470 0.281861 -17.823519 5.736780 -0.074058 -61.068851 5.592706 4.064135 -71.990993 2.549104 0.582069 -25.722088 4.675799 -5.831124 -72.268353 5.316574 3.369820 -64.714355 1.615797 0.226681 -15.971568 -10.701861 -37.898589 -1.891925 64.384669 -20.402475 55.233503 102.490957 -0.000041 0.000012 -24.714447 -52.585609 -10.492131 -4.956795 8.346209 10.300747 -19.459841 20.490472 -25.429976 -49.823293 -0.453421 -31.998193 1.661027 -0.934012 12.621297 -2.603243 0.793180 33.887041 -2.316564 0.615315 29.748237 -7.198867 3.386180 51.222792 -4.385965 6.278430 110.154088 -1.503060 0.248610 18.783751 -2.604865 -3.345629 57.162673 -4.611612 5.423263 99.261377 -3.592241 1.686061 50.276374 -3.311963 -3.989851 64.824547 -4.630209 4.045583 82.283159 -4.030052 2.309761 59.624519 45.285534 -18.379018 10.606945 -179.885681 158.664693 -180.614558 1.227582 4.022864 -2.012497 -0.000004 0.000019 0.000002 4.684151 -0.240226 -3.585333 -1.814476 31.479533 0.129159 -18.127706 -19.210855 10.008244 -0.000005 -1.149971 0.000002 
14.401375 95.929359 211.946503 -39.113659 -10.689483 0.469636 0.499392 7.657429 -0.295543 0.977346 15.679230 -0.929649 0.871901 15.698753 -1.019379 6.456408 -0.650663 0.073911 19.403726 -8.960028 7.418146 -5.903299 -37.456085 4.964796 -12.042247 -42.886341 -54.441225 -65.324264 -0.000022 -0.000033 -1.978897 -116.922265 36.788181 9.229369 4.398164 4.134825 -1.564347 19.466469 7.115487 -9.642755 -4.472372 2.252021 3.823483 -0.304305 -36.948325 5.085732 2.930824 -59.887160 2.400999 0.513248 -24.129972 5.507160 0.403999 -52.414206 5.317843 3.372541 -64.743732 1.797470 0.281867 -17.823519 5.736778 -0.074059 -61.068851 5.590394 4.057041 -71.918429 2.549101 0.582070 -25.722084 4.649054 -6.009213 -72.438234 5.306517 3.348713 -64.486924 1.568021 0.213224 -15.487319 -10.753215 -38.086224 -1.933870 65.886764 -21.805056 55.313744 100.603482 -0.000026 0.000018 -26.049927 -52.042510 -9.200040 -4.956796 8.346204 10.300747 -19.459839 20.490472 -25.429978 -49.823300 -0.453421 -31.998186 1.666699 -0.930415 12.567970 -2.585929 0.781594 33.631599 -2.316566 0.615317 29.748233 -7.198867 3.386180 51.222795 -4.385965 6.278429 110.154088 -1.503061 0.248611 18.783751 -2.604864 -3.345629 57.162666 -4.611613 5.423263 99.261384 -3.592240 1.686060 50.276377 -3.311963 -3.989850 64.824547 -4.630207 4.045583 82.283152 -4.030054 2.309761 59.624512 45.310106 -17.509040 11.244441 -179.665025 158.124098 -180.534631 1.236814 3.402127 -2.171694 0.000001 -0.000013 -0.000004 4.955297 0.862039 -3.970435 -1.517629 31.456163 0.268004 -18.217441 -19.348980 10.262800 0.000000 -0.869177 -0.000003 
14.431486 95.921700 212.068329 -39.327973 -10.984628 0.594341 0.438461 7.710257 -0.276969 0.840776 15.786032 -0.909557 0.740489 15.802783 -0.985821 6.624812 -0.415494 0.222352 19.715630 -8.510413 7.822073 -5.903305 -37.456085 4.964803 -11.861460 -42.542923 -54.695175 -64.809698 -0.000012 -0.000020 -2.233686 -117.630215 36.477168 9.273648 4.426776 4.108752 -1.564343 19.466469 7.115483 -9.642753 -4.472374 2.252023 3.836317 -0.293534 -36.926574 5.085712 2.930778 -59.886825 2.400997 0.513245 -24.129839 5.507155 0.403999 -52.414209 5.317841 3.372539 -64.743739 1.797471 0.281866 -17.823520 5.736785 -0.074059 -61.068851 5.589574 4.054568 -71.893028 2.549099 0.582063 -25.722088 4.639941 -6.071616 -72.497725 5.302980 3.341334 -64.407304 1.551287 0.208614 -15.317831 -10.796566 -38.258704 -1.970880 66.055258 -21.893910 55.620621 100.474760 -0.000032 0.000029 -27.136408 -51.624967 -8.821891 -4.956798 8.346205 10.300747 -19.459841 20.490474 -25.429972 -49.823296 -0.453423 -31.998193 1.668703 -0.929175 12.549284 -2.579866 0.777574 33.542171 -2.316564 0.615316 29.748233 -7.198867 3.386180 51.222799 -4.385965 6.278431 110.154094 -1.503061 0.248611 18.783751 -2.604865 -3.345629 57.162673 -4.611613 5.423263 99.261384 -3.592241 1.686060 50.276370 -3.311963 -3.989850 64.824547 -4.630207 4.045582 82.283152 -4.030053 2.309761 59.624519 45.333069 -17.144728 11.458865 -179.587653 158.041261 -180.505931 1.240884 3.250727 -2.246535 0.000002 -0.000013 -0.000001 5.034032 1.230817 -4.131586 -1.421370 31.459315 0.313281 -18.246005 -19.395869 10.344940 -0.000014 -0.777520 0.000005 
14.443305 95.920731 212.112183 -39.459635 -11.106527 0.671650 0.414221 7.729018 -0.271059 0.789653 15.826098 -0.901725 0.691066 15.841888 -0.973426 6.733932 -0.170315 0.382203 19.897581 -8.100580 8.264628 -5.903306 -37.456091 4.964804 -12.011919 -42.397081 -54.863074 -64.224617 -0.000022 -0.000020 -2.562442 -118.168611 36.239973 9.292231 4.439046 4.097200 -1.564345 19.466469 7.115485 -9.642759 -4.472380 2.252022 3.841823 -0.288922 -36.917248 5.085694 2.930777 -59.886627 2.400990 0.513228 -24.129807 5.507163 0.403999 -52.414202 5.317843 3.372540 -64.743725 1.797470 0.281866 -17.823519 5.736786 -0.074058 -61.068851 5.589217 4.053502 -71.882120 2.549100 0.582068 -25.722086 4.636063 -6.098369 -72.523194 5.301466 3.338159 -64.373194 1.544090 0.206647 -15.245203 -10.838254 -38.425278 -2.006700 66.024474 -21.841248 55.934581 100.548369 -0.000035 0.000019 -27.889647 -51.242087 -8.785792 -4.956797 8.346207 10.300745 -19.459839 20.490480 -25.429967 -49.823300 -0.453419 -31.998197 1.669553 -0.928641 12.541281 -2.577254 0.775850 33.503857 -2.316565 0.615316 29.748233 -7.198867 3.386181 51.222792 -4.385965 6.278430 110.154088 -1.503061 0.248612 18.783753 -2.604865 -3.345629 57.162669 -4.611612 5.423263 99.261377 -3.592240 1.686060 50.276367 -3.311964 -3.989850 64.824547 -4.630208 4.045583 82.283152 -4.030053 2.309762 59.624512 45.350243 -16.947798 11.550870 -179.548530 158.072502 -180.491587 1.243401 3.227025 -2.298673 -0.000002 -0.000092 0.000002 5.060604 1.374265 -4.221627 -1.383231 31.474304 0.331782 -18.258597 -19.418568 10.376626 0.000010 -0.739776 0.000003 
14.459637 95.918419 212.175201 -39.611610 -11.272899 0.763298 0.379976 7.755835 -0.262204 0.716254 15.882584 -0.891036 0.620251 15.896946 -0.955945 6.855340 0.063136 0.535784 20.113252 -7.694113 8.684341 -5.903287 -37.456078 4.964796 -11.994250 -42.238177 -55.005422 -63.880635 -0.000011 -0.000022 -2.770387 -118.617983 35.994079 9.317495 4.455650 4.081694 -1.564345 19.466468 7.115484 -9.642758 -4.472374 2.252021 3.849270 -0.282686 -36.904636 5.085679 2.930762 -59.886388 2.400979 0.513229 -24.129735 5.507163 0.403999 -52.414206 5.317843 3.372540 -64.743732 1.797470 0.281862 -17.823515 5.736780 -0.074059 -61.068851 5.588750 4.052072 -71.867401 2.549102 0.582066 -25.722084 4.630878 -6.134572 -72.557701 5.299410 3.333910 -64.327015 1.534365 0.204006 -15.146911 -10.880483 -38.594855 -2.043273 66.062013 -21.845790 56.239658 100.531020 -0.000023 0.000035 -28.407237 -50.847910 -8.740208 -4.956795 8.346203 10.300743 -19.459841 20.490477 -25.429972 -49.823300 -0.453419 -31.998197 1.670716 -0.927886 12.530454 -2.573728 0.773506 33.451999 -2.316565 0.615315 29.748233 -7.198867 3.386180 51.222792 -4.385965 6.278430 110.154088 -1.503061 0.248611 18.783753 -2.604864 -3.345629 57.162669 -4.611612 5.423263 99.261384 -3.592239 1.686059 50.276374 -3.311963 -3.989849 64.824547 -4.630207 4.045582 82.283159 -4.030053 2.309762 59.624519 45.371232 -16.703342 11.671771 -179.501210 158.082024 -180.474198 1.246311 3.174792 -2.355892 0.000008 -0.000017 0.000001 5.098656 1.575922 -4.332003 -1.328505 31.485475 0.358547 -18.276270 -19.447031 10.420459 0.000017 -0.686851 0.000005 
14.476213 95.916679 212.233063 -39.669998 -11.431716 0.817812 0.347572 7.779508 -0.252408 0.648734 15.933515 -0.881338 0.554983 15.946590 -0.940194 6.965613 0.276273 0.679128 20.314246 -7.320890 9.071049 -5.903300 -37.456088 4.964779 -12.092634 -42.160668 -55.110464 -63.553954 -0.000038 -0.000024 -2.924556 -118.944862 35.737910 9.341088 4.471293 4.066933 -1.564345 19.466469 7.115484 -9.642748 -4.472371 2.252021 3.856270 -0.276820 -36.892748 5.085685 2.930735 -59.886211 2.400982 0.513234 -24.129685 5.507157 0.403999 -52.414209 5.317845 3.372535 -64.743739 1.797469 0.281867 -17.823520 5.736777 -0.074059 -61.068851 5.588319 4.050699 -71.853529 2.549100 0.582066 -25.722088 4.626004 -6.168640 -72.590110 5.297469 3.329868 -64.283589 1.525213 0.201539 -15.054418 -10.925482 -38.776306 -2.082464 65.995002 -21.785385 56.552310 100.574583 -0.000023 0.000024 -28.737710 -50.506069 -8.769103 -4.956799 8.346206 10.300744 -19.459839 20.490475 -25.429969 -49.823303 -0.453420 -31.998197 1.671788 -0.927219 12.520274 -2.570411 0.771323 33.403218 -2.316565 0.615316 29.748233 -7.198867 3.386181 51.222792 -4.385965 6.278431 110.154088 -1.503060 0.248611 18.783753 -2.604865 -3.345628 57.162669 -4.611611 5.423263 99.261384 -3.592241 1.686060 50.276377 -3.311963 -3.989849 64.824547 -4.630207 4.045583 82.283159 -4.030053 2.309762 59.624512 45.386378 -16.520899 11.765445 -179.482618 158.040469 -180.467163 1.247533 3.097565 -2.368438 -0.000000 -0.000048 0.000005 5.119339 1.781298 -4.409444 -1.262607 31.466480 0.392653 -18.292053 -19.462612 10.454933 -0.000003 -0.636392 -0.000002 
14.494949 95.915268 212.298676 -39.735903 -11.615811 0.882665 0.308899 7.805941 -0.241341 0.569604 15.991286 -0.870259 0.478433 16.002899 -0.922175 7.045398 0.371332 0.751617 20.488718 -7.111533 9.241469 -5.903303 -37.456088 4.964800 -11.976487 -42.065578 -55.169255 -63.487407 -0.000035 -0.000025 -2.948593 -119.121259 35.549028 9.368597 4.489611 4.049452 -1.564347 19.466469 7.115483 -9.642748 -4.472370 2.252018 3.864516 -0.269939 -36.878824 5.085685 2.930701 -59.885978 2.400977 0.513227 -24.129602 5.507160 0.403999 -52.414209 5.317841 3.372540 -64.743732 1.797472 0.281863 -17.823519 5.736781 -0.074059 -61.068851 5.587794 4.049138 -71.837300 2.549100 0.582065 -25.722088 4.620376 -6.208613 -72.628161 5.295202 3.325151 -64.232622 1.514470 0.198663 -14.945934 -10.973620 -38.971471 -2.124743 66.038114 -21.811864 56.824162 100.449393 -0.000042 0.000007 -28.798437 -50.282876 -8.717748 -4.956797 8.346205 10.300750 -19.459841 20.490475 -25.429974 -49.823296 -0.453424 -31.998190 1.673052 -0.926420 12.508307 -2.566508 0.768757 33.346008 -2.316565 0.615316 29.748237 -7.198867 3.386181 51.222792 -4.385965 6.278430 110.154088 -1.503060 0.248611 18.783754 -2.604865 -3.345629 57.162669 -4.611612 5.423263 99.261377 -3.592240 1.686060 50.276377 -3.311964 -3.989849 64.824554 -4.630207 4.045582 82.283159 -4.030053 2.309761 59.624519 45.405493 -16.304942 11.871992 -179.462893 158.001455 -180.459704 1.248874 3.013525 -2.382357 0.000005 -0.000016 -0.000005 5.139874 2.019930 -4.500950 -1.182251 31.442612 0.435036 -18.312219 -19.480007 10.492878 -0.000007 -0.575595 0.000002 
14.515583 95.914368 212.370773 -39.807971 -11.822984 0.957415 0.264292 7.834557 -0.229098 0.479956 16.054867 -0.858019 0.391628 16.064853 -0.902240 7.101134 0.371791 0.767874 20.643875 -7.031244 9.238499 -5.903280 -37.456095 4.964775 -11.760770 -41.958819 -55.208218 -63.530923 -0.000016 -0.000026 -2.920113 -119.239475 35.378006 9.399658 4.510464 4.029391 -1.564345 19.466466 7.115483 -9.642752 -4.472374 2.252018 3.873862 -0.262135 -36.862978 5.085673 2.930680 -59.885692 2.400960 0.513219 -24.129516 5.507162 0.403999 -52.414206 5.317841 3.372538 -64.743732 1.797470 0.281861 -17.823520 5.736785 -0.074059 -61.068851 5.587192 4.047316 -71.818804 2.549098 0.582063 -25.722088 4.614028 -6.254069 -72.671389 5.292594 3.319801 -64.174702 1.502253 0.195424 -14.822615 -11.022511 -39.170855 -2.168069 66.133696 -21.880164 57.082172 100.240635 -0.000026 0.000006 -28.731020 -50.094383 -8.635620 -4.956796 8.346209 10.300746 -19.459841 20.490475 -25.429972 -49.823296 -0.453424 -31.998193 1.674528 -0.925517 12.494749 -2.562076 0.765858 33.280930 -2.316565 0.615316 29.748240 -7.198867 3.386181 51.222792 -4.385965 6.278429 110.154088 -1.503061 0.248611 18.783753 -2.604864 -3.345627 57.162666 -4.611612 5.423263 99.261377 -3.592241 1.686060 50.276374 -3.311964 -3.989850 64.824554 -4.630207 4.045583 82.283152 -4.030054 2.309762 59.624519 45.428882 -16.057331 11.989599 -179.443003 157.967304 -180.452205 1.250311 2.924958 -2.397151 -0.000003 -0.000035 -0.000007 5.158962 2.289073 -4.605767 -1.087854 31.413495 0.485575 -18.336748 -19.498554 10.533315 -0.000003 -0.504883 0.000009 
14.535154 95.914185 212.440369 -39.877639 -12.026932 1.032616 0.218580 7.861899 -0.217136 0.389564 16.116192 -0.846009 0.304021 16.124591 -0.882633 7.157057 0.372251 0.785483 20.802376 -6.949195 9.239503 -5.903291 -37.456078 4.964807 -11.496247 -41.854723 -55.227748 -63.656796 -0.000023 -0.000032 -2.855179 -119.305715 35.229562 9.430448 4.531309 4.009084 -1.564343 19.466468 7.115483 -9.642752 -4.472374 2.252021 3.883214 -0.254319 -36.847153 5.085647 2.930643 -59.885398 2.400961 0.513227 -24.129441 5.507157 0.403999 -52.414209 5.317843 3.372535 -64.743732 1.797470 0.281862 -17.823520 5.736780 -0.074059 -61.068851 5.586596 4.045520 -71.800335 2.549102 0.582065 -25.722084 4.607738 -6.299548 -72.714672 5.290005 3.314441 -64.116789 1.490036 0.192198 -14.699274 -11.071972 -39.373619 -2.212243 66.251244 -21.966580 57.331133 99.996934 -0.000036 0.000011 -28.560962 -49.937490 -8.555556 -4.956798 8.346209 10.300748 -19.459841 20.490479 -25.429971 -49.823296 -0.453424 -31.998193 1.675971 -0.924591 12.481160 -2.557646 0.762943 33.215879 -2.316565 0.615316 29.748237 -7.198867 3.386181 51.222789 -4.385964 6.278429 110.154088 -1.503061 0.248610 18.783753 -2.604865 -3.345627 57.162666 -4.611611 5.423262 99.261384 -3.592241 1.686060 50.276374 -3.311963 -3.989849 64.824547 -4.630207 4.045582 82.283152 -4.030052 2.309761 59.624519 45.453755 -15.808579 12.103720 -179.424971 157.943876 -180.445402 1.251636 2.843734 -2.411365 -0.000006 -0.000004 0.000001 5.173546 2.554927 -4.710860 -0.988577 31.382202 0.539615 -18.363679 -19.516045 10.570473 0.000017 -0.431959 -0.000001 
14.553667 95.914658 212.507614 -39.944794 -12.227672 1.108292 0.171758 7.887941 -0.205494 0.298379 16.175285 -0.834228 0.215618 16.182108 -0.863347 7.213233 0.372732 0.804439 20.964229 -6.865417 9.244487 -5.903302 -37.456074 4.964792 -11.195297 -41.752035 -55.232851 -63.840487 -0.000018 -0.000013 -2.765849 -119.334688 35.098614 9.461006 4.552153 3.988577 -1.564343 19.466466 7.115480 -9.642754 -4.472375 2.252020 3.892582 -0.246522 -36.831314 5.085624 2.930644 -59.885125 2.400946 0.513220 -24.129352 5.507160 0.403999 -52.414206 5.317840 3.372539 -64.743732 1.797468 0.281861 -17.823519 5.736786 -0.074059 -61.068851 5.586005 4.043713 -71.781853 2.549101 0.582065 -25.722084 4.601508 -6.345040 -72.757934 5.287404 3.309093 -64.058889 1.477798 0.189000 -14.575909 -11.121784 -39.578928 -2.257113 66.386078 -22.067516 57.573345 99.725202 -0.000015 0.000022 -28.316397 -49.804916 -8.476205 -4.956795 8.346206 10.300746 -19.459842 20.490479 -25.429971 -49.823300 -0.453425 -31.998197 1.677428 -0.923654 12.467559 -2.553204 0.760023 33.150829 -2.316565 0.615316 29.748233 -7.198867 3.386180 51.222792 -4.385965 6.278429 110.154088 -1.503061 0.248611 18.783753 -2.604865 -3.345628 57.162669 -4.611611 5.423263 99.261384 -3.592240 1.686061 50.276374 -3.311964 -3.989850 64.824547 -4.630207 4.045582 82.283159 -4.030054 2.309761 59.624519 45.479904 -15.559041 12.214421 -179.408852 157.930161 -180.439364 1.252857 2.769250 -2.424999 0.000004 -0.000040 -0.000002 5.183618 2.817428 -4.816359 -0.884621 31.349090 0.597048 -18.393040 -19.532666 10.604507 0.000002 -0.356819 0.000004 
14.569248 95.915352 212.565598 -40.002888 -12.401744 1.174656 0.130009 7.910434 -0.195426 0.217570 16.226006 -0.823930 0.137186 16.231466 -0.846448 7.262885 0.372797 0.821255 21.107907 -6.791320 9.250673 -5.903281 -37.456071 4.964791 -10.912140 -41.667661 -55.225102 -64.057462 -0.000008 -0.000007 -2.662394 -119.330508 34.987152 9.487699 4.570480 3.970366 -1.564345 19.466468 7.115485 -9.642758 -4.472376 2.252022 3.900830 -0.239670 -36.817363 5.085616 2.930612 -59.884892 2.400945 0.513218 -24.129277 5.507161 0.403999 -52.414202 5.317844 3.372540 -64.743739 1.797470 0.281863 -17.823520 5.736787 -0.074058 -61.068851 5.585499 4.042126 -71.765590 2.549098 0.582061 -25.722084 4.596109 -6.385055 -72.795979 5.285101 3.304382 -64.007923 1.467035 0.186212 -14.467468 -11.171696 -39.785954 -2.302504 66.502683 -22.156097 57.812941 99.480722 -0.000021 0.000020 -28.025648 -49.693123 -8.428790 -4.956796 8.346208 10.300747 -19.459841 20.490477 -25.429972 -49.823296 -0.453422 -31.998193 1.678702 -0.922859 12.455624 -2.549287 0.757492 33.093585 -2.316565 0.615316 29.748240 -7.198867 3.386181 51.222792 -4.385965 6.278430 110.154088 -1.503061 0.248611 18.783753 -2.604865 -3.345628 57.162673 -4.611611 5.423263 99.261377 -3.592241 1.686060 50.276377 -3.311964 -3.989850 64.824547 -4.630207 4.045582 82.283159 -4.030054 2.309762 59.624519 45.503574 -15.340487 12.309971 -179.395315 157.922402 -180.434296 1.253886 2.706944 -2.436861 0.000002 -0.000009 0.000000 5.189318 3.045825 -4.909200 -0.789155 31.318507 0.650197 -18.420346 -19.546734 10.632328 0.000005 -0.289903 0.000003 
14.582051 95.916138 212.614227 -40.051509 -12.548070 1.231033 0.094225 7.929335 -0.187034 0.148477 16.268117 -0.815182 0.070165 16.272437 -0.832116 7.305006 0.372629 0.835848 21.230461 -6.727784 9.257417 -5.925381 -37.450894 5.000777 -10.620269 -41.599749 -55.245568 -64.293144 -0.000021 -0.000021 -2.553059 -119.304840 34.885219 9.510296 4.586127 3.954677 -1.564345 19.466468 7.115483 -9.642754 -4.472375 2.252020 3.907855 -0.233827 -36.805492 5.085601 2.930610 -59.884667 2.400931 0.513212 -24.129230 5.507157 0.403999 -52.414209 5.317842 3.372536 -64.743739 1.797471 0.281858 -17.823519 5.736783 -0.074059 -61.068858 5.585049 4.040774 -71.751731 2.549099 0.582063 -25.722086 4.591529 -6.419191 -72.828395 5.283144 3.300373 -63.964496 1.457850 0.183854 -14.374982 -11.221524 -39.993872 -2.348210 66.592630 -22.225113 58.052250 99.275249 -0.000042 0.000019 -27.716395 -49.595141 -8.415023 -4.956795 8.346208 10.300748 -19.459842 20.490477 -25.429974 -49.823293 -0.453423 -31.998193 1.679777 -0.922163 12.445429 -2.545952 0.755310 33.044834 -2.316564 0.615316 29.748237 -7.198867 3.386180 51.222792 -4.385965 6.278431 110.154088 -1.503061 0.248611 18.783756 -2.604864 -3.345630 57.162666 -4.611611 5.423263 99.261384 -3.592241 1.686060 50.276374 -3.311964 -3.989850 64.824554 -4.630207 4.045583 82.283159 -4.030053 2.309762 59.624512 45.524147 -15.155025 12.389891 -179.384291 157.918987 -180.430184 1.254736 2.656188 -2.446834 -0.000004 -0.000035 -0.000006 5.191355 3.238412 -4.988641 -0.703920 31.291514 0.698046 -18.445139 -19.558489 10.654421 0.000017 -0.231895 0.000001 
14.594120 95.917473 212.663925 -40.102025 -12.700255 1.290623 0.053821 7.948416 -0.177932 0.071802 16.311393 -0.805867 -0.004267 16.314491 -0.816682 7.352457 0.371433 0.850884 21.368735 -6.659604 9.267348 -5.976993 -37.438729 5.084886 -10.240318 -41.513388 -55.317210 -64.547528 -0.000022 -0.000012 -2.443673 -119.289445 34.778309 9.534122 4.602734 3.937842 -1.564341 19.466471 7.115488 -9.642751 -4.472372 2.252019 3.915315 -0.227611 -36.792839 5.085589 2.930571 -59.884476 2.400929 0.513214 -24.129154 5.507157 0.403999 -52.414206 5.317845 3.372535 -64.743739 1.797469 0.281863 -17.823524 5.736783 -0.074059 -61.068851 5.584574 4.039356 -71.736999 2.549100 0.582065 -25.722083 4.586705 -6.455472 -72.862867 5.281053 3.296110 -63.918324 1.448092 0.181360 -14.276665 -11.271042 -40.201800 -2.394103 66.704065 -22.310249 58.290521 99.044826 -0.000022 0.000029 -27.417016 -49.494174 -8.384204 -4.956796 8.346203 10.300747 -19.459842 20.490475 -25.429978 -49.823296 -0.453419 -31.998197 1.680943 -0.921441 12.434589 -2.542406 0.753018 32.992949 -2.316565 0.615316 29.748237 -7.198867 3.386181 51.222795 -4.385965 6.278429 110.154088 -1.503060 0.248611 18.783753 -2.604865 -3.345628 57.162663 -4.611612 5.423264 99.261384 -3.592241 1.686060 50.276380 -3.311964 -3.989850 64.824547 -4.630207 4.045583 82.283159 -4.030052 2.309761 59.624519 45.546468 -14.958970 12.472854 -179.373062 157.921951 -180.426045 1.255526 2.607302 -2.457691 -0.000000 -0.000001 -0.000001 5.189558 3.439579 -5.072537 -0.609292 31.261103 0.751494 -18.472332 -19.570381 10.674710 -0.000003 -0.170322 0.000002 
14.606181 95.919792 212.720428 -40.161222 -12.878334 1.361701 0.001106 7.969724 -0.166528 -0.026037 16.361469 -0.794640 -0.099291 16.363062 -0.797779 7.414385 0.368245 0.867862 21.549182 -6.576913 9.283356 -6.027149 -37.426831 5.166667 -9.793443 -41.388406 -55.397834 -64.796133 -0.000022 -0.000030 -2.349058 -119.313556 34.664323 9.562477 4.622681 3.917391 -1.564336 19.466469 7.115483 -9.642756 -4.472375 2.252020 3.924287 -0.220170 -36.777683 5.085579 2.930541 -59.884230 2.400920 0.513215 -24.129061 5.507158 0.403999 -52.414206 5.317848 3.372535 -64.743725 1.797470 0.281863 -17.823520 5.736783 -0.074059 -61.068851 5.583995 4.037608 -71.719309 2.549098 0.582061 -25.722084 4.580970 -6.499056 -72.904251 5.278538 3.291002 -63.862877 1.436358 0.178377 -14.158637 -11.320063 -40.408953 -2.439958 66.869403 -22.435592 58.528349 98.748321 -0.000032 0.000033 -27.154214 -49.375834 -8.304434 -4.956798 8.346204 10.300746 -19.459846 20.490475 -25.429967 -49.823300 -0.453421 -31.998193 1.682336 -0.920575 12.421613 -2.538150 0.750239 32.930685 -2.316565 0.615316 29.748240 -7.198867 3.386181 51.222795 -4.385965 6.278429 110.154088 -1.503061 0.248611 18.783756 -2.604864 -3.345628 57.162673 -4.611612 5.423264 99.261384 -3.592241 1.686060 50.276374 -3.311963 -3.989850 64.824554 -4.630207 4.045583 82.283152 -4.030053 2.309761 59.624519 45.573918 -14.724426 12.569879 -179.360167 157.936213 -180.421332 1.256316 2.556582 -2.471256 -0.000001 -0.000027 -0.000003 5.182084 3.675694 -5.172204 -0.491021 31.223230 0.818633 -18.505551 -19.584340 10.694708 0.000005 -0.097192 -0.000003 
14.617996 95.922478 212.778809 -40.223045 -13.063726 1.436434 -0.055726 7.991571 -0.154452 -0.130859 16.413418 -0.782968 -0.201109 16.413418 -0.777918 7.481127 0.364281 0.885384 21.743627 -6.489759 9.301954 -6.075942 -37.415209 5.246212 -9.349403 -41.248301 -55.489061 -64.995916 -0.000008 -0.000020 -2.283527 -119.378975 34.540366 9.592199 4.643633 3.895833 -1.564339 19.466468 7.115487 -9.642750 -4.472372 2.252019 3.933739 -0.212345 -36.761728 5.085548 2.930522 -59.883923 2.400909 0.513205 -24.128979 5.507161 0.403999 -52.414209 5.317843 3.372538 -64.743732 1.797471 0.281862 -17.823519 5.736782 -0.074059 -61.068851 5.583394 4.035794 -71.700724 2.549102 0.582065 -25.722086 4.575021 -6.544891 -72.947780 5.275894 3.285617 -63.804601 1.424029 0.175285 -14.034531 -11.368413 -40.614453 -2.485579 67.043853 -22.568890 58.769352 98.442956 -0.000027 0.000029 -26.957394 -49.238140 -8.205381 -4.956799 8.346208 10.300750 -19.459844 20.490475 -25.429972 -49.823300 -0.453422 -31.998193 1.683803 -0.919630 12.407938 -2.533671 0.747337 32.865234 -2.316565 0.615316 29.748237 -7.198867 3.386180 51.222792 -4.385965 6.278431 110.154088 -1.503061 0.248611 18.783753 -2.604865 -3.345629 57.162669 -4.611611 5.423263 99.261384 -3.592240 1.686060 50.276374 -3.311963 -3.989850 64.824547 -4.630207 4.045582 82.283159 -4.030052 2.309761 59.624519 45.603640 -14.478404 12.670822 -179.347121 157.954996 -180.416606 1.257095 2.506129 -2.485641 -0.000003 -0.000084 0.000001 5.172206 3.922047 -5.276802 -0.365091 31.182276 0.890195 -18.540811 -19.598611 10.714057 -0.000002 -0.020492 -0.000003 
