HIERARCHY
ROOT mixamorig:Hips
{
	OFFSET 0.000000 99.791901 0.000000
	CHANNELS 6 Xposition Yposition Zposition Yrotation Xrotation Zrotation
	JOINT mixamorig:Spine
	{
		OFFSET 0.000038 9.923500 -1.227300
		CHANNELS 3 Yrotation Xrotation Zrotation
		JOINT mixamorig:Spine1
		{
			OFFSET -0.001154 11.645462 -1.422353
			CHANNELS 3 Yrotation Xrotation Zrotation
			JOINT mixamorig:Spine2
			{
				OFFSET -0.001065 13.360161 -1.626458
				CHANNELS 3 Yrotation Xrotation Zrotation
				JOINT mixamorig:Neck
				{
					OFFSET -0.001308 15.032516 0.792905
					CHANNELS 3 Yrotation Xrotation Zrotation
					JOINT mixamorig:Head
					{
						OFFSET -0.000902 10.321808 3.142400
						CHANNELS 3 Yrotation Xrotation Zrotation
						End Site
						{
							OFFSET -0.001707 19.630493 -0.000000
						}
					}
				}
				JOINT mixamorig:LeftShoulder
				{
					OFFSET 6.105007 9.110962 0.705601
					CHANNELS 3 Yrotation Xrotation Zrotation
					JOINT mixamorig:LeftArm
					{
						OFFSET 12.655048 -0.266434 -2.600898
						CHANNELS 3 Yrotation Xrotation Zrotation
						JOINT mixamorig:LeftForeArm
						{
							OFFSET 27.404696 0.000000 0.000000
							CHANNELS 3 Yrotation Xrotation Zrotation
							JOINT mixamorig:LeftHand
							{
								OFFSET 27.614513 0.000000 0.000000
								CHANNELS 3 Yrotation Xrotation Zrotation
								JOINT mixamorig:LeftHandThumb1
								{
									OFFSET 3.788795 -2.167099 3.003002
									CHANNELS 3 Yrotation Xrotation Zrotation
									JOINT mixamorig:LeftHandThumb2
									{
										OFFSET 3.675461 -2.122025 2.122029
										CHANNELS 3 Yrotation Xrotation Zrotation
										JOINT mixamorig:LeftHandThumb3
										{
											OFFSET 3.394363 -1.959732 1.959735
											CHANNELS 3 Yrotation Xrotation Zrotation
											End Site
											{
												OFFSET 2.679413 -1.546967 1.546960
											}
										}
									}
								}
								JOINT mixamorig:LeftHandIndex1
								{
									OFFSET 12.266594 -0.231796 2.822001
									CHANNELS 3 Yrotation Xrotation Zrotation
									JOINT mixamorig:LeftHandIndex2
									{
										OFFSET 3.891998 0.000000 0.000000
										CHANNELS 3 Yrotation Xrotation Zrotation
										JOINT mixamorig:LeftHandIndex3
										{
											OFFSET 3.415207 0.000000 0.000000
											CHANNELS 3 Yrotation Xrotation Zrotation
											End Site
											{
												OFFSET 3.077995 0.000000 0.000000
											}
										}
									}
								}
								JOINT mixamorig:LeftHandMiddle1
								{
									OFFSET 12.775497 0.000000 0.000000
									CHANNELS 3 Yrotation Xrotation Zrotation
									JOINT mixamorig:LeftHandMiddle2
									{
										OFFSET 3.613998 0.000000 0.000000
										CHANNELS 3 Yrotation Xrotation Zrotation
										JOINT mixamorig:LeftHandMiddle3
										{
											OFFSET 3.459793 0.000000 0.000000
											CHANNELS 3 Yrotation Xrotation Zrotation
											End Site
											{
												OFFSET 3.680214 0.000000 0.000000
											}
										}
									}
								}
								JOINT mixamorig:LeftHandRing1
								{
									OFFSET 12.146996 0.009995 -2.216599
									CHANNELS 3 Yrotation Xrotation Zrotation
									JOINT mixamorig:LeftHandRing2
									{
										OFFSET 3.601196 0.000000 0.000000
										CHANNELS 3 Yrotation Xrotation Zrotation
										JOINT mixamorig:LeftHandRing3
										{
											OFFSET 3.307304 0.000000 0.000000
											CHANNELS 3 Yrotation Xrotation Zrotation
											End Site
											{
												OFFSET 3.660095 0.000000 0.000000
											}
										}
									}
								}
								JOINT mixamorig:LeftHandPinky1
								{
									OFFSET 10.908195 -0.226105 -4.725800
									CHANNELS 3 Yrotation Xrotation Zrotation
									JOINT mixamorig:LeftHandPinky2
									{
										OFFSET 4.136703 0.000000 0.000000
										CHANNELS 3 Yrotation Xrotation Zrotation
										JOINT mixamorig:LeftHandPinky3
										{
											OFFSET 2.594803 0.000000 0.000000
											CHANNELS 3 Yrotation Xrotation Zrotation
											End Site
											{
												OFFSET 2.923904 0.000000 0.000000
											}
										}
									}
								}
							}
						}
					}
				}
				JOINT mixamorig:RightShoulder
				{
					OFFSET -6.106493 9.110001 0.705582
					CHANNELS 3 Yrotation Xrotation Zrotation
					JOINT mixamorig:RightArm
					{
						OFFSET -12.655064 -0.265533 -2.600914
						CHANNELS 3 Yrotation Xrotation Zrotation
						JOINT mixamorig:RightForeArm
						{
							OFFSET -27.404697 0.000000 -0.000000
							CHANNELS 3 Yrotation Xrotation Zrotation
							JOINT mixamorig:RightHand
							{
								OFFSET -27.614510 0.000000 -0.000000
								CHANNELS 3 Yrotation Xrotation Zrotation
								JOINT mixamorig:RightHandThumb1
								{
									OFFSET -3.788803 -2.167099 3.003001
									CHANNELS 3 Yrotation Xrotation Zrotation
									JOINT mixamorig:RightHandThumb2
									{
										OFFSET -3.675461 -2.122025 2.122028
										CHANNELS 3 Yrotation Xrotation Zrotation
										JOINT mixamorig:RightHandThumb3
										{
											OFFSET -3.394363 -1.959732 1.959735
											CHANNELS 3 Yrotation Xrotation Zrotation
											End Site
											{
												OFFSET -2.679413 -1.546967 1.546959
											}
										}
									}
								}
								JOINT mixamorig:RightHandIndex1
								{
									OFFSET -12.266602 -0.231796 2.822000
									CHANNELS 3 Yrotation Xrotation Zrotation
									JOINT mixamorig:RightHandIndex2
									{
										OFFSET -3.891998 0.000000 0.000000
										CHANNELS 3 Yrotation Xrotation Zrotation
										JOINT mixamorig:RightHandIndex3
										{
											OFFSET -3.415207 0.000000 0.000000
											CHANNELS 3 Yrotation Xrotation Zrotation
											End Site
											{
												OFFSET -3.077995 0.000000 0.000000
											}
										}
									}
								}
								JOINT mixamorig:RightHandMiddle1
								{
									OFFSET -12.775505 0.000000 -0.000000
									CHANNELS 3 Yrotation Xrotation Zrotation
									JOINT mixamorig:RightHandMiddle2
									{
										OFFSET -3.613998 0.000000 0.000000
										CHANNELS 3 Yrotation Xrotation Zrotation
										JOINT mixamorig:RightHandMiddle3
										{
											OFFSET -3.459793 0.000000 0.000000
											CHANNELS 3 Yrotation Xrotation Zrotation
											End Site
											{
												OFFSET -3.680214 0.000000 0.000000
											}
										}
									}
								}
								JOINT mixamorig:RightHandRing1
								{
									OFFSET -12.147003 0.009995 -2.216600
									CHANNELS 3 Yrotation Xrotation Zrotation
									JOINT mixamorig:RightHandRing2
									{
										OFFSET -3.601196 0.000000 0.000000
										CHANNELS 3 Yrotation Xrotation Zrotation
										JOINT mixamorig:RightHandRing3
										{
											OFFSET -3.307304 0.000000 0.000000
											CHANNELS 3 Yrotation Xrotation Zrotation
											End Site
											{
												OFFSET -3.660103 0.000000 0.000000
											}
										}
									}
								}
								JOINT mixamorig:RightHandPinky1
								{
									OFFSET -10.908203 -0.226105 -4.725801
									CHANNELS 3 Yrotation Xrotation Zrotation
									JOINT mixamorig:RightHandPinky2
									{
										OFFSET -4.136703 0.000000 0.000000
										CHANNELS 3 Yrotation Xrotation Zrotation
										JOINT mixamorig:RightHandPinky3
										{
											OFFSET -2.594803 0.000000 0.000000
											CHANNELS 3 Yrotation Xrotation Zrotation
											End Site
											{
												OFFSET -2.923904 0.000000 0.000000
											}
										}
									}
								}
							}
						}
					}
				}
			}
		}
	}
	JOINT mixamorig:LeftUpLeg
	{
		OFFSET 9.124481 -6.656403 -0.055368
		CHANNELS 3 Yrotation Xrotation Zrotation
		JOINT mixamorig:LeftLeg
		{
			OFFSET 0.244688 -40.595383 -0.515629
			CHANNELS 3 Yrotation Xrotation Zrotation
			JOINT mixamorig:LeftFoot
			{
				OFFSET -0.244684 -42.047905 -2.059130
				CHANNELS 3 Yrotation Xrotation Zrotation
				JOINT mixamorig:LeftToeBase
				{
					OFFSET 0.373535 -7.208565 13.966596
					CHANNELS 3 Yrotation Xrotation Zrotation
					End Site
					{
						OFFSET -0.142057 -0.175231 9.997458
					}
				}
			}
		}
	}
	JOINT mixamorig:RightUpLeg
	{
		OFFSET -9.124419 -6.656395 -0.055432
		CHANNELS 3 Yrotation Xrotation Zrotation
		JOINT mixamorig:RightLeg
		{
			OFFSET -0.244683 -40.595413 -0.514284
			CHANNELS 3 Yrotation Xrotation Zrotation
			JOINT mixamorig:RightFoot
			{
				OFFSET 0.244687 -42.047836 -2.060526
				CHANNELS 3 Yrotation Xrotation Zrotation
				JOINT mixamorig:RightToeBase
				{
					OFFSET -0.373540 -7.208565 13.966594
					CHANNELS 3 Yrotation Xrotation Zrotation
					End Site
					{
						OFFSET 0.141792 -0.175015 9.997463
					}
				}
			}
		}
	}
}
MOTION
Frames: 91
Frame Time: 0.033333
-0.202545 96.772957 -1.383173 5.787889 -13.921606 -2.175454 0.532771 4.456049 1.165007 1.239693 8.905183 1.992772 1.239695 8.905175 1.992771 -1.100135 -11.899448 -0.422108 -6.024475 5.592629 -1.346306 2.752312 3.617916 0.965776 -26.373022 5.903362 -71.303261 -25.866618 -0.168702 0.081585 -7.605663 -15.382580 11.068861 6.514558 -3.562612 9.023307 6.636608 2.589719 1.856948 0.000003 -0.000002 0.000001 -0.510190 0.070607 -26.040286 0.878166 0.124166 -24.536015 -0.000003 0.000001 0.000002 -0.465844 -0.517698 -26.327406 -1.589874 -0.498351 -26.467099 0.000000 -0.000000 -0.000001 1.325749 -5.876004 -27.238128 -4.646430 -2.259653 -57.539522 0.000001 0.000000 -0.000001 3.016216 -3.641095 -33.705939 -9.009879 -4.042108 -66.354263 0.000000 0.000001 0.000001 -1.698535 6.020522 -5.757141 16.037260 6.404444 74.990867 31.456750 -0.178293 -0.114739 -2.751352 -13.142933 -6.168951 -3.726514 -5.470245 -3.438448 -7.529636 2.693710 -2.554692 -0.000001 0.000012 -0.000009 -2.292159 -0.890528 28.760974 -1.402066 0.242388 24.970272 -0.000000 -0.000000 0.000004 -0.798412 -1.633849 41.711914 -3.454565 -15.522942 12.982781 0.000000 0.000000 -0.000003 -1.234407 -1.785153 45.688440 1.993715 -0.182466 14.104423 -0.000008 0.000011 -0.000001 -3.037705 -2.317220 51.871411 8.071517 -2.879458 30.974320 -0.000007 0.000009 0.000005 3.995408 -14.885001 9.865769 -7.028794 60.945915 -8.501791 -4.527528 1.916363 -4.803221 -1.348705 -16.630249 5.537686 -10.166964 0.634325 3.902445 -1.484288 28.589729 0.270413 0.627882 -15.169041 -4.920893 -0.171195 -5.384489 0.432787 
-0.113307 96.680809 1.170408 4.947220 -13.737413 -2.167164 0.756831 4.445459 1.106263 1.671971 8.883009 1.866148 1.671973 8.883011 1.866149 -1.130075 -12.015185 -0.504488 -6.209709 5.592092 -1.418407 3.150766 3.638021 1.048472 -25.600167 7.078083 -71.840613 -26.234337 -0.179569 0.089468 -7.876249 -14.980954 10.738960 6.526166 -3.889607 8.214342 6.685061 2.611912 1.863175 0.000003 -0.000002 0.000002 -0.507915 0.070517 -26.046131 0.877491 0.125716 -24.539840 -0.000002 0.000001 -0.000001 -0.464834 -0.518563 -26.333265 -1.590609 -0.498713 -26.477099 -0.000001 0.000001 -0.000002 1.324215 -5.876037 -27.243526 -4.646495 -2.261297 -57.543586 0.000001 0.000001 -0.000000 3.013857 -3.642694 -33.711147 -9.008512 -4.042929 -66.356401 -0.000000 -0.000002 0.000000 -0.870243 5.907103 -5.615074 15.505837 8.253863 73.954030 38.698851 -0.161199 -0.146918 -3.848244 -14.831505 -6.835886 -3.725796 -5.465410 -3.437414 -7.529002 2.691558 -2.553698 -0.000006 0.000013 -0.000006 -2.290799 -0.892332 28.671618 -1.398605 0.242486 24.889232 0.000000 0.000001 -0.000002 -0.803710 -1.630612 41.622794 -3.464139 -15.515031 12.914863 0.000000 0.000000 0.000003 -1.240944 -1.777829 45.599593 1.987203 -0.181678 14.034336 -0.000008 0.000010 -0.000004 -3.046748 -2.306374 51.783274 8.060096 -2.874157 30.903430 -0.000005 0.000010 0.000007 3.926880 -17.206917 8.268238 -4.731615 54.225616 -5.952145 -1.035774 -4.994461 -3.822594 -0.045481 -4.527600 1.058207 -10.442318 2.346818 3.599146 -1.380093 28.412545 0.322163 1.819711 -16.452387 -4.847079 -0.171120 -5.431859 0.432664 
-0.027345 96.725662 3.730551 4.424344 -13.228661 -2.563730 0.926883 4.376279 1.113642 1.997755 8.743475 1.873208 1.997756 8.743475 1.873210 -1.142038 -12.137729 -0.549363 -6.279302 5.560591 -1.443452 3.486576 3.666129 1.024013 -25.060398 7.624048 -72.557086 -25.360125 -0.190810 0.090848 -8.629308 -14.026610 10.509825 6.566396 -4.140159 7.535001 6.723467 2.626887 1.867163 0.000003 -0.000004 0.000003 -0.503039 0.070364 -26.059344 0.876082 0.129049 -24.548601 -0.000001 -0.000000 -0.000001 -0.462710 -0.520425 -26.346430 -1.592236 -0.499521 -26.499230 -0.000000 0.000001 0.000000 1.320852 -5.876162 -27.255776 -4.646654 -2.264865 -57.552922 0.000000 0.000001 0.000001 3.008731 -3.646164 -33.722918 -9.005601 -4.044777 -66.361558 -0.000000 -0.000002 -0.000000 -0.117064 5.804661 -5.502521 15.233419 9.562346 73.064473 43.960262 -0.143100 -0.159591 -4.191403 -16.177557 -7.294003 -3.724270 -5.454958 -3.435173 -7.527599 2.686894 -2.551541 -0.000003 0.000013 -0.000006 -2.288224 -0.896041 28.486745 -1.391429 0.242834 24.722418 -0.000001 0.000000 0.000001 -0.814834 -1.623882 41.438454 -3.484565 -15.498860 12.776379 -0.000000 -0.000001 0.000002 -1.254398 -1.762704 45.415748 1.973994 -0.180240 13.891117 -0.000008 0.000010 -0.000000 -3.065379 -2.284125 51.600860 8.036652 -2.863522 30.758381 -0.000005 0.000010 0.000008 4.808835 -19.565338 7.044436 -2.920837 46.390925 -3.936746 0.557472 -9.228258 -2.806817 -0.031495 -4.131705 0.074134 -10.170191 4.372891 3.971313 -1.530309 26.995247 0.222956 2.324130 -17.085686 -4.600746 -0.170888 -5.545988 0.432345 
0.079666 96.882629 6.261757 4.082178 -12.400797 -3.357886 1.023142 4.260371 1.193350 2.182661 8.510386 1.997547 2.182667 8.510382 1.997547 -1.127868 -12.276576 -0.568550 -6.221768 5.502920 -1.369819 3.771499 3.706042 0.885502 -24.797897 7.450041 -73.340481 -23.229786 -0.203294 0.085757 -9.877712 -12.702569 10.511309 6.607227 -4.294126 7.071113 6.750499 2.633426 1.868452 0.000003 -0.000002 -0.000001 -0.494864 0.070091 -26.081216 0.873690 0.134617 -24.563201 0.000000 0.000000 -0.000001 -0.459142 -0.523545 -26.368283 -1.594934 -0.500854 -26.536103 0.000000 -0.000000 0.000001 1.315256 -5.876347 -27.275968 -4.646890 -2.270819 -57.568407 0.000001 0.000003 0.000001 3.000189 -3.651972 -33.742439 -9.000759 -4.047820 -66.370027 -0.000001 0.000001 0.000001 0.503631 5.723479 -5.474774 15.237604 10.203683 72.331539 47.130228 -0.130405 -0.164861 -3.880375 -17.118604 -7.537510 -3.721716 -5.437537 -3.431459 -7.525271 2.679097 -2.547935 -0.000003 0.000011 -0.000005 -2.284365 -0.902115 28.188541 -1.379793 0.243642 24.454340 0.000000 -0.000001 -0.000002 -0.833053 -1.613210 41.141122 -3.518530 -15.473129 12.555512 -0.000000 0.000001 0.000004 -1.275982 -1.738495 45.119154 1.953033 -0.178166 13.662343 -0.000008 0.000010 -0.000002 -3.095287 -2.248652 51.306516 7.998926 -2.846850 30.526376 -0.000006 0.000010 0.000011 6.808422 -21.605731 5.842502 -1.619715 37.420141 -2.464546 0.468004 -12.155334 -2.853034 -0.031423 -3.981585 0.073705 -9.614213 6.711803 4.920006 -1.710856 24.306388 0.093673 2.428706 -16.954442 -4.199955 -0.170327 -5.792476 0.431642 
0.258878 96.797783 8.922295 3.783740 -11.437437 -4.339894 1.056947 4.136146 1.300268 2.248683 8.260837 2.166288 2.248680 8.260835 2.166288 -1.089518 -12.452258 -0.576457 -6.076963 5.396858 -1.161223 4.024256 3.758227 0.656099 -24.820995 6.677660 -74.064072 -20.272321 -0.217782 0.077019 -11.482039 -11.370451 10.852884 6.599961 -4.369272 6.850690 6.766805 2.631592 1.867030 -0.000000 -0.000004 0.000003 -0.483114 0.069705 -26.111875 0.870256 0.142615 -24.583324 -0.000000 -0.000000 -0.000000 -0.453939 -0.527987 -26.398939 -1.598764 -0.502775 -26.588282 -0.000002 -0.000000 -0.000003 1.307262 -5.876613 -27.304328 -4.647185 -2.279331 -57.589846 0.000000 0.000000 -0.000000 2.987990 -3.660265 -33.769712 -8.993755 -4.052123 -66.381400 -0.000000 0.000001 0.000001 0.932905 5.675293 -5.554127 15.490845 10.253125 71.850038 48.484576 -0.123564 -0.165548 -3.295598 -17.728244 -7.546061 -3.718039 -5.412470 -3.426076 -7.521890 2.667902 -2.542751 -0.000003 0.000013 -0.000008 -2.279469 -0.910525 27.775084 -1.363660 0.245252 24.084186 -0.000001 -0.000001 -0.000001 -0.858745 -1.598575 40.728906 -3.567261 -15.438282 12.253284 -0.000000 0.000001 -0.000002 -1.305769 -1.705179 44.707857 1.924487 -0.175667 13.348712 -0.000008 0.000012 -0.000003 -3.136564 -2.200074 50.898238 7.946884 -2.824582 30.207809 -0.000006 0.000006 0.000006 9.280980 -22.992512 4.430285 -0.408385 28.786802 -1.317080 -0.275997 -15.115238 -4.770044 -0.031215 -3.474077 0.072270 -9.187671 8.674465 5.967468 -1.830408 22.346610 -0.001321 2.649324 -17.114697 -3.708921 -0.169461 -6.155738 0.430592 
0.522680 96.574509 11.785748 3.426451 -10.635342 -5.192403 1.075264 4.048575 1.365709 2.296848 8.084474 2.284442 2.296849 8.084475 2.284443 -1.043257 -12.679112 -0.576844 -5.932833 5.201537 -0.832571 4.261778 3.819162 0.391605 -25.067610 5.698153 -74.613294 -17.388623 -0.233871 0.068847 -13.134929 -10.419886 11.531781 6.491467 -4.414709 6.837215 6.775753 2.623255 1.863480 0.000001 -0.000004 0.000001 -0.467997 0.069215 -26.150573 0.865803 0.152902 -24.608509 -0.000000 -0.000000 0.000000 -0.447197 -0.533671 -26.437605 -1.603620 -0.505231 -26.654711 0.000000 -0.000001 -0.000001 1.297040 -5.876907 -27.340023 -4.647548 -2.290268 -57.616689 -0.000000 0.000001 -0.000000 2.972367 -3.670913 -33.804051 -8.984688 -4.057584 -66.395299 -0.000000 0.000000 -0.000000 1.138488 5.666502 -5.681818 15.923637 9.978611 71.726603 48.628290 -0.121516 -0.164735 -2.990914 -18.131924 -7.295232 -3.713276 -5.380196 -3.419150 -7.517571 2.653455 -2.536112 -0.000008 0.000012 -0.000002 -2.274081 -0.920906 27.264773 -1.343710 0.247816 23.629586 0.000000 0.000000 -0.000000 -0.891111 -1.580911 40.220102 -3.629933 -15.396606 11.886169 -0.000001 0.000000 -0.000003 -1.342325 -1.664492 44.200063 1.890083 -0.173214 12.966714 -0.000007 0.000012 -0.000005 -3.187215 -2.141078 50.394030 7.882989 -2.798442 29.819069 -0.000005 0.000009 0.000007 10.780561 -23.880758 2.838365 0.791675 23.147636 -0.419539 -0.899389 -17.948694 -5.124162 -0.031049 -3.042127 0.071053 -8.994290 10.703478 6.650166 -1.929747 20.867903 -0.085071 3.275671 -17.403387 -3.159286 -0.168678 -6.500777 0.429603 
0.862698 96.336594 14.855173 2.870336 -10.203618 -5.687349 1.136296 4.007236 1.363932 2.443731 8.000970 2.284093 2.443731 8.000967 2.284094 -1.006942 -12.933732 -0.554670 -5.855282 4.916406 -0.440288 4.492893 3.884239 0.150107 -25.391911 4.996585 -74.928002 -15.485350 -0.248496 0.064147 -14.499440 -10.040365 12.396417 6.271631 -4.444266 7.014700 6.781711 2.610779 1.858454 -0.000000 -0.000004 -0.000001 -0.449812 0.068673 -26.197874 0.860456 0.165298 -24.639491 -0.000000 -0.000002 -0.000001 -0.439119 -0.540519 -26.484897 -1.609522 -0.508190 -26.735379 -0.000000 -0.000000 -0.000000 1.284655 -5.877328 -27.383711 -4.647988 -2.303422 -57.649754 0.000001 0.000002 -0.000003 2.953473 -3.683769 -33.846084 -8.973812 -4.064237 -66.412757 0.000000 0.000000 0.000000 1.119976 5.696650 -5.738495 16.476445 9.665256 72.015807 48.028545 -0.123281 -0.164177 -3.227780 -18.281951 -6.793482 -3.707559 -5.341368 -3.410800 -7.512376 2.636103 -2.528085 0.000001 0.000013 -0.000004 -2.268853 -0.932955 26.678717 -1.320767 0.251678 23.110579 0.000001 -0.000002 0.000001 -0.929213 -1.561107 39.635820 -3.705257 -15.350761 11.472495 -0.000000 -0.000000 -0.000000 -1.384019 -1.618354 43.616745 1.851624 -0.171147 12.534979 -0.000007 0.000013 -0.000003 -3.244967 -2.074613 49.814680 7.810118 -2.770178 29.378717 -0.000005 0.000007 0.000008 10.428403 -24.095422 1.686785 1.649792 21.119906 0.251663 -1.071083 -18.783538 -2.679931 -0.031076 -3.102208 0.071220 -8.678052 13.069828 6.813785 -2.022050 19.537963 -0.150987 4.099083 -17.501856 -2.630576 -0.168251 -6.757752 0.428896 
1.257903 96.085068 18.228197 1.884652 -10.104626 -5.776129 1.267672 3.976037 1.296409 2.719267 7.939385 2.134988 2.719270 7.939384 2.134989 -0.982449 -13.146885 -0.487783 -5.826363 4.635382 -0.027019 4.724004 3.950268 -0.031870 -25.574694 4.896614 -75.066409 -14.919860 -0.257052 0.063648 -15.372968 -10.179421 13.226795 6.034228 -4.390389 7.402141 6.788598 2.596229 1.852530 0.000003 -0.000004 0.000001 -0.428619 0.068102 -26.255413 0.854233 0.179695 -24.678122 0.000000 -0.000000 0.000005 -0.429914 -0.548559 -26.542399 -1.616581 -0.511740 -26.831674 -0.000000 -0.000000 -0.000005 1.270098 -5.877925 -27.437039 -4.648601 -2.318936 -57.690681 -0.000000 0.000003 -0.000000 2.931293 -3.698886 -33.897519 -8.961297 -4.072270 -66.435577 -0.000000 0.000002 0.000000 0.897779 5.762238 -5.633108 17.085336 9.479864 72.741453 46.777951 -0.128632 -0.163411 -3.533919 -17.821150 -6.217592 -3.700868 -5.296278 -3.401088 -7.506344 2.615927 -2.518787 -0.000004 0.000014 -0.000003 -2.264232 -0.946403 26.031827 -1.295431 0.256977 22.541591 0.000001 -0.000001 0.000001 -0.972387 -1.539912 38.990893 -3.792619 -15.302742 11.025900 -0.000001 -0.000000 0.000003 -1.429632 -1.568152 42.972610 1.810576 -0.169843 12.067154 -0.000007 0.000011 -0.000000 -3.308126 -2.002893 49.174688 7.730331 -2.741129 28.900296 -0.000006 0.000010 0.000008 9.095024 -23.455624 1.064850 2.453985 21.277639 0.669041 -1.247790 -15.990952 2.846163 -0.031312 -3.674584 0.072832 -7.816463 15.580619 6.565620 -1.915956 18.623201 -0.125176 4.619424 -17.437374 -2.182969 -0.167400 -7.236310 0.427531 
1.695023 95.730194 21.953154 0.374984 -10.138263 -5.504706 1.411004 3.907918 1.122542 3.017024 7.805661 1.811528 3.017025 7.805653 1.811524 -0.948855 -13.250105 -0.366181 -5.744972 4.509445 0.436040 4.953606 4.016155 -0.147043 -25.426515 5.274564 -75.195199 -15.143103 -0.258162 0.064909 -15.827666 -10.624634 13.890670 5.979344 -4.153713 7.925353 6.798342 2.580613 1.846079 0.000003 -0.000003 -0.000001 -0.404476 0.067525 -26.322564 0.847152 0.196075 -24.723680 -0.000000 0.000000 -0.000001 -0.419521 -0.557728 -26.609459 -1.624709 -0.515850 -26.942929 -0.000002 0.000002 -0.000001 1.253402 -5.878678 -27.499337 -4.649355 -2.336689 -57.738963 -0.000000 0.000002 0.000002 2.905921 -3.716236 -33.957628 -8.947129 -4.081575 -66.463157 0.000000 0.000001 -0.000001 0.499706 5.860664 -5.387232 17.643308 9.364861 73.911116 44.614208 -0.138072 -0.160400 -2.709694 -16.208421 -5.983195 -3.693241 -5.244953 -3.390001 -7.499479 2.592959 -2.508211 -0.000008 0.000013 -0.000002 -2.260677 -0.961126 25.334321 -1.268136 0.263958 21.932719 -0.000001 -0.000001 -0.000001 -1.020286 -1.517857 38.295542 -3.891749 -15.254085 10.556409 -0.000000 0.000001 -0.000001 -1.478309 -1.514806 42.277840 1.768008 -0.169552 11.573297 -0.000008 0.000011 -0.000001 -3.375440 -1.927374 48.484088 7.645161 -2.712369 28.393684 -0.000005 0.000011 0.000009 8.494609 -22.508760 0.813512 3.538040 22.273332 1.071787 -1.220758 -9.056306 6.571071 -0.031547 -4.282400 0.074550 -6.526028 17.631558 5.920106 -1.449131 19.054066 0.044512 4.609115 -17.482303 -1.788322 -0.164189 -8.656075 0.423175 
2.146323 95.475876 25.934481 -1.393081 -10.193449 -4.908717 1.486410 3.791035 0.821245 3.166248 7.576539 1.288720 3.166249 7.576543 1.288718 -0.871872 -13.250323 -0.205198 -5.484151 4.619808 1.056601 5.150788 4.081401 -0.213176 -24.945572 5.458101 -75.356521 -14.909949 -0.254543 0.062797 -16.213568 -11.100312 14.398739 6.283421 -3.730306 8.312021 6.810789 2.563848 1.838969 0.000001 -0.000004 0.000005 -0.377482 0.066893 -26.394091 0.839152 0.214390 -24.771103 -0.000001 -0.000000 -0.000002 -0.407611 -0.567843 -26.680997 -1.633536 -0.520350 -27.063897 -0.000000 0.000002 0.000003 1.234943 -5.879452 -27.565552 -4.649997 -2.356343 -57.789390 -0.000001 -0.000000 0.000001 2.877830 -3.735445 -34.021360 -8.931095 -4.091618 -66.490450 -0.000000 -0.000001 0.000000 -0.040332 5.987941 -5.142020 18.023495 9.034898 75.451549 41.160762 -0.151744 -0.152846 0.398068 -13.076547 -6.349497 -3.684665 -5.187443 -3.377538 -7.491786 2.567194 -2.496331 -0.000003 0.000015 -0.000002 -2.258573 -0.977020 24.596647 -1.239305 0.272869 21.294354 -0.000002 0.000000 0.000000 -1.072512 -1.495517 37.560160 -4.002354 -15.206270 10.074245 -0.000000 0.000000 0.000003 -1.529166 -1.459322 41.542720 1.725005 -0.170528 11.063592 -0.000006 0.000012 0.000001 -3.445642 -1.849668 47.753080 7.556155 -2.684916 27.868903 -0.000007 0.000008 0.000009 9.476788 -20.901929 0.697000 4.116314 22.143431 1.094240 -1.517398 -0.051305 6.603188 -0.031560 -4.309507 0.074642 -5.509619 19.228721 4.643758 -0.781014 20.375807 0.365898 4.416481 -16.654211 -1.333629 -0.157175 -11.574922 0.413558 
2.587466 95.455956 29.916725 -2.921569 -10.343025 -3.944544 1.436235 3.668733 0.397631 3.043359 7.338640 0.558982 3.043357 7.338640 0.558983 -0.720910 -13.255767 -0.048316 -4.950217 4.867942 1.954224 5.244562 4.143492 -0.266379 -24.396317 4.639464 -75.334282 -13.078224 -0.254466 0.054442 -16.959189 -11.352653 14.785232 6.905133 -3.288490 8.215984 6.826363 2.546208 1.831319 0.000003 -0.000002 -0.000003 -0.347735 0.066183 -26.465067 0.830190 0.234576 -24.815384 0.000000 -0.000001 -0.000000 -0.393801 -0.578717 -26.751976 -1.642675 -0.525039 -27.189568 -0.000002 0.000002 -0.000000 1.215171 -5.880041 -27.630685 -4.650312 -2.377447 -57.837052 -0.000001 -0.000001 0.000000 2.847550 -3.756175 -34.083795 -8.912997 -4.101899 -66.512580 -0.000000 0.000001 -0.000000 -0.672240 6.131507 -5.075808 18.188934 8.206909 77.153311 36.326119 -0.170125 -0.139610 5.846350 -8.605223 -6.837527 -3.675147 -5.123918 -3.363760 -7.483301 2.538741 -2.483288 -0.000008 0.000014 -0.000004 -2.258369 -0.993918 23.831355 -1.209440 0.283908 20.638827 -0.000002 -0.000001 0.000001 -1.128481 -1.473477 36.797279 -4.123729 -15.160725 9.591250 -0.000000 0.000001 0.000002 -1.581113 -1.402706 40.779716 1.682839 -0.172968 10.549953 -0.000007 0.000009 -0.000000 -3.517204 -1.771412 46.993969 7.465205 -2.659836 27.337716 -0.000007 0.000008 0.000007 11.806556 -18.624845 -0.010225 4.300407 21.846724 0.998085 -2.601024 4.516707 6.667820 -0.031237 -3.529252 0.072431 -5.686309 19.064431 2.383087 -0.243768 24.311047 0.771843 4.697479 -14.174603 -0.892854 -0.147266 -15.928358 -0.029276 
3.016032 95.643166 33.603638 -3.978198 -10.671164 -2.647409 1.258822 3.611309 -0.098269 2.639770 7.230935 -0.319965 2.639770 7.230928 -0.319965 -0.481713 -13.401334 0.044671 -4.107440 4.993987 3.147255 5.148386 4.200769 -0.353981 -24.221902 2.600039 -75.005074 -9.596844 -0.261919 0.040668 -18.193406 -11.254688 14.952001 7.545481 -3.079015 7.509706 6.851387 2.530872 1.824032 0.000006 -0.000001 0.000003 -0.315281 0.065469 -26.541603 0.820368 0.256583 -24.862833 0.000000 -0.000000 -0.000000 -0.378623 -0.590492 -26.828507 -1.652583 -0.530160 -27.325813 -0.000000 -0.000000 0.000000 1.193633 -5.880687 -27.700828 -4.650567 -2.400452 -57.888148 0.000001 0.000001 -0.000001 2.814588 -3.778787 -34.150970 -8.893184 -4.113007 -66.535789 0.000000 0.000001 -0.000000 -1.324995 6.272307 -5.291094 18.289729 6.956550 78.739548 30.712506 -0.189370 -0.117923 12.281534 -3.723618 -6.536867 -3.664694 -5.054602 -3.348676 -7.474053 2.507645 -2.468986 -0.000001 0.000012 -0.000007 -2.260486 -1.011699 23.052116 -1.179068 0.297189 19.979369 0.000000 0.000002 0.000003 -1.187529 -1.452341 36.020587 -4.254875 -15.118767 9.119979 -0.000000 -0.000001 -0.000001 -1.632993 -1.346051 40.002417 1.642807 -0.177053 10.045081 -0.000003 0.000011 -0.000003 -3.588451 -1.694391 46.220218 7.374317 -2.638119 26.812746 -0.000007 0.000009 0.000009 14.353349 -16.517460 -1.117160 4.385618 23.469599 1.065116 -3.848753 2.785773 6.848804 -0.030759 -2.293943 0.068929 -7.069027 15.707751 -0.744894 0.226852 32.475924 1.318895 5.711437 -9.187361 -0.687896 0.029748 -23.898376 -1.899949 
3.441577 95.846291 36.821495 -4.802082 -11.131608 -1.307140 0.991653 3.666665 -0.575864 2.043473 7.346016 -1.202045 2.043472 7.346014 -1.202047 -0.164476 -13.729910 0.027270 -2.983620 4.732338 4.478026 4.801876 4.252550 -0.527187 -24.829551 -0.059060 -74.468637 -5.697395 -0.276916 0.025452 -19.544120 -10.877700 14.749838 7.865023 -3.228930 6.448398 6.901059 2.525450 1.819406 0.000001 -0.000002 0.000002 -0.279859 0.065101 -26.648451 0.809967 0.280556 -24.938209 -0.000001 -0.000001 -0.000007 -0.363956 -0.604018 -26.935283 -1.665027 -0.536600 -27.497104 -0.000001 -0.000000 -0.000001 1.168544 -5.882420 -27.800533 -4.651833 -2.427032 -57.967406 0.000000 -0.000001 -0.000001 2.776763 -3.804890 -34.247405 -8.872892 -4.127596 -66.584789 0.000000 0.000003 0.000000 -1.926951 6.394145 -5.749503 18.603490 5.754645 79.954030 25.568591 -0.208772 -0.099301 17.662092 0.265771 -5.140822 -3.653343 -4.979689 -3.332323 -7.464047 2.474040 -2.453572 -0.000001 0.000013 -0.000011 -2.265320 -1.030210 22.272149 -1.148767 0.312880 19.328841 -0.000000 -0.000001 -0.000002 -1.248932 -1.432634 35.243144 -4.394781 -15.081384 8.672686 0.000000 0.000001 -0.000001 -1.683662 -1.290290 39.223867 1.606244 -0.182949 9.561394 -0.000005 0.000010 -0.000003 -3.657750 -1.620090 45.444729 7.285506 -2.620667 26.306313 -0.000006 0.000008 0.000009 16.230398 -14.133824 -2.125850 4.487355 25.034339 1.164545 -4.687202 -0.410446 7.001657 -0.030326 -1.210563 0.065857 -8.526036 9.708509 -4.015719 1.011553 43.373347 2.277861 6.944796 -1.326864 -0.733659 0.421994 -33.135006 -2.376643 
3.865694 95.881462 39.598282 -5.702903 -11.654229 -0.329123 0.680247 3.828141 -0.939282 1.371136 7.668317 -1.895918 1.371137 7.668312 -1.895919 0.194243 -14.134028 -0.097089 -1.678429 3.997382 5.659371 4.195201 4.299838 -0.824170 -26.204538 -2.143305 -73.602890 -3.517625 -0.235504 0.013199 -20.074421 -10.457656 14.152559 7.772712 -3.607248 5.524415 6.995657 2.540014 1.820325 0.000005 -0.000002 0.000007 -0.241016 0.065600 -26.822810 0.799329 0.306653 -25.078839 0.000001 -0.000001 -0.000000 -0.352479 -0.620464 -27.109359 -1.682767 -0.545833 -27.740450 -0.000000 -0.000000 -0.000001 1.137228 -5.886724 -27.966665 -4.655728 -2.459888 -58.111919 0.000000 -0.000000 -0.000000 2.730835 -3.837081 -34.409964 -8.853768 -4.149506 -66.696592 -0.000000 0.000001 -0.000000 -2.442286 6.496672 -6.297779 19.299150 5.130086 80.556986 22.168581 -0.225560 -0.089444 20.413410 2.501329 -3.179295 -3.641102 -4.899348 -3.314714 -7.453330 2.437980 -2.437075 -0.000006 0.000012 -0.000006 -2.273260 -1.049299 21.504019 -1.118971 0.331049 18.699571 -0.000000 -0.000001 -0.000001 -1.312009 -1.414801 34.477518 -4.542331 -15.049234 8.260950 0.000001 0.000000 0.000002 -1.732028 -1.236248 38.456615 1.574374 -0.190780 9.110771 -0.000004 0.000011 -0.000005 -3.723528 -1.549977 44.679915 7.200670 -2.608249 25.830114 -0.000008 0.000007 0.000010 17.238902 -12.149481 -2.673458 4.799315 26.761207 1.387343 -4.984387 -3.412307 6.836272 -0.030106 -0.648680 0.064293 -8.977417 2.898330 -6.631269 2.286020 54.354669 3.821402 7.477952 7.280948 -0.788443 0.681355 -36.023917 -2.668384 
4.303049 95.657051 42.079414 -6.606069 -12.273306 0.081038 0.360256 4.046881 -1.153464 0.690085 8.100864 -2.313939 0.690086 8.100866 -2.313937 0.538280 -14.425341 -0.264173 -0.356522 2.962617 6.434558 3.359889 4.341049 -1.244557 -28.193897 -3.200392 -72.061378 -3.363765 -0.216477 0.011529 -19.483849 -10.127293 13.684975 7.514784 -3.889068 5.144525 7.150879 2.582288 1.829317 0.000001 -0.000003 0.000001 -0.198336 0.067528 -27.096187 0.788809 0.334983 -25.316303 -0.000001 -0.000001 -0.000000 -0.346405 -0.640880 -27.382163 -1.707922 -0.559073 -28.087042 -0.000000 -0.000002 -0.000002 1.097430 -5.895047 -28.230357 -4.663328 -2.501193 -58.353127 0.000001 -0.000000 -0.000000 2.674216 -3.877633 -34.669682 -8.837175 -4.181899 -66.902529 -0.000000 -0.000002 -0.000000 -2.892869 6.593075 -6.761070 20.189069 5.323708 80.469703 20.974790 -0.234944 -0.087907 20.304237 2.949911 -1.239362 -3.627980 -4.813724 -3.295892 -7.441935 2.399512 -2.419478 -0.000001 0.000011 -0.000003 -2.284714 -1.068838 20.760305 -1.090112 0.351806 18.103835 -0.000001 -0.000001 -0.000001 -1.376062 -1.399328 33.736285 -4.696377 -15.022593 7.896575 -0.000001 -0.000000 -0.000001 -1.776997 -1.184709 37.713071 1.548419 -0.200673 8.705120 -0.000006 0.000014 0.000000 -3.784245 -1.485367 43.938183 7.121733 -2.601529 25.395963 -0.000006 0.000009 0.000010 17.589349 -10.823166 -2.718526 5.308810 29.185108 1.771648 -4.898969 -6.550965 6.941182 -0.030058 -0.544371 0.064089 -8.262270 -3.402879 -8.147736 4.121640 63.883176 5.972747 6.781717 12.804955 -0.831045 0.143683 -27.307510 -1.433350 
4.730700 95.640526 44.596069 -7.131658 -12.999363 0.018710 0.036320 4.260283 -1.251231 -0.000971 8.520544 -2.485956 -0.000974 8.520547 -2.485958 0.812771 -14.470294 -0.382861 0.802815 1.973664 6.731396 2.349626 4.370741 -1.728565 -30.250375 -3.344788 -69.820953 -4.558742 -0.257352 0.018710 -17.818473 -9.992561 13.901361 7.473932 -3.774056 5.412387 7.370331 2.653864 1.847020 0.000001 -0.000005 0.000000 -0.151603 0.071277 -27.478730 0.778471 0.365471 -25.660799 0.000000 0.000001 0.000002 -0.346213 -0.665534 -27.763701 -1.740989 -0.576941 -28.546815 -0.000001 -0.000002 -0.000002 1.048647 -5.908021 -28.601494 -4.674711 -2.551611 -58.700941 -0.000000 -0.000002 -0.000000 2.606406 -3.927511 -35.036401 -8.823258 -4.225599 -67.212593 -0.000001 0.000001 0.000000 -3.339371 6.698974 -7.038988 20.762691 6.184110 79.914641 21.326779 -0.236246 -0.091339 18.276370 2.147078 0.411248 -3.613995 -4.723038 -3.275872 -7.429841 2.358742 -2.400838 -0.000003 0.000014 -0.000006 -2.299979 -1.088676 20.053845 -1.062643 0.375193 17.554216 -0.000000 0.000001 0.000002 -1.440262 -1.386547 33.032233 -4.855632 -15.001512 7.591383 -0.000001 0.000000 -0.000001 -1.817447 -1.136450 37.006095 1.529623 -0.212718 8.356520 -0.000007 0.000011 -0.000001 -3.838280 -1.427583 43.232164 7.050652 -2.601157 25.015923 -0.000008 0.000008 0.000013 17.319261 -8.921276 -2.352811 5.637134 30.438424 2.028141 -4.511754 -9.115681 6.779067 -0.030049 -0.600070 0.064317 -7.062004 -8.223874 -8.505883 6.160531 70.166711 8.257233 5.246606 13.592283 -0.837774 -0.147298 -15.074810 0.400746 
5.089683 95.858597 47.183395 -7.047110 -13.684984 -0.316854 -0.306510 4.419963 -1.263729 -0.719078 8.832690 -2.470568 -0.719078 8.832695 -2.470567 0.989949 -14.274067 -0.394129 1.686611 1.358879 6.672679 1.233180 4.384422 -2.168167 -31.460579 -2.897195 -67.264379 -7.143431 -0.229357 0.025483 -14.973914 -10.292839 14.729773 7.849994 -3.197159 6.153046 7.645627 2.750581 1.872604 0.000003 -0.000004 0.000001 -0.101047 0.076951 -27.958259 0.768097 0.397925 -26.100161 -0.000000 0.000001 -0.000001 -0.350903 -0.693955 -28.241842 -1.780974 -0.599143 -29.107415 -0.000002 -0.000000 -0.000000 0.991854 -5.925583 -29.067926 -4.689014 -2.610226 -59.143271 -0.000001 0.000001 -0.000001 2.528743 -3.986269 -35.498050 -8.811267 -4.279224 -67.614809 0.000001 0.000000 0.000000 -3.832435 6.822708 -7.139852 20.555507 7.230374 79.225065 21.968402 -0.233174 -0.094434 15.414429 0.815331 1.588685 -3.599151 -4.627390 -3.254682 -7.417112 2.315702 -2.381193 -0.000004 0.000012 -0.000004 -2.319403 -1.108581 19.397278 -1.036987 0.401217 17.063054 -0.000001 0.000003 0.000002 -1.503806 -1.376742 32.377989 -5.018750 -14.985795 7.356942 -0.000000 0.000000 0.000004 -1.852270 -1.092117 36.348235 1.519168 -0.227007 8.077027 -0.000007 0.000012 -0.000001 -3.884093 -1.377783 42.574420 6.989304 -2.607691 24.701818 -0.000006 0.000009 0.000010 16.640979 -6.395135 -1.842184 5.656977 30.323625 2.052594 -4.093301 -10.988018 6.560558 -0.030006 -0.601000 0.064196 -6.101113 -11.855870 -7.972252 7.117064 73.177841 9.350755 3.852005 10.641582 -0.800448 -0.149678 -14.000143 0.404693 
5.321949 96.128136 49.749329 -6.500052 -14.131691 -0.767597 -0.659186 4.510840 -1.212740 -1.448198 9.009004 -2.323833 -1.448200 9.009002 -2.323833 1.079694 -13.954825 -0.301359 2.304880 1.267693 6.443317 0.091755 4.384579 -2.457258 -31.779272 -3.102583 -64.703010 -9.843651 -0.203490 0.030337 -11.943650 -11.182533 15.922125 8.516296 -2.362128 7.078688 7.963318 2.866023 1.904500 0.000003 -0.000004 0.000003 -0.047434 0.084583 -28.512222 0.756992 0.432162 -26.612085 0.000001 -0.000002 0.000003 -0.359145 -0.725336 -28.794281 -1.826459 -0.624878 -29.746416 -0.000001 0.000001 -0.000001 0.928269 -5.947148 -29.607726 -4.705416 -2.675675 -59.658185 0.000000 0.000004 0.000002 2.442983 -4.052711 -36.032752 -8.800413 -4.340671 -68.087444 0.000001 -0.000002 -0.000002 -4.372987 6.961099 -7.143684 19.527253 7.937235 78.578499 21.926468 -0.229194 -0.092784 12.233190 -0.405147 2.181981 -3.583448 -4.527025 -3.232324 -7.403760 2.270496 -2.360641 -0.000004 0.000012 -0.000004 -2.343315 -1.128356 18.802944 -1.013463 0.429885 16.642367 -0.000000 -0.000000 0.000001 -1.565912 -1.370163 31.785757 -5.184390 -14.975002 7.204621 0.000000 -0.000000 0.000002 -1.880424 -1.052390 35.751686 1.518172 -0.243660 7.878075 -0.000007 0.000013 -0.000001 -3.920216 -1.337172 41.976980 6.939468 -2.621588 24.465089 -0.000006 0.000007 0.000009 15.918743 -3.884019 -1.298012 5.602952 29.665687 2.014465 -4.017513 -12.498921 6.357988 -0.029946 -0.548968 0.063742 -5.702282 -14.810902 -6.954065 6.441471 73.334805 8.697890 3.121587 6.563970 -0.806982 -0.150685 -13.445903 0.406626 
5.447834 96.342377 52.208359 -5.761213 -14.263796 -1.261823 -1.006455 4.545306 -1.098682 -2.141822 9.074291 -2.105206 -2.141823 9.074290 -2.105205 1.116607 -13.650329 -0.151887 2.772610 1.623727 6.151296 -0.996829 4.381906 -2.553432 -31.453113 -4.278720 -62.323543 -12.648678 -0.177317 0.033623 -9.449646 -12.738320 16.945216 9.172328 -1.575712 7.928149 8.310941 2.994367 1.941191 0.000003 -0.000005 0.000002 0.008348 0.094222 -29.119637 0.744358 0.468087 -27.175518 -0.000002 -0.000000 0.000003 -0.369883 -0.758807 -29.400293 -1.876368 -0.653337 -30.442973 -0.000001 -0.000001 -0.000003 0.858922 -5.972182 -30.200610 -4.723402 -2.746637 -60.225439 0.000001 -0.000000 0.000002 2.350606 -4.125735 -36.620247 -8.790138 -4.408025 -68.610295 -0.000002 -0.000001 0.000001 -4.908566 7.102238 -7.134036 18.103155 8.109220 78.030274 20.980540 -0.225214 -0.085867 8.825513 -1.120319 2.334577 -3.566901 -4.422073 -3.208851 -7.389822 2.223180 -2.339113 -0.000003 0.000011 -0.000005 -2.372046 -1.147721 18.283127 -0.992364 0.461198 16.304128 0.000000 0.000001 0.000002 -1.625779 -1.366996 31.267879 -5.351233 -14.968271 7.145545 0.000000 0.000000 -0.000001 -1.900855 -1.017863 35.228733 1.527776 -0.262861 7.771307 -0.000007 0.000012 0.000000 -3.945221 -1.306824 41.452152 6.902920 -2.643401 24.317309 -0.000006 0.000008 0.000007 15.519028 -1.773047 -0.686119 5.666424 28.987593 2.038909 -4.551830 -13.867914 6.217621 -0.029909 -0.566616 0.063704 -5.786844 -17.295403 -5.716989 5.359819 70.898115 7.521999 2.645403 3.231358 -0.798969 -0.152434 -12.590063 0.409620 
5.538022 96.510384 54.522976 -4.989245 -14.160738 -1.736758 -1.319925 4.542705 -0.944131 -2.751075 9.066507 -1.860464 -2.751079 9.066504 -1.860466 1.136489 -13.443958 0.001071 3.226770 2.195290 5.800009 -1.982152 4.388570 -2.502653 -30.920639 -5.863434 -60.186097 -15.895792 -0.151974 0.036889 -7.992823 -14.793604 17.617735 9.608190 -1.039142 8.532044 8.678228 3.130416 1.981298 0.000003 -0.000002 0.000001 0.066170 0.105701 -29.763591 0.730233 0.505400 -27.773699 -0.000002 -0.000002 0.000001 -0.381705 -0.793766 -30.042959 -1.929130 -0.684062 -31.179967 -0.000001 0.000003 0.000001 0.785366 -6.000131 -30.829657 -4.741836 -2.821785 -60.827957 0.000001 0.000002 0.000001 2.253521 -4.204241 -37.243584 -8.779452 -4.479307 -69.166546 -0.000003 -0.000001 -0.000000 -5.361578 7.232965 -7.151781 16.869077 7.934636 77.649374 19.440322 -0.220298 -0.075855 5.358394 -1.253271 2.370632 -3.549546 -4.312752 -3.184267 -7.375305 2.173856 -2.316741 -0.000003 0.000014 -0.000002 -2.405914 -1.166331 17.851241 -0.974026 0.495114 16.061478 0.000001 -0.000000 0.000001 -1.682537 -1.367405 30.837676 -5.517902 -14.964388 7.192047 0.000000 -0.000001 0.000000 -1.912466 -0.989283 34.792741 1.549121 -0.284839 7.769429 -0.000007 0.000012 -0.000003 -3.957635 -1.288065 41.013076 6.881514 -2.673678 24.270983 -0.000006 0.000008 0.000009 15.595193 0.031759 -0.002290 5.783516 28.229802 2.081785 -5.649352 -15.061100 6.180372 -0.029946 -0.727447 0.064743 -6.088166 -19.177332 -4.401989 4.156836 66.029303 6.122803 1.613460 0.885198 -0.528223 -0.155713 -11.152458 0.414574 
5.631366 96.637680 56.708916 -4.260711 -13.934046 -2.115312 -1.576562 4.515652 -0.779954 -3.246485 9.010900 -1.609715 -3.246481 9.010899 -1.609716 1.161185 -13.353240 0.119334 3.744168 2.732787 5.356366 -2.847359 4.410204 -2.405011 -30.557074 -7.043677 -58.174463 -19.814630 -0.129688 0.041525 -7.677046 -16.956127 18.263914 9.823491 -0.763735 8.838839 9.054745 3.267968 2.023022 0.000003 -0.000004 -0.000006 0.127205 0.118582 -30.427680 0.715859 0.543440 -28.390274 -0.000001 -0.000000 0.000002 -0.391857 -0.829790 -30.705279 -1.981993 -0.716635 -31.940318 -0.000002 0.000003 0.000000 0.710719 -6.030248 -31.476992 -4.758458 -2.898900 -61.447749 0.000000 0.000002 0.000001 2.155206 -4.286725 -37.885038 -8.766240 -4.551560 -69.738356 -0.000001 0.000001 -0.000000 -5.665853 7.344532 -7.191664 16.197281 7.659792 77.503318 17.580507 -0.214073 -0.064820 2.281291 -0.988497 2.540134 -3.531362 -4.199195 -3.158640 -7.360235 2.122557 -2.293486 -0.000004 0.000013 -0.000003 -2.445326 -1.183749 17.521686 -0.958693 0.531700 15.928630 0.000000 -0.000000 -0.000000 -1.735267 -1.371508 30.509543 -5.682942 -14.961891 7.357384 0.000001 -0.000001 0.000001 -1.914077 -0.967410 34.458028 1.583508 -0.309957 7.886112 -0.000008 0.000012 -0.000003 -3.955893 -1.282339 40.674098 6.877170 -2.713152 24.339782 -0.000006 0.000008 0.000008 15.996979 1.699660 0.662156 5.827579 27.326518 2.077189 -6.961424 -16.071809 6.211294 -0.029998 -0.971423 0.066317 -6.420811 -20.261205 -3.160613 2.430479 58.973281 4.185546 -0.318916 -0.907981 -0.074619 -0.159708 -9.492628 0.420098 
5.710511 96.675247 58.821781 -3.693864 -13.605617 -2.295588 -1.769160 4.465380 -0.637857 -3.622207 8.910710 -1.371598 -3.622206 8.910707 -1.371594 1.196425 -13.354541 0.178013 4.312358 3.094118 4.818979 -3.590277 4.446719 -2.351378 -30.551334 -7.388380 -56.158150 -24.349298 -0.112330 0.048438 -8.213238 -18.754757 19.357736 9.944798 -0.635238 8.910015 9.429355 3.400847 2.064418 0.000001 -0.000005 0.000000 0.192197 0.132459 -31.094689 0.702120 0.581690 -29.008100 -0.000002 0.000003 -0.000003 -0.398086 -0.866322 -31.369703 -2.032559 -0.750599 -32.706296 -0.000003 0.000003 -0.000003 0.637714 -6.061505 -32.124620 -4.771480 -2.975960 -62.066571 0.000000 -0.000001 -0.000001 2.058674 -4.371493 -38.526536 -8.748869 -4.622069 -70.307754 0.000000 -0.000001 -0.000000 -5.794375 7.435600 -7.227904 16.095317 7.238143 77.568512 15.318164 -0.207356 -0.053333 0.130183 -0.627384 2.860794 -3.512368 -4.081610 -3.131937 -7.344660 2.069395 -2.269453 -0.000004 0.000011 -0.000003 -2.490632 -1.199480 17.307626 -0.946555 0.570863 15.918248 -0.000001 -0.000000 -0.000002 -1.783144 -1.379388 30.296564 -5.845042 -14.959719 7.653567 0.000001 0.000001 0.000000 -1.904610 -0.953065 34.237645 1.631961 -0.338604 8.133802 -0.000007 0.000012 -0.000004 -3.938674 -1.291043 40.448063 6.891525 -2.762494 24.535976 -0.000006 0.000009 0.000014 16.424119 3.220253 1.136138 5.832098 26.478289 2.055360 -8.086351 -17.058894 6.212478 -0.029984 -1.156107 0.066588 -6.719840 -20.597204 -2.150402 0.720455 50.184228 2.348245 -2.784099 -2.240230 0.074218 -0.163033 -8.135109 0.424420 
5.745296 96.589439 60.913368 -3.396644 -13.122768 -2.176849 -1.902316 4.383406 -0.541377 -3.887254 8.748635 -1.181708 -3.887260 8.748632 -1.181709 1.234739 -13.407206 0.165095 4.851348 3.285413 4.227979 -4.201665 4.497331 -2.381467 -30.898577 -6.924354 -54.153066 -29.253048 -0.098591 0.056713 -9.161019 -19.858683 21.072232 10.085069 -0.528532 8.867142 9.792831 3.526374 2.104424 0.000003 -0.000005 0.000003 0.258548 0.147556 -31.750459 0.686692 0.620676 -29.613091 -0.000002 0.000002 0.000001 -0.401856 -0.902497 -32.023096 -2.082282 -0.784950 -33.464580 0.000002 0.000002 0.000000 0.564532 -6.093500 -32.760879 -4.782790 -3.053394 -62.673058 0.000000 -0.000003 -0.000000 1.962360 -4.457995 -39.156552 -8.729054 -4.691245 -70.863301 0.000001 0.000000 0.000000 -5.769972 7.511520 -7.238657 16.334338 6.319685 77.703982 12.404191 -0.199646 -0.040550 -0.786891 -0.433722 3.140846 -3.492593 -3.960146 -3.104214 -7.328566 2.014418 -2.244619 -0.000006 0.000012 0.000000 -2.542076 -1.213067 17.216726 -0.937564 0.612570 16.037940 -0.000001 -0.000000 -0.000003 -1.825739 -1.390915 30.206443 -6.003128 -14.957764 8.087344 0.000000 0.000002 0.000000 -1.883470 -0.946723 34.139280 1.695000 -0.371277 8.519409 -0.000005 0.000012 -0.000001 -3.905277 -1.315029 40.342669 6.925314 -2.822187 24.866562 -0.000007 0.000011 0.000009 16.650613 4.558856 1.239488 5.947178 25.798610 2.089617 -8.837455 -18.133464 6.110689 -0.029928 -1.188841 0.064447 -6.773586 -20.499843 -1.452805 -0.137654 40.350736 1.354645 -5.328043 -2.869214 -0.337490 -0.164833 -7.361915 0.426783 
5.734412 96.399223 63.004631 -3.309552 -12.464753 -1.714012 -1.984925 4.260674 -0.513656 -4.057522 8.505860 -1.079552 -4.057519 8.505860 -1.079551 1.259549 -13.469072 0.089993 5.257956 3.402986 3.629799 -4.663484 4.562294 -2.487110 -31.508189 -5.891190 -52.280081 -34.182068 -0.086638 0.062835 -10.271011 -20.235458 23.194928 10.282359 -0.375777 8.814977 10.139227 3.645692 2.143067 0.000003 -0.000003 -0.000001 0.320736 0.164536 -32.384915 0.664435 0.661763 -30.195300 -0.000001 -0.000002 0.000001 -0.408117 -0.937540 -32.657525 -2.135950 -0.818433 -34.207274 -0.000003 -0.000002 -0.000001 0.485541 -6.126743 -33.381146 -4.797402 -3.133841 -63.263247 -0.000000 -0.000001 -0.000000 1.860720 -4.547077 -39.770433 -8.711379 -4.762431 -71.400912 -0.000000 0.000004 -0.000001 -5.652360 7.580889 -7.211460 16.690856 4.623919 77.817083 8.880563 -0.188960 -0.026824 -0.566767 -0.525249 3.137914 -3.472011 -3.834967 -3.075482 -7.312015 1.957695 -2.219045 -0.000003 0.000013 -0.000004 -2.599615 -1.224174 17.248675 -0.931436 0.656671 16.286934 0.000000 0.000000 0.000001 -1.863024 -1.405808 30.238815 -6.156733 -14.956905 8.657632 0.000000 0.000000 0.000002 -1.850679 -0.948487 34.162581 1.772194 -0.408396 9.042029 -0.000007 0.000011 -0.000001 -3.855973 -1.354430 40.357556 6.977976 -2.892258 25.330617 -0.000005 0.000010 0.000007 16.620599 5.799157 0.888680 6.259145 25.138670 2.203095 -9.316923 -19.228936 5.911695 -0.029935 -1.141341 0.062452 -6.047937 -20.280128 -1.181046 -0.047424 30.265740 1.071589 -8.076598 -2.729570 -0.842356 -0.165181 -7.138508 0.427425 
5.676106 96.171959 65.113853 -3.213724 -11.706184 -0.978282 -2.022881 4.105894 -0.547091 -4.136681 8.200206 -1.042763 -4.136684 8.200209 -1.042764 1.252449 -13.511265 -0.013171 5.453699 3.532124 3.051219 -4.964001 4.642620 -2.644337 -32.303786 -4.529151 -50.661388 -38.766415 -0.076359 0.063783 -11.575437 -20.098878 25.341967 10.522630 -0.168994 8.796555 10.460144 3.755435 2.178973 0.000001 -0.000004 0.000003 0.377785 0.183193 -32.983035 0.634640 0.705136 -30.739772 -0.000002 -0.000000 0.000001 -0.416696 -0.970819 -33.258339 -2.193235 -0.850147 -34.919472 -0.000002 -0.000002 0.000002 0.401025 -6.160396 -33.971254 -4.815683 -3.216645 -63.822920 -0.000001 0.000003 0.000001 1.754265 -4.637700 -40.354038 -8.696043 -4.834871 -71.906353 -0.000001 0.000003 0.000000 -5.503885 7.652433 -7.136337 17.079422 2.364832 78.046598 5.356466 -0.174175 -0.014543 0.281014 -0.872083 2.758671 -3.450673 -3.706266 -3.045755 -7.294987 1.899307 -2.192809 -0.000004 0.000011 -0.000005 -2.663000 -1.232627 17.396005 -0.927690 0.703013 16.657626 -0.000001 0.000000 0.000001 -1.895485 -1.423651 30.386330 -6.306096 -14.958119 9.356563 0.000001 0.000002 0.000001 -1.806938 -0.958109 34.300233 1.862435 -0.450270 9.693623 -0.000006 0.000012 -0.000001 -3.791914 -1.408581 40.485427 7.047852 -2.972434 25.920389 -0.000006 0.000008 0.000009 16.393128 7.162989 0.198737 6.706210 24.156837 2.342801 -9.759301 -20.155887 5.653471 -0.030207 -1.260944 0.067795 -4.187136 -19.949558 -1.519781 0.345649 20.692140 0.885199 -11.469507 -2.197153 -0.676472 -0.164713 -7.235647 0.427095 
5.569873 95.985970 67.250366 -2.927732 -10.951618 -0.147815 -2.036427 3.942800 -0.619267 -4.158859 7.878514 -1.050354 -4.158857 7.878511 -1.050353 1.205310 -13.531596 -0.102808 5.422610 3.686052 2.510303 -5.105730 4.738232 -2.838864 -33.237053 -3.011223 -49.381499 -42.697073 -0.068968 0.061632 -13.159881 -19.702663 27.185364 10.774167 0.061447 8.796895 10.736807 3.838374 2.206175 0.000001 -0.000006 -0.000000 0.440490 0.200873 -33.513979 0.608234 0.747696 -31.215631 -0.000002 -0.000000 0.000001 -0.414025 -1.001905 -33.790223 -2.240531 -0.879841 -35.565656 -0.000002 -0.000001 -0.000000 0.327215 -6.190097 -34.489617 -4.825769 -3.291703 -64.308710 -0.000000 -0.000001 -0.000000 1.659525 -4.722929 -40.865729 -8.672295 -4.895934 -72.336887 -0.000002 0.000002 0.000000 -5.352911 7.730700 -7.005733 17.498139 0.281337 78.499330 2.825783 -0.154510 -0.006570 0.976046 -1.405003 2.159395 -3.428600 -3.574218 -3.015148 -7.277548 1.839349 -2.165882 -0.000001 0.000013 -0.000004 -2.731859 -1.238276 17.648032 -0.925721 0.751420 17.139012 -0.000001 -0.000000 0.000002 -1.923730 -1.443960 30.638296 -6.451744 -14.961871 10.172924 0.000000 0.000001 0.000000 -1.753268 -0.975074 34.541554 1.964242 -0.497214 10.462859 -0.000006 0.000012 -0.000000 -3.714671 -1.476533 40.715714 7.132790 -3.062291 26.624791 -0.000005 0.000008 0.000001 15.978073 8.615191 -0.495518 7.057293 23.043663 2.411576 -10.161433 -21.006711 4.643981 -0.030991 -1.862620 0.089751 -1.736020 -19.126548 -2.383511 0.324931 12.087145 0.544028 -15.308442 -1.621088 0.197771 -0.164044 -7.399254 0.426561 
5.360832 95.778946 69.451286 -2.452843 -10.306049 0.558433 -2.033626 3.801585 -0.666297 -4.153234 7.599859 -1.038978 -4.153232 7.599863 -1.038978 1.127115 -13.549476 -0.154391 5.215961 3.830677 2.041905 -5.096540 4.848344 -3.068965 -34.268067 -1.440413 -48.497307 -45.784052 -0.064474 0.060151 -14.936838 -19.197261 28.567449 10.993464 0.260712 8.758296 10.944102 3.871989 2.216904 0.000005 -0.000005 0.000005 0.523021 0.214202 -33.940183 0.599540 0.785220 -31.585260 -0.000002 -0.000001 0.000000 -0.382588 -1.030208 -34.209778 -2.260300 -0.907236 -36.102351 -0.000002 -0.000000 -0.000000 0.284926 -6.209681 -34.884802 -4.812533 -3.346061 -64.666906 -0.000001 -0.000001 -0.000002 1.597439 -4.793278 -41.254158 -8.626338 -4.929169 -72.639868 -0.000002 -0.000003 0.000000 -5.187591 7.813574 -6.828441 17.954993 -0.887318 78.917406 2.094468 -0.132024 -0.004019 0.797188 -2.111965 1.650826 -3.405737 -3.439001 -2.983552 -7.259708 1.777852 -2.138297 -0.000004 0.000011 -0.000007 -2.805720 -1.241015 17.994559 -0.925021 0.801689 17.720605 0.000001 0.000001 0.000002 -1.948314 -1.466370 30.984559 -6.594485 -14.967769 11.096003 0.000000 0.000002 0.000001 -1.690663 -0.999026 34.876425 2.076161 -0.549498 11.338919 -0.000008 0.000011 -0.000002 -3.625805 -1.557446 41.038372 7.230711 -3.161517 27.433221 -0.000006 0.000008 0.000007 15.490584 9.701302 -0.929675 7.357779 22.782998 2.523803 -10.640216 -21.641914 3.705037 -0.033072 -3.175028 0.135924 0.037618 -18.599570 -3.080664 -0.115566 6.943761 0.282516 -18.476584 -1.892441 0.885776 -0.163549 -7.506269 0.426196 
5.031996 95.553230 71.718895 -1.829369 -9.812816 1.009367 -2.041804 3.682359 -0.673747 -4.174507 7.363402 -1.009089 -4.174505 7.363400 -1.009089 1.036300 -13.580845 -0.170301 4.911046 3.964206 1.691023 -4.935593 4.973434 -3.328008 -35.375271 0.142329 -48.078750 -47.920467 -0.061998 0.059146 -16.671138 -18.641526 29.472720 11.123394 0.365061 8.591472 11.072842 3.857612 2.210842 0.000001 -0.000006 0.000002 0.617878 0.223508 -34.252354 0.601488 0.819162 -31.839531 0.000000 0.000001 -0.000001 -0.329676 -1.055183 -34.510811 -2.259782 -0.931289 -36.523153 -0.000001 -0.000000 0.000001 0.265649 -6.219891 -35.155086 -4.783145 -3.384452 -64.896878 -0.000000 0.000000 0.000001 1.559321 -4.849823 -41.517756 -8.564664 -4.940185 -72.814659 -0.000001 -0.000002 -0.000001 -4.988730 7.894885 -6.641922 18.417918 -0.888447 78.993112 3.286903 -0.110413 -0.005149 -0.532485 -3.010988 1.473118 -3.382155 -3.300781 -2.951061 -7.241510 1.714944 -2.110146 -0.000003 0.000012 -0.000004 -2.884260 -1.240673 18.427039 -0.925099 0.853649 18.393687 -0.000003 -0.000000 -0.000000 -1.969788 -1.490515 31.416623 -6.735037 -14.975055 12.116809 -0.000003 0.000000 0.000004 -1.620004 -1.029652 35.296372 2.196921 -0.607466 12.312760 -0.000007 0.000010 -0.000002 -3.526733 -1.650588 41.445031 7.339843 -3.269946 28.336790 -0.000005 0.000008 0.000007 15.048143 9.516427 -0.913438 7.591053 25.049510 2.797307 -11.168108 -21.602223 3.454211 -0.038338 -5.246912 0.210405 0.313734 -19.413264 -2.918244 -0.350776 7.246616 0.233630 -19.933613 -3.095284 0.001170 -0.163020 -7.598972 0.425865 
4.567945 95.284851 74.102585 -0.993787 -9.449913 1.202105 -2.067097 3.561397 -0.635089 -4.232880 7.122439 -0.937628 -4.232886 7.122439 -0.937627 0.943644 -13.619028 -0.164539 4.553483 4.164511 1.472827 -4.610453 5.115985 -3.588940 -36.570086 1.709034 -48.251598 -48.978607 -0.060750 0.057164 -18.134810 -18.110487 29.895383 11.118959 0.341176 8.223186 11.148682 3.837918 2.201265 -0.000002 -0.000004 0.000003 0.684295 0.235312 -34.495000 0.574092 0.860134 -32.023239 -0.000000 -0.000001 0.000000 -0.301161 -1.076857 -34.754335 -2.284588 -0.950359 -36.889155 0.000003 -0.000001 0.000000 0.215553 -6.233460 -35.384748 -4.779042 -3.438942 -65.089210 -0.000002 -0.000001 0.000003 1.490882 -4.912224 -41.740809 -8.524648 -4.969165 -72.949856 -0.000000 0.000003 0.000000 -4.765960 7.970680 -6.495932 18.792919 0.001085 78.788869 5.795412 -0.091056 -0.007251 -2.691296 -4.073144 1.624746 -3.357863 -3.159722 -2.917696 -7.222928 1.650650 -2.081460 -0.000001 0.000011 -0.000003 -2.967112 -1.237092 18.937970 -0.925527 0.907155 19.150387 -0.000000 -0.000000 -0.000002 -1.988548 -1.516093 31.927019 -6.874057 -14.983184 13.227269 -0.000002 -0.000001 -0.000000 -1.542107 -1.066767 35.793972 2.325313 -0.671427 13.376180 -0.000005 0.000011 -0.000001 -3.418740 -1.755464 41.928281 7.458486 -3.387468 29.327538 -0.000006 0.000009 0.000011 14.569384 8.794741 -0.483615 7.559551 28.505533 3.076261 -11.514036 -20.954237 3.557972 -0.049319 -7.955420 0.313160 -0.877657 -21.104250 -1.903382 -0.072387 11.216416 0.387926 -19.753136 -3.496008 -3.208358 -0.162345 -7.728859 0.425410 
4.008678 95.016136 76.613403 0.135358 -9.107018 1.198762 -2.099271 3.410531 -0.554344 -4.304067 6.821838 -0.807223 -4.304067 6.821843 -0.807224 0.843661 -13.644812 -0.144750 4.139337 4.544317 1.340469 -4.107949 5.279303 -3.807473 -37.849674 3.135866 -49.191313 -48.751326 -0.060067 0.052734 -19.116496 -17.775774 29.738818 11.004651 0.233445 7.690727 11.212271 3.857000 2.202583 -0.000002 -0.000003 0.000001 0.689192 0.256351 -34.730979 0.484897 0.918286 -32.199585 -0.000005 -0.000001 0.000000 -0.336179 -1.095714 -35.016522 -2.373737 -0.963519 -37.276563 0.000001 -0.000001 -0.000000 0.088672 -6.262687 -35.668610 -4.835032 -3.537138 -65.343873 -0.000001 0.000001 0.000001 1.346016 -4.999968 -42.017807 -8.537975 -5.051650 -73.143068 -0.000001 0.000002 -0.000000 -4.550093 8.043326 -6.410817 18.997929 1.133676 78.511809 8.661299 -0.070936 -0.007911 -5.011432 -5.218157 1.883621 -3.332862 -3.016013 -2.883509 -7.204031 1.585053 -2.052241 -0.000003 0.000011 -0.000003 -3.053944 -1.230145 19.519424 -0.925877 0.962065 19.982559 -0.000001 0.000000 0.000000 -2.005067 -1.542821 32.507862 -7.012274 -14.991804 14.419021 0.000001 -0.000001 0.000000 -1.457797 -1.110088 36.361342 2.460142 -0.741656 14.520731 -0.000006 0.000012 -0.000001 -3.303129 -1.871463 42.480314 7.584928 -3.513906 30.397204 -0.000006 0.000008 0.000005 13.886701 8.137965 0.186660 7.177494 31.769255 3.173158 -11.430399 -20.000049 3.178595 -0.067250 -11.065934 0.436995 -2.846518 -22.540022 -0.709104 0.087194 15.462932 0.588855 -19.176466 -1.486661 -6.927224 -0.161941 -7.765480 0.425251 
3.400284 94.763550 79.258797 1.418352 -8.719215 0.980642 -2.105932 3.234999 -0.411247 -4.319030 6.474110 -0.553465 -4.319030 6.474113 -0.553465 0.725101 -13.658194 -0.110139 3.656427 5.144841 1.202020 -3.429234 5.463158 -3.946427 -39.068300 4.116837 -51.033189 -47.014402 -0.059185 0.045577 -19.259581 -17.829794 28.836096 10.913181 0.152986 7.173592 11.257481 3.869575 2.201034 0.000008 -0.000002 -0.000001 0.690079 0.279452 -34.947455 0.390477 0.980804 -32.355470 0.000001 0.000001 -0.000000 -0.374163 -1.112575 -35.261224 -2.466642 -0.973400 -37.648867 0.000003 0.000001 0.000000 -0.043270 -6.291605 -35.937676 -4.895933 -3.636480 -65.582930 -0.000000 -0.000001 0.000001 1.196350 -5.089285 -42.279414 -8.554985 -5.136485 -73.318331 0.000000 -0.000000 -0.000000 -4.340742 8.116304 -6.349402 19.020199 1.848797 78.137166 11.058728 -0.050993 -0.006204 -6.961658 -6.323288 2.006144 -3.307170 -2.869816 -2.848492 -7.184811 1.518235 -2.022511 -0.000003 0.000011 -0.000003 -3.144348 -1.219721 20.163053 -0.925753 1.018150 20.881596 0.000001 -0.000000 -0.000000 -2.019860 -1.570424 33.150839 -7.150376 -15.000854 15.683163 -0.000002 0.000001 0.000003 -1.367955 -1.159379 36.990225 2.600112 -0.818314 15.737362 -0.000007 0.000011 -0.000004 -3.181223 -1.997896 43.092893 7.717422 -3.649015 31.537022 -0.000006 0.000008 0.000009 13.038316 8.079674 1.029740 6.521940 33.765990 2.957138 -10.968345 -19.241898 2.319438 -0.089726 -14.293851 0.562876 -5.009523 -23.743198 0.239693 -0.624212 19.346864 0.463368 -19.166112 1.626597 -8.389122 -0.162681 -7.432065 0.426267 
2.777884 94.627480 81.943367 2.511233 -8.380673 0.412961 -2.060073 3.070548 -0.194180 -4.225503 6.150835 -0.155257 -4.225505 6.150844 -0.155257 0.587933 -13.694219 -0.064623 3.135976 5.868702 0.976705 -2.600779 5.663064 -3.996042 -39.843362 4.255610 -53.744583 -43.675009 -0.057163 0.036498 -18.017385 -18.275990 27.049684 11.036684 0.165748 6.844397 11.182502 3.683515 2.135659 0.000001 -0.000001 0.000002 0.882021 0.273691 -34.987883 0.483153 0.997221 -32.333313 -0.000003 -0.000001 -0.000001 -0.201429 -1.128363 -35.253530 -2.349860 -0.987290 -37.770393 -0.000000 -0.000001 -0.000001 0.071550 -6.256782 -35.847210 -4.769530 -3.586330 -65.432003 -0.000001 -0.000001 -0.000002 1.292646 -5.083301 -42.181852 -8.402109 -5.037391 -73.111376 -0.000000 0.000003 0.000000 -4.070465 8.187199 -6.242215 18.867465 1.878205 77.527818 12.682416 -0.033142 -0.003047 -8.513833 -7.188558 1.931866 -3.280782 -2.721304 -2.812683 -7.165322 1.450289 -1.992369 -0.000004 0.000011 -0.000003 -3.237916 -1.205784 20.860274 -0.924776 1.075244 21.838635 -0.000002 0.000001 0.000001 -2.033381 -1.598626 33.847395 -7.289085 -15.010027 17.010672 0.000000 0.000001 -0.000002 -1.273442 -1.214274 37.672018 2.743911 -0.901506 17.016931 -0.000007 0.000012 -0.000002 -3.054354 -2.133985 43.757573 7.854213 -3.792373 32.737998 -0.000005 0.000009 0.000008 12.151819 8.852571 2.120904 5.845039 34.188727 2.600685 -10.314572 -18.471253 1.427678 -0.110488 -17.390034 0.661393 -7.308931 -24.150606 1.251654 -2.120750 22.006963 -0.096233 -19.356490 4.145976 -7.782056 -0.165057 -6.578554 0.428877 
2.162076 94.648582 84.542847 3.180183 -8.279439 -0.544414 -1.956859 2.961345 0.090442 -4.016623 5.938098 0.347180 -4.016626 5.938102 0.347181 0.447439 -13.806478 -0.022076 2.647359 6.523928 0.646533 -1.672994 5.872357 -3.958179 -39.672594 3.374963 -57.079044 -38.915481 -0.053127 0.026814 -14.956779 -18.788553 24.358678 11.472317 0.148881 6.634573 10.821529 3.024348 1.918212 -0.000002 -0.000002 -0.000001 1.529086 0.185786 -34.603193 1.022147 0.885926 -31.882794 -0.000005 -0.000001 0.000001 0.474531 -1.156507 -34.637440 -1.731742 -1.027335 -37.283800 -0.000001 -0.000003 -0.000001 0.780196 -6.088743 -34.888958 -4.181405 -3.198333 -64.344432 0.000003 -0.000003 -0.000000 1.980234 -4.862412 -41.217931 -7.827141 -4.513272 -71.991027 -0.000004 -0.000000 -0.000002 -3.639723 8.245408 -6.050900 18.539013 1.363013 76.681496 13.783751 -0.019818 0.000117 -10.058530 -7.575370 1.809489 -3.253758 -2.570624 -2.776098 -7.145555 1.381245 -1.961786 -0.000004 0.000012 -0.000003 -3.334250 -1.188330 21.602676 -0.922620 1.133153 22.845050 -0.000001 0.000001 0.000001 -2.046053 -1.627135 34.589225 -7.429095 -15.019200 18.392752 -0.000002 -0.000001 -0.000002 -1.175134 -1.274404 38.398494 2.890323 -0.991241 18.350536 -0.000007 0.000012 0.000001 -2.923789 -2.278914 44.466137 7.993659 -3.943598 33.991372 -0.000005 0.000007 0.000007 11.431338 9.909788 3.678038 5.304529 34.225149 2.279379 -9.686249 -17.038402 0.460679 -0.122775 -20.256932 0.705899 -9.772157 -23.482213 2.684472 -3.563490 23.604575 -0.732704 -18.936367 4.928559 -6.802942 -0.168572 -5.390212 0.432428 
1.547244 94.798904 86.966240 3.526422 -8.454406 -1.612652 -1.818878 2.931866 0.381797 -3.733049 5.883498 0.852223 -3.733046 5.883497 0.852223 0.319052 -14.034143 0.004537 2.230205 6.941346 0.256855 -0.708883 6.083871 -3.811984 -38.304872 1.792142 -60.654737 -33.269916 -0.047525 0.019630 -10.238042 -18.830155 20.920909 12.065061 -0.220911 6.201675 10.060579 1.710102 1.488839 0.000003 -0.000010 -0.000001 2.794221 -0.054497 -33.616053 2.162568 0.556338 -30.826638 -0.000002 -0.000002 0.000001 1.838589 -1.257396 -33.163932 -0.430386 -1.159997 -35.938960 -0.000005 -0.000000 0.000001 2.311873 -5.831530 -32.699561 -2.908332 -2.429361 -61.938355 -0.000000 0.000000 0.000000 3.491917 -4.432643 -39.019300 -6.608028 -3.480052 -69.584485 -0.000001 0.000000 0.000001 -3.005037 8.279800 -5.806971 18.048867 0.628395 75.704423 14.936048 -0.013712 0.001914 -11.985749 -7.384597 1.814033 -3.226082 -2.417995 -2.738826 -7.125564 1.311220 -1.930838 -0.000004 0.000012 -0.000006 -3.432925 -1.167426 22.382038 -0.918979 1.191684 23.892272 -0.000000 0.000001 0.000001 -2.058314 -1.655746 35.368144 -7.570973 -15.028084 19.820642 0.000001 0.000003 -0.000003 -1.073867 -1.339380 39.161457 3.038149 -1.087428 19.729299 -0.000008 0.000011 -0.000001 -2.790757 -2.431831 45.210429 8.134210 -4.102122 35.288514 -0.000006 0.000007 0.000008 11.102127 10.134138 5.692785 4.825847 35.574982 2.014106 -9.304225 -14.340573 -1.017146 -0.154371 -23.874474 1.735020 -11.998387 -22.058980 4.224618 -4.358601 24.865811 -1.125788 -17.808508 3.797838 -6.246896 -0.171931 -4.279188 0.435611 
0.917050 94.990112 89.169540 3.838443 -8.713334 -2.359959 -1.675624 2.981068 0.609184 -3.431391 5.984674 1.257127 -3.431390 5.984675 1.257127 0.199960 -14.380197 0.015843 1.832298 7.052536 -0.132599 0.229075 6.289307 -3.512311 -36.099951 0.221508 -64.015094 -27.584815 -0.042432 0.014477 -4.777570 -17.975579 17.090897 12.447941 -1.244314 5.230433 8.949999 -0.186573 0.868227 0.000001 -0.000005 0.000000 4.587730 -0.506890 -32.083441 3.805270 -0.047029 -29.223661 -0.000002 0.000002 0.000000 3.796816 -1.538269 -30.913808 1.455213 -1.491098 -33.816038 -0.000000 0.000003 0.000000 4.569539 -5.700015 -29.368826 -0.939047 -1.507235 -58.321783 0.000001 -0.000000 0.000000 5.743918 -4.014869 -35.661418 -4.697359 -2.169241 -65.989046 -0.000003 0.000001 -0.000000 -2.234648 8.291912 -5.581151 17.478394 -0.022408 74.691465 16.710346 -0.016254 0.001541 -14.299003 -6.847206 1.959314 -3.197785 -2.263563 -2.700831 -7.105341 1.240259 -1.899533 -0.000003 0.000013 -0.000004 -3.533517 -1.143140 23.190068 -0.913605 1.250641 24.971875 0.000000 0.000001 0.000000 -2.070549 -1.684220 36.175841 -7.715324 -15.036363 21.285543 0.000001 0.000003 0.000000 -0.970490 -1.408729 39.952713 3.186192 -1.189900 21.144321 -0.000007 0.000012 -0.000000 -2.656400 -2.591780 45.982401 8.274326 -4.267364 36.620776 -0.000006 0.000006 0.000008 11.156737 8.487935 7.856697 4.187740 39.257988 1.676065 -9.366136 -9.814755 -3.492780 -0.461952 -30.141782 3.786478 -13.449111 -20.656575 5.269490 -4.639425 26.350974 -1.307835 -16.726068 1.489583 -5.906868 -0.174107 -3.565471 0.437591 
0.276174 95.157707 91.148758 4.322359 -8.868176 -2.622345 -1.538000 3.094502 0.757909 -3.139588 6.212633 1.531819 -3.139588 6.212634 1.531820 0.067951 -14.808589 0.021790 1.326258 6.872043 -0.497686 1.086782 6.479754 -3.049765 -33.949780 -0.676202 -66.681600 -22.804026 -0.041189 0.011291 0.199111 -16.181061 13.302240 12.323399 -2.884010 3.803157 7.712758 -2.319963 0.165021 0.000003 -0.000005 0.000002 6.565895 -1.151604 -30.326918 5.603873 -0.872597 -27.397147 -0.000001 -0.000002 0.000002 5.965225 -2.052432 -28.340161 3.537912 -2.064562 -31.368586 -0.000001 -0.000002 0.000002 7.091157 -5.906459 -25.525952 1.412444 -0.794757 -54.170008 0.000000 0.000001 0.000001 8.285316 -3.881997 -31.763457 -2.358926 -1.007944 -61.853141 0.000000 0.000002 0.000000 -1.468075 8.299330 -5.412226 16.994815 -0.408309 73.665107 19.404796 -0.025583 -0.001515 -16.545763 -6.537794 2.145777 -3.168896 -2.107504 -2.662159 -7.084938 1.168457 -1.867887 -0.000001 0.000012 -0.000006 -3.635580 -1.115639 24.018430 -0.906260 1.309798 26.075140 -0.000000 0.000001 0.000004 -2.083134 -1.712298 37.003875 -7.862626 -15.043726 22.778396 0.000001 0.000000 -0.000001 -0.865834 -1.481879 40.763802 3.333303 -1.298339 22.586529 -0.000008 0.000012 -0.000005 -2.521846 -2.757726 46.773856 8.412596 -4.438568 37.979482 -0.000006 0.000007 0.000007 11.263306 4.992951 9.854052 3.444615 44.624730 1.198716 -10.009186 -2.919583 -7.192041 -1.610971 -38.625888 6.673286 -14.046717 -19.728595 5.658962 -4.775359 28.009158 -1.433243 -16.389961 -0.958954 -5.447041 -0.175041 -3.272934 0.438381 
-0.299375 95.172020 92.887909 5.011350 -8.960214 -2.613155 -1.397353 3.249061 0.841126 -2.842679 6.521144 1.689527 -2.842678 6.521141 1.689528 -0.099766 -15.249669 0.021969 0.602712 6.446464 -0.860493 1.824786 6.651377 -2.514805 -32.700279 -0.638631 -68.356711 -19.605471 -0.046939 0.010941 3.863473 -13.845616 9.956091 11.722205 -4.677913 2.428300 6.634575 -4.224390 -0.470521 -0.000000 -0.000002 0.000002 8.299390 -1.844569 -28.787656 7.142364 -1.731967 -25.788327 -0.000000 -0.000000 -0.000003 7.857240 -2.691782 -26.068552 5.335197 -2.759562 -29.223497 -0.000000 0.000000 -0.000001 9.272951 -6.408246 -22.082534 3.593949 -0.485535 -50.451821 -0.000002 -0.000001 0.000002 10.502807 -4.080260 -28.248324 -0.128025 -0.289829 -58.124083 -0.000000 -0.000000 -0.000002 -0.808922 8.320729 -5.275305 16.779743 -0.489713 72.563233 22.893776 -0.036790 -0.007016 -18.077767 -7.087523 2.347549 -3.139393 -1.949952 -2.622869 -7.064354 1.095881 -1.835969 -0.000003 0.000011 -0.000003 -3.738661 -1.085123 24.858742 -0.896781 1.368940 27.193447 -0.000000 0.000000 0.000002 -2.096396 -1.739743 37.843790 -8.013275 -15.049869 24.290178 0.000000 0.000001 -0.000004 -0.760675 -1.558247 41.586433 3.478394 -1.412359 24.046986 -0.000008 0.000012 -0.000000 -2.388112 -2.928519 47.576625 8.547662 -4.614875 39.355939 -0.000006 0.000009 0.000008 11.248438 1.388115 11.356855 2.888410 50.724888 0.695530 -10.731843 0.313581 -7.524602 -1.541035 -38.169085 6.561483 -14.240101 -19.336049 5.670703 -4.941937 29.968138 -1.593129 -16.717566 -3.189104 -4.762347 -0.175300 -3.204889 0.438549 
-0.733376 95.043518 94.410789 5.805102 -9.181253 -2.635362 -1.232582 3.421174 0.911481 -2.488526 6.862993 1.803206 -2.488527 6.862997 1.803208 -0.306091 -15.612448 -0.004736 -0.339086 5.859559 -1.261052 2.430476 6.811035 -2.074294 -32.558747 0.207264 -69.145625 -18.096894 -0.058446 0.013039 6.107720 -11.653018 7.445599 10.993824 -6.006991 1.649601 5.918074 -5.545100 -0.919390 -0.000000 -0.000004 -0.000001 9.490101 -2.388983 -27.799602 8.146313 -2.394364 -24.730302 0.000002 -0.000000 0.000002 9.136980 -3.240659 -24.575832 6.521232 -3.351702 -27.859787 -0.000000 -0.000000 -0.000002 10.705703 -6.928600 -19.760637 5.124408 -0.489919 -47.933612 0.000002 0.000000 -0.000002 11.960913 -4.401860 -25.864012 1.485597 -0.005126 -55.567468 0.000001 0.000000 0.000000 -0.246227 8.358490 -5.123504 16.905845 -0.369589 71.292907 26.629972 -0.045957 -0.014285 -18.447883 -8.724434 2.624418 -3.109338 -1.791110 -2.582959 -7.043637 1.022590 -1.803796 -0.000003 0.000011 -0.000005 -3.842369 -1.051898 25.702799 -0.885014 1.427887 28.318318 0.000000 -0.000000 0.000000 -2.110656 -1.766409 38.687861 -8.167609 -15.054389 25.812584 0.000002 0.000002 -0.000001 -0.655799 -1.637163 42.412825 3.620524 -1.531474 25.517136 -0.000007 0.000011 -0.000002 -2.256193 -3.102975 48.382670 8.678336 -4.795380 40.741457 -0.000006 0.000008 0.000011 10.585727 -1.939214 12.767341 2.272290 56.678542 0.006003 -10.546512 0.955271 -7.536162 -1.012374 -32.344450 5.646120 -14.561019 -18.996914 5.608676 -5.106224 31.979533 -1.760958 -17.114410 -5.200572 -4.024728 -0.175476 -3.162824 0.438644 
-1.021688 94.940872 95.784775 6.516055 -9.570063 -2.739692 -1.025847 3.583718 1.012683 -2.031508 7.184347 1.948444 -2.031505 7.184345 1.948445 -0.529108 -15.818182 -0.087124 -1.382769 5.283337 -1.723752 2.931043 6.970586 -1.855965 -33.045620 1.464855 -69.491472 -17.817095 -0.073080 0.017006 7.316243 -10.248241 6.109156 10.543857 -6.500433 1.620027 5.597296 -6.197244 -1.148767 -0.000000 -0.000003 -0.000003 10.085550 -2.675424 -27.438390 8.579898 -2.740450 -24.298407 -0.000000 0.000000 -0.000000 9.750037 -3.554315 -23.973694 7.049707 -3.694160 -27.390891 -0.000001 0.000001 -0.000002 11.336736 -7.235282 -18.748734 5.858718 -0.616561 -46.812358 0.000000 -0.000001 0.000004 12.588695 -4.633328 -24.815604 2.300015 0.016958 -54.389561 -0.000001 -0.000001 0.000004 0.327185 8.395723 -4.958343 17.256927 -0.280358 69.834067 29.866460 -0.052948 -0.022669 -17.684261 -11.014864 2.981307 -3.078742 -1.631171 -2.542480 -7.022782 0.948700 -1.771435 -0.000004 0.000012 -0.000004 -3.946238 -1.016296 26.542547 -0.870899 1.486410 29.441428 -0.000001 -0.000001 0.000001 -2.126170 -1.792092 39.528535 -8.325792 -15.057019 27.337446 -0.000001 0.000001 0.000003 -0.551864 -1.717973 43.235343 3.758784 -1.655158 26.988808 -0.000007 0.000011 0.000002 -2.126948 -3.279820 49.183970 8.803479 -4.979000 42.127545 -0.000006 0.000008 0.000010 9.247910 -6.311916 13.719103 1.431522 63.147899 -0.896180 -9.345643 1.518274 -6.623201 -0.517971 -24.234560 3.732625 -15.140716 -18.265936 5.526548 -5.202511 33.471127 -1.874181 -17.159153 -6.912396 -3.436617 -0.175732 -3.077960 0.438864 
-1.213696 95.034531 97.132729 6.932048 -9.926620 -2.757376 -0.776432 3.705215 1.153838 -1.471103 7.422252 2.129634 -1.471105 7.422248 2.129633 -0.738290 -15.846162 -0.233993 -2.375382 4.968089 -2.242603 3.385443 7.137733 -1.846690 -33.468897 2.641419 -69.849237 -18.147410 -0.087611 0.021953 7.953731 -9.942688 5.961136 10.496826 -6.263133 2.074850 5.555703 -6.354277 -1.213091 0.000001 -0.000004 0.000003 10.243084 -2.740686 -27.537613 8.599720 -2.819362 -24.326265 -0.000001 0.000000 0.000001 9.876179 -3.650835 -24.030427 7.101002 -3.808165 -27.584802 0.000001 -0.000000 0.000002 11.389434 -7.311772 -18.717678 5.987705 -0.758546 -46.733981 -0.000002 -0.000000 -0.000000 12.612218 -4.729879 -24.771395 2.493495 -0.082702 -54.243860 -0.000000 0.000001 -0.000002 1.017203 8.412029 -4.842527 17.560514 -0.506128 68.308046 32.064945 -0.057946 -0.030420 -16.259508 -13.069057 3.343026 -3.047644 -1.470242 -2.501455 -7.001835 0.874238 -1.738858 0.000001 0.000011 -0.000007 -4.049889 -0.978730 27.369577 -0.854348 1.544343 30.554062 0.000001 0.000000 0.000001 -2.143228 -1.816577 40.357143 -8.487983 -15.057260 28.855370 -0.000000 -0.000001 -0.000004 -0.449666 -1.799837 44.045452 3.892294 -1.782650 28.452724 -0.000007 0.000013 0.000002 -2.001216 -3.457626 49.972427 8.922121 -5.164634 43.505481 -0.000006 0.000008 0.000009 7.750663 -11.063782 14.013125 -0.198786 68.505124 -2.545082 -7.017499 0.701636 -4.897363 -0.090504 -12.529378 1.146247 -15.689750 -17.125041 5.327871 -5.171829 34.045744 -1.876832 -16.896423 -8.199663 -3.045862 -0.176027 -2.980761 0.439120 
-1.341904 95.317978 98.493370 6.935427 -10.066695 -2.541554 -0.494703 3.763750 1.287136 -0.853586 7.533500 2.263578 -0.853586 7.533496 2.263577 -0.915690 -15.758056 -0.419851 -3.227948 5.107533 -2.779654 3.850948 7.311799 -1.912606 -33.448710 3.449412 -70.426087 -18.772912 -0.099377 0.026879 8.274314 -10.679986 6.553223 10.580479 -5.749847 2.668071 5.622254 -6.291064 -1.202810 -0.000000 -0.000004 0.000001 10.196053 -2.699313 -27.837923 8.427429 -2.767850 -24.554559 -0.000000 -0.000001 0.000002 9.776804 -3.641181 -24.381106 6.932003 -3.809633 -28.074980 0.000001 -0.000000 -0.000002 11.174812 -7.274809 -19.132210 5.834372 -0.897335 -47.128394 -0.000001 0.000001 -0.000001 12.356668 -4.759419 -25.183886 2.395862 -0.229792 -54.565411 -0.000001 -0.000000 0.000001 1.838016 8.403475 -4.835152 17.530104 -1.235816 66.941851 33.203708 -0.060732 -0.035677 -14.766051 -14.123618 3.603446 -3.016029 -1.308534 -2.459946 -6.980786 0.799307 -1.706144 -0.000008 0.000017 -0.000003 -4.152847 -0.939696 28.174981 -0.835355 1.601492 31.647043 0.000000 -0.000001 -0.000001 -2.162136 -1.839690 41.162979 -8.654321 -15.054364 30.354938 -0.000000 -0.000000 0.000003 -0.349987 -1.881642 44.832989 4.020147 -1.913129 29.898023 -0.000008 0.000012 -0.000003 -1.879707 -3.634876 50.739580 9.033350 -5.351065 44.866218 -0.000006 0.000007 0.000009 6.567647 -15.207614 13.644858 -2.272480 71.359931 -4.629115 -3.964764 -2.771465 -3.378077 -0.034197 -4.369340 0.143759 -15.878494 -15.902151 4.960572 -5.005107 33.850114 -1.767964 -16.589290 -9.073280 -2.772680 -0.176162 -2.906418 0.439309 
-1.413032 95.679810 99.824081 6.589851 -10.030335 -2.084644 -0.190370 3.766063 1.321870 -0.235699 7.533351 2.270601 -0.235695 7.533352 2.270601 -1.063381 -15.668734 -0.600121 -3.953130 5.674497 -3.270333 4.347280 7.486126 -1.925162 -33.088349 3.983161 -71.158564 -19.799829 -0.107342 0.031723 8.288798 -12.213142 7.305551 10.392593 -5.394929 3.238417 5.673710 -6.209924 -1.185423 -0.000000 -0.000004 0.000001 10.115899 -2.643306 -28.148982 8.224054 -2.695200 -24.793160 -0.000000 -0.000000 0.000001 9.642851 -3.616691 -24.757189 6.729368 -3.793720 -28.591573 -0.000000 -0.000000 0.000002 10.918318 -7.224299 -19.595751 5.638337 -1.036131 -47.575215 0.000000 0.000001 -0.000002 12.058287 -4.783071 -25.646957 2.254857 -0.385076 -54.937776 0.000001 -0.000000 -0.000001 2.698778 8.387236 -4.919301 17.027235 -2.417041 65.934726 33.769015 -0.061575 -0.038209 -13.502162 -14.102161 3.601211 -2.983945 -1.146195 -2.417966 -6.959690 0.723972 -1.673296 -0.000001 0.000014 -0.000005 -4.254720 -0.899765 28.949958 -0.813921 1.657730 32.711316 0.000002 -0.000002 0.000001 -2.183193 -1.861257 41.936142 -8.824773 -15.047680 31.825574 -0.000001 0.000001 0.000002 -0.253625 -1.962360 45.588388 4.141566 -2.045588 31.314546 -0.000006 0.000013 -0.000001 -1.763092 -3.810029 51.477114 9.136358 -5.536941 46.200878 -0.000006 0.000009 0.000009 5.929958 -18.532535 12.732010 -3.023038 71.409498 -5.358000 -1.215940 -6.953871 -2.971156 -0.029162 -1.495022 0.085032 -15.662028 -14.815567 4.423038 -4.763045 33.303022 -1.603789 -16.358576 -9.682899 -2.531902 -0.176274 -2.849890 0.439461 
-1.424671 96.012459 101.097397 6.098539 -9.968589 -1.533457 0.106470 3.743289 1.263273 0.342610 7.484164 2.161372 0.342613 7.484161 2.161370 -1.192404 -15.672789 -0.741248 -4.610017 6.405681 -3.645838 4.850965 7.655942 -1.866344 -32.747086 4.534644 -71.841050 -21.472542 -0.112339 0.037365 7.963160 -14.240159 8.026448 9.781034 -5.332728 3.778088 5.675141 -6.170997 -1.181064 0.000003 -0.000004 -0.000003 10.055253 -2.600841 -28.414403 8.038874 -2.635546 -24.985790 0.000001 0.000001 0.000002 9.532723 -3.604952 -25.078510 6.550139 -3.789324 -29.053818 0.000001 -0.000001 0.000001 10.689162 -7.188796 -19.989250 5.472111 -1.175096 -47.948809 0.000001 0.000001 0.000003 11.789128 -4.816315 -26.038824 2.145074 -0.534932 -55.237352 0.000001 -0.000001 0.000001 3.468641 8.387559 -5.002113 16.166544 -3.764594 65.315296 34.428726 -0.061342 -0.040042 -12.254434 -13.679873 3.179118 -2.951434 -0.983395 -2.375543 -6.938536 0.648341 -1.640384 -0.000001 0.000011 -0.000005 -4.355170 -0.859499 29.687219 -0.790129 1.712883 33.739191 -0.000000 0.000002 0.000003 -2.206465 -1.881235 42.672140 -8.999138 -15.037264 33.262144 0.000000 0.000000 0.000001 -0.160900 -2.041252 46.306668 4.256238 -2.179307 32.696546 -0.000007 0.000012 -0.000003 -1.651873 -3.981491 52.177430 9.230594 -5.720978 47.501244 -0.000006 0.000010 0.000009 5.828927 -20.769147 11.544295 -2.392979 68.472483 -4.635470 0.230661 -10.116339 -3.575446 -0.028855 -1.613442 0.060964 -15.312758 -13.872584 3.783849 -4.533455 32.813024 -1.453108 -16.108383 -10.241052 -2.273714 -0.176457 -2.787037 0.439613 
-1.367977 96.270714 102.335541 5.609953 -9.933384 -1.013435 0.373454 3.720504 1.152709 0.850083 7.435726 2.012255 0.850085 7.435727 2.012257 -1.304288 -15.783848 -0.837904 -5.205918 6.992340 -3.865432 5.325481 7.822842 -1.815812 -32.662856 5.281434 -72.320317 -23.798650 -0.115633 0.044626 7.435666 -16.410670 9.025240 8.943907 -5.413956 4.284109 5.648938 -6.141051 -1.178661 0.000001 -0.000003 0.000003 9.987615 -2.557867 -28.665583 7.847281 -2.571987 -25.163996 0.000001 -0.000001 -0.000000 9.416826 -3.592104 -25.388747 6.365318 -3.782281 -29.505461 0.000000 0.000001 0.000000 10.452361 -7.153497 -20.376111 5.299032 -1.313943 -48.316581 0.000000 -0.000000 -0.000003 11.512589 -4.850029 -26.424352 2.028347 -0.684878 -55.531255 0.000000 0.000000 -0.000001 4.062813 8.417132 -4.987923 15.308435 -4.940203 64.920074 35.626499 -0.060796 -0.042950 -10.476789 -13.724380 2.360551 -2.918495 -0.820273 -2.332740 -6.917406 0.572446 -1.607427 -0.000008 0.000013 -0.000004 -4.453962 -0.819482 30.380552 -0.764129 1.766873 34.724279 0.000000 -0.000002 0.000003 -2.231868 -1.899611 43.370871 -9.177193 -15.023775 34.663920 -0.000000 0.000000 -0.000001 -0.071839 -2.117974 46.986309 4.364172 -2.313755 34.041912 -0.000008 0.000013 -0.000002 -1.546393 -4.147796 52.833648 9.315699 -5.901955 48.759891 -0.000005 0.000008 0.000009 6.173645 -21.714206 10.155325 -1.842717 62.502296 -3.877098 -0.106577 -11.599182 -4.362863 -0.030676 -3.089183 0.063110 -15.112333 -13.052365 3.105086 -4.332535 32.580398 -1.330038 -15.710764 -10.884589 -1.981635 -0.176673 -2.709496 0.439808 
-1.221685 96.475716 103.590370 5.162057 -9.870401 -0.642773 0.583835 3.696650 1.038750 1.247028 7.385272 1.899599 1.247026 7.385275 1.899599 -1.383293 -15.932422 -0.903228 -5.648310 7.320552 -3.935590 5.754607 7.991891 -1.848020 -32.769339 6.147963 -72.628400 -26.415222 -0.117476 0.052688 7.009655 -18.334425 10.679902 8.206186 -5.418441 4.713645 5.621751 -6.079452 -1.164741 0.000001 -0.000000 0.000004 9.879383 -2.496458 -28.940905 7.618283 -2.482966 -25.366255 -0.000000 -0.000001 0.000004 9.257707 -3.561152 -25.741422 6.138572 -3.755159 -30.000206 0.000001 -0.000000 -0.000001 10.163439 -7.101849 -20.834652 5.073711 -1.453304 -48.761188 0.000000 0.000001 0.000002 11.182750 -4.875839 -26.883382 1.857675 -0.843548 -55.901151 0.000000 -0.000000 0.000002 4.483339 8.473621 -4.848891 14.897274 -5.733096 64.530015 37.374822 -0.059654 -0.046643 -7.713777 -14.584216 1.342101 -2.885172 -0.657026 -2.289597 -6.896235 0.496351 -1.574425 -0.000004 0.000011 -0.000003 -4.550738 -0.780395 31.022139 -0.736004 1.819569 35.658352 0.000000 -0.000003 0.000001 -2.259581 -1.916324 44.024678 -9.358762 -15.006969 36.022421 0.000000 -0.000000 0.000001 0.013067 -2.191534 47.619553 4.464939 -2.447966 35.342179 -0.000007 0.000011 -0.000003 -1.447016 -4.307391 53.438037 9.391221 -6.078416 49.968305 -0.000006 0.000008 0.000009 6.782959 -21.224176 8.573791 -1.668716 54.063140 -3.353531 -1.747181 -11.487241 -4.732288 -0.032006 -4.117443 0.072833 -15.109499 -12.272463 2.493733 -4.142347 32.457547 -1.217650 -15.175627 -11.572405 -1.653115 -0.176909 -2.631572 0.440010 
-0.972095 96.640991 104.895203 4.741694 -9.761148 -0.562729 0.710768 3.653142 0.968355 1.489039 7.295811 1.860583 1.489042 7.295814 1.860583 -1.406791 -16.020429 -0.946414 -5.799629 7.541341 -3.902016 6.142100 8.164203 -1.952705 -32.843713 6.869412 -72.923375 -28.746695 -0.117076 0.059277 6.909222 -19.712172 12.941746 7.760646 -5.234664 5.029195 5.598846 -5.980121 -1.137411 0.000001 -0.000005 0.000003 9.726201 -2.414093 -29.246184 7.348315 -2.364904 -25.598396 0.000000 -0.000001 -0.000003 9.050414 -3.510216 -26.144342 5.865281 -3.705683 -30.545726 -0.000000 -0.000000 0.000003 9.816414 -7.033366 -21.375804 4.790719 -1.593817 -49.293704 0.000000 0.000000 -0.000001 10.793812 -4.894795 -27.426857 1.627427 -1.012727 -56.357766 -0.000000 0.000000 0.000000 4.791472 8.547058 -4.626618 15.200987 -6.120317 64.044198 39.334803 -0.057307 -0.048916 -3.920507 -15.873524 0.318392 -2.851497 -0.493813 -2.246133 -6.875116 0.420171 -1.541431 -0.000004 0.000011 -0.000009 -4.645053 -0.743239 31.599180 -0.705901 1.870974 36.528244 -0.000001 0.000003 0.000001 -2.290423 -1.931061 44.607282 -9.543538 -14.984165 37.310400 -0.000001 -0.000000 -0.000000 0.092103 -2.259226 48.183542 4.557279 -2.579926 36.573713 -0.000009 0.000012 -0.000002 -1.354250 -4.457973 53.979897 9.456699 -6.248785 51.115295 -0.000006 0.000005 0.000010 7.371972 -19.562449 7.102655 -1.374753 45.028370 -2.688444 -3.552701 -10.208293 -4.567530 -0.031769 -3.892096 0.076400 -15.160879 -11.403767 2.110263 -3.979783 32.246071 -1.119683 -14.637060 -12.218086 -1.270791 -0.177021 -2.572666 0.440167 
-0.640534 96.769814 106.242989 4.347935 -9.687840 -0.824075 0.743383 3.577919 0.962908 1.552716 7.144271 1.886345 1.552717 7.144276 1.886345 -1.364451 -15.987270 -0.961860 -5.591864 7.914664 -3.808003 6.479636 8.333479 -2.051087 -32.767590 7.182610 -73.313912 -30.281705 -0.114341 0.062306 7.054283 -20.471358 15.271996 7.619813 -4.878723 5.207955 5.571598 -5.859482 -1.102326 0.000001 -0.000005 0.000003 9.543093 -2.318169 -29.565881 7.051881 -2.226429 -25.845304 0.000000 -0.000000 0.000002 8.811503 -3.446789 -26.575260 5.561803 -3.641336 -31.119667 0.000000 -0.000000 -0.000005 9.430926 -6.956602 -21.966218 4.470593 -1.735254 -49.878665 -0.000000 0.000001 -0.000000 10.366422 -4.912179 -28.020663 1.358771 -1.188795 -56.866021 -0.000000 -0.000002 0.000002 5.044613 8.628736 -4.373170 16.123942 -6.244166 63.556666 41.053631 -0.053999 -0.048255 0.491700 -16.868084 -0.570439 -2.817498 -0.330795 -2.202402 -6.854027 0.343982 -1.508464 -0.000008 0.000009 -0.000004 -4.736355 -0.709232 32.097221 -0.673947 1.921069 37.319283 0.000000 -0.000001 0.000001 -2.325294 -1.943541 45.088247 -9.730922 -14.952392 38.496261 0.000001 0.000001 -0.000001 0.163345 -2.317837 48.652100 4.639943 -2.707188 37.709608 -0.000006 0.000016 -0.000003 -1.268578 -4.597254 54.447823 9.511604 -6.411202 52.188717 -0.000004 0.000009 0.000009 7.782783 -17.584158 6.136881 -0.815164 37.913311 -1.954754 -4.634595 -8.548881 -3.849504 -0.030516 -2.766886 0.072444 -15.099475 -10.308316 2.024221 -3.881787 31.851747 -1.054787 -14.234866 -12.776304 -0.820640 -0.176994 -2.538425 0.440256 
-0.280065 96.941383 107.583298 3.990813 -9.752215 -1.282373 0.695559 3.477949 1.004850 1.459566 6.945071 1.937213 1.459566 6.945069 1.937213 -1.268726 -15.841447 -0.939726 -5.098203 8.581655 -3.648229 6.723626 8.490558 -2.075637 -32.614170 7.007168 -73.750183 -30.788768 -0.110055 0.061319 7.140881 -20.715788 16.986283 7.734125 -4.406364 5.213179 5.533751 -5.730525 -1.063931 0.000001 -0.000004 0.000003 9.342245 -2.214646 -29.887945 6.740767 -2.074532 -26.095004 0.000001 0.000000 -0.000003 8.554371 -3.376821 -27.016670 5.241469 -3.568020 -31.704273 -0.000000 0.000001 0.000001 9.022968 -6.877854 -22.579519 4.129772 -1.877085 -50.488174 -0.000000 0.000000 -0.000001 9.917246 -4.931444 -28.637703 1.068543 -1.368341 -57.398342 0.000000 -0.000001 0.000003 5.254099 8.717296 -4.099203 17.240048 -6.357500 63.301722 42.175148 -0.050709 -0.045687 4.839472 -17.077192 -1.201416 -2.783207 -0.168139 -2.158482 -6.832992 0.267842 -1.475572 -0.000009 0.000012 -0.000004 -4.824555 -0.679169 32.510891 -0.640400 1.969814 38.025695 0.000000 -0.000001 0.000000 -2.363940 -1.954124 45.472954 -9.920778 -14.913450 39.585003 0.000000 0.000000 -0.000002 0.227376 -2.367319 49.028351 4.713662 -2.829362 38.752270 -0.000009 0.000006 -0.000000 -1.190018 -4.723630 54.835276 9.556041 -6.564444 53.181359 -0.000005 0.000002 0.000008 8.089909 -15.743376 5.678595 -0.155931 33.265139 -1.342118 -4.903923 -7.065977 -2.659395 -0.029252 -1.589309 0.066826 -14.819958 -8.812179 2.113479 -3.826386 31.005012 -1.004563 -14.054651 -13.103931 -0.350416 -0.176911 -2.517358 0.440319 
0.091877 97.136559 108.871460 3.654054 -9.966808 -1.669826 0.594187 3.371234 1.026924 1.258864 6.733574 1.932059 1.258867 6.733574 1.932061 -1.146934 -15.646809 -0.885883 -4.493116 9.464740 -3.378257 6.814584 8.630320 -2.028068 -32.516413 6.468608 -74.055138 -30.391668 -0.104854 0.057260 6.988365 -20.564243 17.639993 8.070652 -3.844007 5.026354 5.486520 -5.593922 -1.022576 0.000001 -0.000003 0.000001 9.125436 -2.104281 -30.211767 6.416893 -1.910189 -26.347081 -0.000001 0.000000 -0.000004 8.280872 -3.301259 -27.467213 4.906141 -3.486722 -32.298161 0.000000 -0.000000 -0.000003 8.594784 -6.798587 -23.212968 3.770782 -2.019554 -51.119301 -0.000000 -0.000001 0.000004 9.448728 -4.953615 -29.275232 0.759255 -1.551057 -57.951887 0.000000 -0.000000 0.000002 5.393295 8.816619 -3.777738 18.035772 -6.709354 63.520165 42.550637 -0.047729 -0.041827 8.466968 -16.507929 -1.511824 -2.748663 -0.005983 -2.114298 -6.812044 0.191857 -1.442777 -0.000001 0.000014 0.000000 -4.910073 -0.652915 32.848712 -0.605610 2.017233 38.655742 -0.000001 -0.000003 0.000003 -2.404425 -1.963461 45.817787 -10.114189 -14.875974 40.633683 0.000000 0.000001 -0.000001 0.287906 -2.412439 49.356726 4.781530 -2.949157 39.745762 -0.000007 0.000017 -0.000003 -1.118035 -4.836909 55.143396 9.590756 -6.708103 54.093790 -0.000004 0.000009 0.000008 8.475089 -13.957935 5.391824 0.384648 30.013402 -0.887564 -4.843297 -5.924484 -1.337930 -0.028616 -0.957146 0.064183 -14.260679 -7.125323 2.131839 -3.734200 29.941169 -0.930796 -14.181130 -13.281997 0.153791 -0.176896 -2.494371 0.440383 
0.470231 97.339737 110.086731 3.285429 -10.204303 -1.830700 0.476202 3.268004 0.995812 1.022652 6.529383 1.837048 1.022651 6.529385 1.837047 -1.022504 -15.480339 -0.827503 -3.930631 10.356844 -2.978049 6.728971 8.756685 -1.968322 -32.494902 5.775527 -74.051531 -29.508183 -0.098765 0.051656 6.760470 -20.080626 17.215960 8.572428 -3.194855 4.733850 5.434004 -5.445710 -0.977015 0.000001 -0.000004 0.000003 8.890299 -1.985887 -30.541252 6.078295 -1.731869 -26.605569 -0.000000 0.000000 -0.000001 7.988243 -3.219330 -27.931821 4.553183 -3.396741 -32.906161 -0.000000 0.000000 -0.000001 8.143117 -6.718905 -23.873099 3.390777 -2.163501 -51.778920 0.000000 0.000001 0.000002 8.957736 -4.979453 -29.939601 0.427970 -1.738219 -58.533519 0.000000 0.000000 0.000002 5.438532 8.931211 -3.393034 18.203088 -7.371109 64.328614 42.279175 -0.044840 -0.037074 10.989618 -15.476522 -1.534624 -2.713898 0.155498 -2.070035 -6.791199 0.116034 -1.410125 -0.000003 0.000013 -0.000004 -4.993159 -0.630404 33.116415 -0.569829 2.063438 39.214793 -0.000002 -0.000005 0.000002 -2.445357 -1.972009 46.162417 -10.312582 -14.845997 41.682360 0.000002 0.000001 -0.000000 0.347531 -2.456704 49.667783 4.845445 -3.068549 40.720106 -0.000008 0.000016 -0.000002 -1.052110 -4.936783 55.372067 9.616351 -6.841823 54.925164 -0.000005 0.000007 0.000005 9.074750 -12.135979 5.114569 0.728285 27.309256 -0.636548 -4.935148 -5.159274 -0.289334 -0.028588 -0.942301 0.064708 -13.377981 -5.546725 1.983175 -3.518585 28.880789 -0.795012 -14.698519 -13.387154 0.700881 -0.176882 -2.471857 0.440442 
0.863434 97.580086 111.226944 2.824969 -10.297662 -1.810869 0.371187 3.166428 0.924361 0.810056 6.328224 1.676957 0.810056 6.328231 1.676958 -0.902357 -15.396635 -0.799023 -3.444130 11.086493 -2.498000 6.514282 8.877654 -1.959028 -32.425295 5.099207 -73.687277 -28.685538 -0.091554 0.045766 6.801878 -19.339389 16.087758 9.109501 -2.478900 4.532582 5.378455 -5.284957 -0.927053 0.000001 -0.000002 -0.000003 8.636963 -1.859486 -30.877438 5.725359 -1.539691 -26.871687 -0.000000 0.000000 -0.000002 7.676532 -3.131469 -28.411447 4.182767 -3.298541 -33.529074 0.000000 -0.000000 0.000003 7.668073 -6.640011 -24.560559 2.990321 -2.309685 -52.467649 -0.000000 0.000001 0.000004 8.444606 -5.010253 -30.631384 0.075266 -1.930470 -59.143844 0.000000 -0.000000 -0.000001 5.400491 9.059256 -2.979509 17.797793 -8.125617 65.637018 41.705050 -0.041512 -0.031695 12.370741 -14.238658 -1.338633 -2.678927 0.316128 -2.025645 -6.770467 0.040513 -1.377639 -0.000003 0.000014 -0.000003 -5.072738 -0.613948 33.282603 -0.533148 2.108569 39.671112 0.000001 0.000002 -0.000001 -2.490167 -1.978688 46.402321 -10.513045 -14.810995 42.623464 0.000001 0.000003 -0.000001 0.399569 -2.490078 49.874984 4.900880 -3.180869 41.587714 -0.000007 0.000013 -0.000003 -0.993306 -5.019250 55.500498 9.631794 -6.962881 55.654055 -0.000006 0.000008 0.000003 9.873902 -10.463440 4.879252 0.951746 25.234392 -0.499433 -5.259775 -4.912097 0.243798 -0.028891 -1.280159 0.066329 -12.172778 -4.163500 1.769355 -3.155801 27.677448 -0.589100 -15.588353 -13.334007 1.246643 -0.176776 -2.478200 0.440409 
1.284731 97.874725 112.290504 2.229974 -10.189163 -1.750948 0.290242 3.061610 0.847225 0.645075 6.120033 1.509252 0.645075 6.120033 1.509252 -0.779334 -15.413063 -0.819533 -2.951094 11.603132 -2.040452 6.271630 9.001297 -2.019763 -32.163514 4.546417 -73.062554 -28.391447 -0.083476 0.040768 7.292710 -18.522935 14.815351 9.529433 -1.744798 4.596603 5.319881 -5.114172 -0.873709 0.000003 -0.000005 0.000003 8.368725 -1.726618 -31.218069 5.361367 -1.335486 -27.143308 0.000000 -0.000000 0.000001 7.349279 -3.039325 -28.902325 3.798347 -3.193767 -34.162960 -0.000000 -0.000000 0.000002 7.173974 -6.564006 -25.269022 2.573856 -2.458213 -53.178849 0.000000 -0.000000 -0.000003 7.913906 -5.047336 -31.343981 -0.294334 -2.127313 -59.776320 -0.000000 -0.000000 0.000002 5.321794 9.193299 -2.611421 17.170901 -8.577204 67.155533 41.304415 -0.037529 -0.026182 12.884880 -12.796361 -0.986413 -2.643841 0.475791 -1.981244 -6.749935 -0.034672 -1.345336 -0.000008 0.000014 -0.000005 -5.145567 -0.610183 33.259145 -0.495840 2.152778 39.936014 -0.000002 -0.000002 0.000000 -2.549015 -1.981475 46.228107 -10.705509 -14.733828 43.139656 0.000001 0.000004 -0.000001 0.424435 -2.482419 49.724696 4.935350 -3.265891 42.092748 -0.000008 0.000015 -0.000001 -0.944823 -5.074495 55.476227 9.633680 -7.064880 56.227087 -0.000006 0.000009 0.000009 10.698265 -9.067633 4.735507 1.116939 23.809869 -0.400369 -5.523779 -5.086282 0.377324 -0.029267 -1.691220 0.067571 -10.761404 -2.891776 1.619624 -2.707579 26.113003 -0.353043 -16.638083 -13.020198 1.716847 -0.176385 -2.548486 0.440203 
1.736311 98.187141 113.266617 1.488686 -9.964881 -1.735053 0.229322 2.956184 0.791785 0.521361 5.910114 1.384087 0.521361 5.910111 1.384087 -0.645247 -15.520840 -0.882353 -2.351086 11.941854 -1.695904 6.094074 9.131123 -2.126666 -31.691152 4.178784 -72.338930 -28.852939 -0.075792 0.037297 8.097298 -17.902206 13.870271 9.758931 -1.045622 4.928498 5.258117 -4.936420 -0.818030 0.000001 -0.000004 -0.000001 8.089251 -1.588922 -31.560467 4.989873 -1.121344 -27.417879 -0.000000 0.000000 0.000000 7.010383 -2.944590 -29.400112 3.403895 -3.084247 -34.803468 -0.000000 0.000000 -0.000001 6.665662 -6.492790 -25.991424 2.146256 -2.608962 -53.905011 -0.000000 0.000000 0.000001 7.370754 -5.091773 -32.070153 -0.675867 -2.327770 -60.423624 -0.000000 0.000000 0.000001 5.248858 9.323130 -2.356039 16.701088 -8.422331 68.541194 41.441780 -0.033356 -0.021254 12.995800 -11.009696 -0.562858 -2.608615 0.634302 -1.936837 -6.729507 -0.109373 -1.313248 -0.000008 0.000014 -0.000003 -5.207270 -0.628506 32.927273 -0.458493 2.196074 39.890026 0.000001 -0.000002 0.000000 -2.635548 -1.979368 45.238798 -10.881325 -14.571006 42.821891 0.000000 -0.000001 -0.000000 0.396400 -2.394759 48.885986 4.933648 -3.296769 41.901595 -0.000009 0.000013 -0.000000 -0.911011 -5.089428 55.228954 9.617575 -7.139312 56.572790 -0.000004 0.000012 0.000008 11.351570 -7.839189 4.636306 1.229688 22.604134 -0.327448 -5.414378 -5.338533 0.386383 -0.029617 -2.048464 0.068328 -9.365060 -1.667650 1.538806 -2.275328 24.265564 -0.143727 -17.515241 -12.498048 2.068731 -0.175671 -2.686375 0.439805 
2.200181 98.459915 114.145226 0.639074 -9.744259 -1.747962 0.179082 2.861365 0.762717 0.420440 5.721049 1.313732 0.420440 5.721051 1.313732 -0.501247 -15.700858 -0.962342 -1.624991 12.147164 -1.484213 6.012382 9.266882 -2.242543 -31.143392 4.008971 -71.618106 -30.016745 -0.069574 0.035637 8.904002 -17.663072 13.447398 9.834464 -0.414580 5.356926 5.193680 -4.753386 -0.760689 -0.000000 -0.000005 0.000003 7.801066 -1.447517 -31.903141 4.613478 -0.898868 -27.694115 -0.000000 -0.000001 0.000004 6.662611 -2.848445 -29.902182 3.002110 -2.971193 -35.447746 0.000000 0.000000 -0.000004 6.146588 -6.427624 -26.723204 1.710926 -2.761936 -54.641462 -0.000000 -0.000000 -0.000001 6.818755 -5.144238 -32.805149 -1.065920 -2.531265 -61.081091 -0.000000 -0.000000 0.000000 5.208224 9.442863 -2.228240 16.504449 -7.636629 69.614251 42.134945 -0.029689 -0.017443 13.143150 -8.842539 -0.184963 -2.573346 0.791506 -1.892467 -6.709295 -0.183595 -1.281410 -0.000001 0.000017 -0.000000 -5.254478 -0.676365 32.199373 -0.422008 2.238800 39.444800 0.000003 -0.000000 -0.000000 -2.759993 -1.974476 43.178287 -11.055821 -14.306741 41.416505 -0.000001 0.000001 0.000001 0.296743 -2.204605 47.141928 4.885814 -3.256307 40.795863 -0.000007 0.000009 -0.000002 -0.895364 -5.053790 54.704460 9.580442 -7.179818 56.635973 -0.000005 0.000012 0.000004 11.782864 -6.680882 4.508791 1.294570 21.391452 -0.276351 -4.913261 -5.506622 0.417729 -0.029931 -2.346221 0.069003 -8.190046 -0.531365 1.438682 -1.926061 22.460831 0.008958 -17.990964 -11.940799 2.324758 -0.174871 -2.843085 0.439353 
2.641531 98.654404 114.919113 -0.231741 -9.568230 -1.738085 0.133598 2.789136 0.748189 0.329579 5.576992 1.280186 0.329579 5.576987 1.280186 -0.357862 -15.933214 -1.033406 -0.853045 12.239974 -1.346206 5.988349 9.405162 -2.349032 -30.705173 3.991900 -70.893983 -31.629851 -0.065385 0.035624 9.456960 -17.757394 13.467195 9.839387 0.140604 5.682612 5.127649 -4.565989 -0.702078 0.000003 -0.000002 0.000002 7.506063 -1.303235 -32.245470 4.234012 -0.669246 -27.971436 -0.000001 0.000000 -0.000002 6.307951 -2.751800 -30.407032 2.594961 -2.855695 -36.094083 -0.000000 -0.000000 -0.000000 5.619344 -6.369542 -27.461266 1.270372 -2.917169 -55.384915 -0.000000 0.000000 -0.000002 6.260571 -5.205276 -33.545767 -1.461897 -2.737486 -61.745655 -0.000000 0.000000 0.000004 5.202214 9.553210 -2.186633 16.365806 -6.457041 70.429298 43.033583 -0.026808 -0.014841 13.527030 -6.472849 0.035820 -2.538030 0.947248 -1.848201 -6.689285 -0.257224 -1.249879 -0.000008 0.000011 -0.000007 -5.286435 -0.754978 31.068458 -0.387324 2.281647 38.593140 -0.000001 -0.000001 0.000000 -2.922970 -1.972274 40.115941 -11.274663 -13.975852 39.009724 0.000001 -0.000001 -0.000001 0.125531 -1.925737 44.544896 4.792750 -3.150815 38.828457 -0.000006 0.000010 -0.000001 -0.898694 -4.965762 53.892672 9.522117 -7.185741 56.405772 -0.000006 0.000010 0.000004 12.105677 -5.660318 4.335161 1.332164 20.343203 -0.242247 -4.273938 -5.671083 0.482354 -0.030225 -2.601562 0.069746 -7.303246 0.375116 1.257977 -1.661995 21.062972 0.113727 -18.097879 -11.531421 2.548564 -0.174287 -2.940590 0.439058 
3.037489 98.780945 115.585373 -1.031779 -9.412171 -1.683279 0.091384 2.743329 0.729862 0.244572 5.485718 1.248002 0.244572 5.485714 1.248002 -0.227151 -16.196803 -1.081978 -0.150076 12.241010 -1.192339 5.955250 9.541458 -2.455562 -30.476540 4.048458 -70.102172 -33.374507 -0.062988 0.036624 9.689039 -17.954296 13.692934 9.833767 0.634359 5.823192 5.060984 -4.375354 -0.642600 0.000001 -0.000002 -0.000003 7.206292 -1.156964 -32.586638 3.853397 -0.433909 -28.249106 -0.000000 0.000000 -0.000000 5.948574 -2.655489 -30.912770 2.184579 -2.738810 -36.740592 0.000000 0.000000 0.000002 5.086729 -6.319351 -28.202247 0.827278 -3.074581 -56.131874 -0.000000 -0.000000 0.000000 5.699158 -5.275224 -34.288516 -1.861174 -2.945931 -62.413941 -0.000000 0.000001 0.000000 5.219139 9.657864 -2.167196 15.942280 -5.224470 71.137137 43.659536 -0.024455 -0.012796 14.038218 -4.181285 0.022665 -2.502757 1.101362 -1.804094 -6.669479 -0.330192 -1.218638 -0.000004 0.000015 -0.000002 -5.305199 -0.859209 29.607753 -0.355096 2.325579 37.408058 -0.000001 -0.000003 0.000002 -3.113305 -1.979166 36.447167 -11.580378 -13.652560 36.017094 0.000001 0.000002 -0.000001 -0.094081 -1.604716 41.432491 4.668675 -3.009705 36.339195 -0.000006 0.000013 -0.000001 -0.919232 -4.831958 52.827958 9.445247 -7.162139 55.915972 -0.000004 0.000008 0.000004 12.464089 -4.845355 4.132480 1.360006 19.571680 -0.219251 -3.760223 -5.883881 0.561588 -0.030471 -2.810333 0.070406 -6.617592 1.008247 1.013635 -1.447949 20.113999 0.193772 -18.054703 -11.291641 2.773037 -0.174234 -2.925300 0.439087 
3.386283 98.872360 116.147736 -1.717326 -9.250543 -1.596701 0.053610 2.716372 0.699208 0.167191 5.432100 1.195789 0.167192 5.432098 1.195790 -0.115467 -16.465802 -1.108169 0.415477 12.205262 -0.967628 5.868572 9.673795 -2.585442 -30.415034 4.101138 -69.210321 -34.980059 -0.061673 0.037945 9.720910 -18.023513 13.850967 9.840911 1.097040 5.832195 4.994370 -4.182990 -0.582867 0.000003 -0.000002 -0.000003 6.904088 -1.009702 -32.925402 3.473932 -0.194353 -28.526056 -0.000000 0.000000 -0.000001 5.587024 -2.560474 -31.417122 1.773492 -2.621581 -37.384788 -0.000000 0.000000 -0.000003 4.552006 -6.277704 -28.942063 0.384694 -3.233839 -56.878117 0.000000 -0.000002 0.000001 5.137833 -5.354112 -35.029206 -2.260698 -3.155824 -63.081776 -0.000000 0.000000 0.000001 5.244831 9.760783 -2.125728 15.034681 -4.194312 71.822806 43.719074 -0.022220 -0.010646 14.378933 -2.174628 -0.241874 -2.467537 1.253709 -1.760183 -6.649933 -0.402412 -1.187765 -0.000003 0.000011 -0.000005 -5.314161 -0.981049 27.928181 -0.325770 2.370922 36.000520 0.000001 -0.000001 -0.000003 -3.310107 -1.998585 32.751614 -11.968823 -13.408896 33.025057 0.000001 -0.000001 0.000003 -0.320718 -1.299342 38.316145 4.539722 -2.872900 33.841590 -0.000006 0.000010 -0.000003 -0.954015 -4.662874 51.565749 9.353679 -7.116537 55.221731 -0.000005 0.000006 0.000006 12.885991 -4.197475 3.915123 1.386980 18.959002 -0.200429 -3.440969 -6.082948 0.650120 -0.030653 -2.965523 0.070867 -6.003667 1.442974 0.758484 -1.247454 19.426175 0.266804 -18.064221 -11.132023 2.993514 -0.174633 -2.804801 0.439411 
3.700730 98.955933 116.617905 -2.302668 -9.080314 -1.501766 0.021570 2.693809 0.659087 0.100352 5.387208 1.126922 0.100351 5.387206 1.126922 -0.021973 -16.715922 -1.118966 0.853656 12.219309 -0.683583 5.729375 9.802493 -2.752061 -30.378926 4.088528 -68.273772 -36.273816 -0.060677 0.038621 9.762912 -17.853886 13.740271 9.871861 1.563270 5.811252 4.928411 -3.990496 -0.523461 0.000003 -0.000004 -0.000001 6.601981 -0.862469 -33.260532 3.097923 0.047715 -28.801064 -0.000000 -0.000001 -0.000001 5.226036 -2.467602 -31.917693 1.364342 -2.505073 -38.024046 -0.000001 -0.000000 -0.000001 4.018692 -6.244979 -29.676427 -0.054333 -3.394445 -57.619203 0.000000 -0.000000 0.000002 4.580092 -5.441736 -35.763526 -2.657378 -3.366167 -63.744974 -0.000000 0.000000 0.000000 5.268079 9.863541 -2.059185 13.713253 -3.427584 72.467296 43.240555 -0.019676 -0.007836 14.275917 -0.527753 -0.678066 -2.432427 1.404134 -1.716545 -6.630639 -0.473813 -1.157233 0.000001 0.000012 -0.000006 -5.316769 -1.113187 26.133740 -0.299522 2.417530 34.474601 0.000000 0.000001 -0.000001 -3.488429 -2.028122 29.622018 -12.383078 -13.274139 30.613406 0.000001 0.000000 -0.000003 -0.508070 -1.056351 35.710449 4.437027 -2.775773 31.850764 -0.000006 0.000010 -0.000003 -1.000383 -4.468136 50.157300 9.250949 -7.055681 54.373937 -0.000006 0.000008 0.000009 13.283165 -3.622002 3.683905 1.416777 18.323407 -0.180359 -3.205044 -6.187758 0.742496 -0.030784 -3.077158 0.071160 -5.399259 1.788476 0.525616 -1.044390 18.794100 0.338551 -18.179942 -10.956877 3.191236 -0.175283 -2.635769 0.439872 
3.992628 99.050827 117.011940 -2.824534 -8.898885 -1.427312 -0.004767 2.661680 0.620615 0.044785 5.323164 1.060126 0.044786 5.323161 1.060126 0.058170 -16.935541 -1.121278 1.225261 12.358473 -0.398891 5.572997 9.929141 -2.943638 -30.219417 3.963218 -67.421030 -37.181678 -0.059318 0.038058 9.948076 -17.430633 13.351400 9.939389 2.056918 5.824357 4.863821 -3.799393 -0.464864 0.000001 -0.000002 0.000003 6.302379 -0.716246 -33.590877 2.727597 0.290707 -29.073001 -0.000000 -0.000002 0.000004 4.868187 -2.377569 -32.412161 0.959668 -2.390341 -38.655964 -0.000000 -0.000000 0.000003 3.490158 -6.221354 -30.401343 -0.486854 -3.555702 -58.350934 0.000000 -0.000000 -0.000002 4.029313 -5.537608 -36.487455 -3.048365 -3.575975 -64.399436 -0.000000 -0.000001 -0.000000 5.282500 9.966097 -1.998090 12.252152 -2.827586 72.999955 42.454506 -0.016690 -0.004198 13.642083 0.742907 -1.118259 -2.397451 1.552504 -1.673207 -6.611624 -0.544333 -1.127143 -0.000004 0.000011 -0.000002 -5.315732 -1.249913 24.304962 -0.276339 2.464922 32.910648 0.000001 0.000003 0.000002 -3.626807 -2.060223 27.518414 -12.750816 -13.228268 29.218388 -0.000002 0.000001 -0.000000 -0.622221 -0.899378 33.961517 4.384073 -2.738528 30.712144 -0.000006 0.000016 -0.000005 -1.056708 -4.254563 48.639618 9.139491 -6.984352 53.409146 -0.000005 0.000011 0.000007 13.571511 -3.047895 3.450555 1.447100 17.540424 -0.158110 -2.925477 -6.154920 0.825495 -0.030895 -3.161445 0.071380 -4.821750 2.142043 0.333604 -0.852965 18.039074 0.401932 -18.324730 -10.687204 3.338863 -0.175902 -2.478950 0.440300 
4.263492 99.166672 117.342094 -3.304736 -8.686743 -1.400115 -0.027532 2.613243 0.594016 -0.003032 5.226436 1.013130 -0.003032 5.226432 1.013129 0.129996 -17.133292 -1.120061 1.590655 12.641586 -0.171928 5.441661 10.054829 -3.126288 -29.858923 3.697607 -66.787789 -37.714211 -0.057228 0.036094 10.173736 -16.764899 12.929437 10.047776 2.580268 5.879690 4.801315 -3.611076 -0.407604 -0.000000 -0.000003 0.000001 6.007614 -0.571943 -33.915366 2.365078 0.532965 -29.340836 -0.000002 -0.000000 0.000001 4.516044 -2.291059 -32.898385 0.561958 -2.278227 -39.278133 -0.000001 0.000001 0.000003 2.969679 -6.206684 -31.113045 -0.910089 -3.716971 -59.069279 -0.000001 -0.000002 -0.000000 3.488702 -5.641058 -37.197135 -3.430832 -3.784042 -65.041405 -0.000000 0.000001 0.000000 5.288560 10.066520 -1.979428 10.961873 -2.264955 73.359394 41.553143 -0.013115 0.000223 12.607225 1.598279 -1.402531 -2.362696 1.698587 -1.630239 -6.592902 -0.613867 -1.097443 -0.000003 0.000014 -0.000005 -5.313568 -1.386318 22.510663 -0.255972 2.512830 31.377476 0.000003 0.000003 -0.000002 -3.714758 -2.086594 26.645874 -13.029701 -13.230455 29.026511 0.000001 -0.000001 -0.000001 -0.654548 -0.827103 33.131496 4.386257 -2.762938 30.486481 -0.000009 0.000011 -0.000002 -1.121714 -4.027890 47.043416 9.021385 -6.906419 52.357539 -0.000006 0.000010 0.000008 13.760471 -2.471209 3.242763 1.469870 16.571608 -0.136931 -2.584674 -5.976675 0.892777 -0.030996 -3.222098 0.071552 -4.308880 2.553014 0.202446 -0.701410 17.037321 0.445391 -18.406935 -10.270319 3.411558 -0.176311 -2.364362 0.440613 
4.506275 99.301262 117.608521 -3.740685 -8.423320 -1.425773 -0.050492 2.552334 0.583013 -0.050423 5.104742 0.992442 -0.050424 5.104744 0.992442 0.196292 -17.331940 -1.119101 1.974480 13.017200 -0.026624 5.363110 10.179963 -3.264450 -29.323136 3.306594 -66.443493 -37.956587 -0.054313 0.033010 10.110966 -15.884004 12.862491 10.180979 3.115195 5.957310 4.741651 -3.427016 -0.352192 -0.000000 -0.000003 0.000001 5.720107 -0.430497 -34.232966 2.012479 0.772816 -29.603566 0.000001 0.000002 -0.000005 4.172209 -2.208650 -33.374220 0.173729 -2.169664 -39.888209 -0.000000 0.000003 -0.000003 2.460610 -6.200706 -31.807658 -1.321213 -3.877338 -59.770350 -0.000000 -0.000000 0.000001 2.961561 -5.751132 -37.888808 -3.802141 -3.989219 -65.667044 0.000001 0.000002 0.000000 5.295119 10.162387 -2.019771 10.045799 -1.686297 73.527765 40.538511 -0.009015 0.005347 11.429636 1.974983 -1.488177 -2.328181 1.842317 -1.587651 -6.574506 -0.682379 -1.068260 -0.000009 0.000011 -0.000005 -5.313557 -1.516335 20.831758 -0.237756 2.561051 29.955878 0.000000 0.000000 -0.000001 -3.756642 -2.102916 26.883826 -13.227182 -13.251198 29.914057 -0.000001 0.000001 0.000000 -0.622519 -0.818473 33.006643 4.429730 -2.834472 30.958649 -0.000006 0.000012 -0.000002 -1.193142 -3.795198 45.408542 8.899520 -6.826440 51.258650 -0.000006 0.000008 0.000009 13.923485 -1.930591 3.079022 1.478351 15.440828 -0.120831 -2.256070 -5.661814 0.950190 -0.031033 -3.251629 0.071641 -3.870246 3.010658 0.141911 -0.601390 15.767101 0.466646 -18.408308 -9.697183 3.400736 -0.176553 -2.289813 0.440801 
4.716577 99.437805 117.801491 -4.121481 -8.120598 -1.485352 -0.076613 2.492365 0.584199 -0.103584 4.984944 0.992742 -0.103584 4.984944 0.992742 0.256484 -17.552449 -1.120610 2.360539 13.387099 0.046532 5.343903 10.304551 -3.343222 -28.725631 2.863129 -66.354878 -38.052712 -0.050940 0.029714 9.454281 -14.862973 13.394668 10.310122 3.634961 6.033611 4.685532 -3.248670 -0.299061 0.000005 -0.000001 0.000002 5.442225 -0.292736 -34.542589 1.671926 1.008516 -29.860050 -0.000002 0.000001 -0.000000 3.839284 -2.130793 -33.837403 -0.202471 -2.065415 -40.483860 0.000001 0.000002 0.000003 1.966297 -6.202811 -32.481494 -1.717552 -4.035809 -60.450097 0.000001 0.000001 -0.000001 2.451038 -5.866704 -38.558750 -4.159571 -4.190085 -66.272642 -0.000001 0.000002 0.000000 5.316936 10.251986 -2.101763 9.550438 -1.145921 73.528448 39.263069 -0.004328 0.010676 10.348206 1.848661 -1.471984 -2.293979 1.983494 -1.545587 -6.556458 -0.749728 -1.039548 -0.000004 0.000014 -0.000004 -5.320286 -1.632056 19.373463 -0.220566 2.609143 28.751094 0.000002 0.000002 -0.000001 -3.769278 -2.110724 27.827085 -13.383768 -13.279467 31.485222 -0.000001 -0.000001 0.000003 -0.557015 -0.843129 33.239604 4.491958 -2.930460 31.780006 -0.000007 0.000012 0.000000 -1.267021 -3.566246 43.791392 8.778322 -6.750375 50.168552 -0.000006 0.000009 0.000009 14.103889 -1.475779 2.953176 1.474785 14.259000 -0.110718 -1.998816 -5.256508 1.007405 -0.031037 -3.245622 0.071626 -3.490213 3.450372 0.135949 -0.534665 14.368870 0.476567 -18.376366 -9.030798 3.327186 -0.176688 -2.239901 0.440930 
4.895679 99.552223 117.908997 -4.434237 -7.832554 -1.556893 -0.104692 2.449793 0.591185 -0.160342 4.899992 1.003087 -0.160340 4.899993 1.003087 0.306903 -17.798547 -1.123245 2.709315 13.655359 0.068793 5.373513 10.428294 -3.376209 -28.215588 2.475609 -66.406890 -38.161418 -0.047974 0.027122 8.224685 -13.829019 14.391007 10.414256 4.119118 6.088677 4.633605 -3.077480 -0.248697 0.000001 -0.000004 0.000002 5.176331 -0.159596 -34.843257 1.345449 1.238400 -30.109294 0.000000 -0.000000 0.000001 3.519837 -2.057961 -34.285900 -0.564166 -1.966275 -41.062715 0.000000 -0.000001 0.000002 1.490010 -6.212339 -33.130881 -2.096450 -4.191300 -61.104798 -0.000000 0.000000 -0.000001 1.960264 -5.986468 -39.203428 -4.500569 -4.385223 -66.854513 -0.000000 -0.000001 -0.000000 5.368461 10.334907 -2.180422 9.397281 -0.752647 73.401489 37.597538 0.000800 0.015578 9.432041 1.292775 -1.500345 -2.260118 2.121992 -1.504060 -6.538740 -0.815920 -1.011362 -0.000006 0.000012 -0.000009 -5.339055 -1.725276 18.247930 -0.202919 2.656300 27.875242 0.000001 0.000001 0.000000 -3.773980 -2.115061 28.950153 -13.538197 -13.309979 33.224625 -0.000001 -0.000000 -0.000002 -0.486137 -0.873881 33.528231 4.554498 -3.030165 32.646836 -0.000007 0.000009 0.000001 -1.338888 -3.350678 42.250225 8.662560 -6.683611 49.145055 -0.000006 0.000010 0.000008 14.267720 -1.155072 2.852684 1.455158 13.227652 -0.107873 -1.789957 -4.854848 1.069360 -0.030986 -3.205036 0.071511 -3.157404 3.791297 0.158499 -0.482197 13.102989 0.484654 -18.358048 -8.391134 3.233787 -0.176757 -2.199512 0.441027 
5.047071 99.625748 117.930077 -4.674427 -7.618395 -1.629034 -0.128181 2.434396 0.598924 -0.207639 4.869327 1.014389 -0.207638 4.869331 1.014391 0.343182 -18.051165 -1.122144 2.984426 13.782438 0.059113 5.433792 10.551299 -3.392667 -27.905848 2.232757 -66.474659 -38.390000 -0.046193 0.025911 6.823833 -12.928284 15.411405 10.494125 4.563602 6.111685 4.586571 -2.914840 -0.201583 0.000005 -0.000002 -0.000002 4.924811 -0.031879 -35.133895 1.035059 1.460718 -30.350147 0.000001 -0.000000 -0.000001 3.216496 -1.990485 -34.717565 -0.908861 -1.872919 -41.622476 -0.000002 -0.000001 0.000000 1.035040 -6.228321 -33.752363 -2.455367 -4.342644 -61.730574 -0.000000 -0.000002 -0.000000 1.492367 -6.108945 -39.819388 -4.822680 -4.573072 -67.409084 -0.000001 0.000004 0.000000 5.457444 10.412408 -2.208404 9.449519 -0.569255 73.191105 35.572499 0.006269 0.019399 8.480379 0.468344 -1.645511 -2.226700 2.257663 -1.463129 -6.521407 -0.880829 -0.983717 -0.000004 0.000009 -0.000007 -5.373655 -1.790557 17.527006 -0.183477 2.701584 27.400122 -0.000001 0.000001 -0.000001 -3.787844 -2.121130 29.812376 -13.705773 -13.334157 34.694680 -0.000000 -0.000001 -0.000000 -0.427128 -0.893900 33.701748 4.607875 -3.121023 33.387061 -0.000006 0.000010 0.000001 -1.407319 -3.152009 40.810937 8.554619 -6.627639 48.213452 -0.000006 0.000012 0.000007 14.342702 -1.011633 2.772870 1.406457 12.565469 -0.113569 -1.550147 -4.569205 1.134203 -0.030885 -3.118566 0.071267 -2.880692 3.964825 0.189893 -0.443085 12.231306 0.491761 -18.352488 -7.904618 3.165793 -0.176880 -2.154752 0.441142 
5.174119 99.654442 117.884888 -4.866756 -7.493143 -1.695576 -0.138343 2.442544 0.605405 -0.227993 4.885698 1.023579 -0.227992 4.885689 1.023579 0.364225 -18.277979 -1.113179 3.174331 13.813299 0.036935 5.509891 10.673265 -3.415569 -27.812220 2.156460 -66.501379 -38.743193 -0.045743 0.026034 5.760724 -12.257165 16.039760 10.568761 4.980596 6.109528 4.545150 -2.762309 -0.158193 -0.000002 -0.000005 0.000000 4.690108 0.089524 -35.413544 0.742891 1.673656 -30.581509 0.000000 -0.000003 0.000001 2.931896 -1.928695 -35.130299 -1.233907 -1.786121 -42.160681 -0.000001 0.000001 -0.000001 0.604782 -6.249708 -34.342184 -2.791601 -4.488539 -62.323509 -0.000000 0.000001 0.000001 1.050483 -6.232409 -40.403110 -5.123286 -4.752108 -67.932604 -0.000001 0.000002 0.000000 5.583679 10.485356 -2.163548 9.578208 -0.542475 72.947704 33.392474 0.011733 0.022036 7.048081 -0.455841 -1.852614 -2.193706 2.390344 -1.422871 -6.504455 -0.944366 -0.956678 -0.000003 0.000015 -0.000005 -5.424040 -1.828132 17.197651 -0.161449 2.744447 27.312327 0.000000 -0.000002 0.000000 -3.818739 -2.132153 30.190894 -13.882287 -13.341928 35.669225 -0.000001 -0.000001 -0.000004 -0.388724 -0.895115 33.686899 4.648885 -3.197214 33.926151 -0.000008 0.000013 -0.000000 -1.476489 -2.964144 39.441528 8.452024 -6.578151 47.340734 -0.000006 0.000008 0.000009 14.289742 -1.053119 2.708444 1.332764 12.358796 -0.123668 -1.218109 -4.461132 1.193603 -0.030654 -2.946854 0.070784 -2.685152 3.936162 0.213170 -0.417494 11.875820 0.498567 -18.309608 -7.639223 3.146416 -0.177072 -2.090656 0.441309 
5.275767 99.649109 117.804573 -5.054397 -7.417221 -1.749741 -0.129572 2.458861 0.610887 -0.210405 4.918283 1.032219 -0.210407 4.918279 1.032219 0.374125 -18.449780 -1.096694 3.297341 13.850487 0.026110 5.598304 10.794376 -3.449500 -27.842819 2.193196 -66.524957 -39.125868 -0.045899 0.026701 5.305837 -11.793934 16.149665 10.660202 5.388054 6.105720 4.510097 -2.621452 -0.119019 0.000003 -0.000005 0.000003 4.474920 0.203638 -35.681052 0.471119 1.875230 -30.802227 -0.000002 -0.000003 -0.000001 2.669003 -1.872945 -35.521693 -1.536559 -1.706647 -42.674868 -0.000002 -0.000004 -0.000003 0.202839 -6.275361 -34.896550 -3.102293 -4.627619 -62.879418 -0.000000 0.000001 0.000000 0.637996 -6.355123 -40.950748 -5.399614 -4.920507 -68.421126 -0.000001 -0.000001 -0.000000 5.743602 10.553827 -2.056510 9.706391 -0.526845 72.718722 31.340904 0.017163 0.023854 4.658623 -1.373291 -1.994799 -2.161208 2.519902 -1.383293 -6.487936 -1.006488 -0.930257 -0.000006 0.000012 -0.000003 -5.486119 -1.844087 17.162227 -0.136951 2.785147 27.513793 -0.000001 0.000002 -0.000000 -3.866047 -2.148881 30.083807 -14.059827 -13.326165 36.142195 0.000001 0.000000 -0.000001 -0.376466 -0.873011 33.439366 4.675936 -3.255011 34.218841 -0.000008 0.000014 0.000000 -1.555113 -2.774009 38.063739 8.348182 -6.527002 46.447506 -0.000007 0.000007 0.000009 14.136819 -1.241874 2.648743 1.255246 12.502888 -0.130370 -0.795812 -4.502173 1.235218 -0.030224 -2.635662 0.069909 -2.605782 3.719377 0.214411 -0.404411 11.955730 0.504212 -18.150309 -7.569937 3.163858 -0.177467 -1.994737 0.441560 
5.350328 99.627243 117.712616 -5.266188 -7.333963 -1.785574 -0.102636 2.466084 0.616131 -0.156709 4.932569 1.042493 -0.156707 4.932567 1.042493 0.379509 -18.556224 -1.076046 3.386137 13.976212 0.044509 5.706310 10.914440 -3.488489 -27.850236 2.246288 -66.634185 -39.399308 -0.045743 0.026866 5.384052 -11.418374 15.903102 10.777849 5.795301 6.121581 4.482122 -2.493854 -0.084594 0.000005 -0.000002 0.000001 4.281756 0.309611 -35.935346 0.221852 2.063548 -31.011115 -0.000001 -0.000006 -0.000003 2.430533 -1.823518 -35.889591 -1.814123 -1.635255 -43.162544 -0.000003 -0.000001 0.000000 -0.167338 -6.303940 -35.411795 -3.384770 -4.758548 -63.394353 0.000001 0.000002 0.000001 0.258073 -6.475179 -41.458907 -5.649054 -5.076582 -68.870860 0.000001 -0.000002 0.000000 5.936054 10.616271 -1.913583 9.816538 -0.384806 72.529772 29.667029 0.022482 0.025580 1.145619 -2.228800 -1.981304 -2.129319 2.646159 -1.344498 -6.471817 -1.067113 -0.904488 -0.000006 0.000011 -0.000006 -5.554172 -1.847030 17.292499 -0.110846 2.824001 27.875776 -0.000001 0.000002 0.000001 -3.924654 -2.170550 29.614416 -14.235811 -13.284613 36.234980 0.000000 -0.000000 -0.000002 -0.394081 -0.824783 32.923445 4.687896 -3.291333 34.228581 -0.000008 0.000011 -0.000001 -1.651413 -2.569972 36.601129 8.236341 -6.467286 45.456446 -0.000005 0.000010 0.000010 13.952341 -1.520497 2.581970 1.188299 12.800808 -0.128147 -0.332838 -4.609509 1.252459 -0.029583 -2.160859 0.068581 -2.686746 3.365848 0.182588 -0.411657 12.274065 0.504019 -17.791400 -7.613226 3.185704 -0.178022 -1.863008 0.441920 
5.401851 99.603394 117.614761 -5.498748 -7.214923 -1.800781 -0.063627 2.455175 0.621132 -0.079247 4.910534 1.054424 -0.079249 4.910530 1.054425 0.383618 -18.607819 -1.051248 3.463066 14.177473 0.086256 5.842770 11.033959 -3.532695 -27.712285 2.229114 -66.894135 -39.447744 -0.044516 0.025956 5.738698 -11.008903 15.554615 10.913168 6.194471 6.154679 4.461810 -2.380691 -0.055259 0.000001 0.000000 0.000003 4.112673 0.406697 -36.175670 -0.003314 2.236876 -31.207203 -0.000000 -0.000002 0.000000 2.218788 -1.780590 -36.232255 -2.064459 -1.572423 -43.621683 -0.000001 0.000001 -0.000001 -0.502994 -6.334197 -35.885117 -3.636974 -4.880052 -63.865185 0.000001 0.000001 0.000000 -0.086775 -6.590786 -41.924835 -5.869640 -5.218903 -69.278916 -0.000001 0.000001 0.000000 6.163851 10.671587 -1.748347 9.920606 -0.073386 72.377766 28.516330 0.027659 0.027494 -3.105470 -2.964120 -1.837891 -2.098032 2.768981 -1.306562 -6.456151 -1.126155 -0.879363 -0.000003 0.000011 -0.000003 -5.623997 -1.843669 17.495420 -0.083976 2.861216 28.304674 -0.000000 -0.000000 0.000001 -3.989398 -2.195974 28.917129 -14.412148 -13.220541 36.082544 -0.000000 -0.000000 0.000000 -0.441462 -0.751297 32.135603 4.685125 -3.305674 33.951439 -0.000008 0.000013 -0.000000 -1.768125 -2.348966 35.025053 8.113679 -6.397471 44.338515 -0.000006 0.000008 0.000009 13.791781 -1.834120 2.500900 1.126091 13.089842 -0.119012 0.121054 -4.704321 1.251453 -0.028778 -1.572149 0.066941 -2.964480 2.935913 0.110945 -0.450136 12.659580 0.491315 -17.186269 -7.689879 3.186431 -0.178769 -1.702220 0.442353 
5.439129 99.585953 117.501953 -5.730716 -7.070730 -1.799216 -0.020396 2.428503 0.625300 0.006284 4.856933 1.066111 0.006287 4.856932 1.066111 0.383388 -18.627618 -1.016468 3.525949 14.341992 0.118091 6.007203 11.153748 -3.595225 -27.388944 2.102261 -67.302901 -39.211365 -0.042122 0.023770 6.144824 -10.508331 15.262283 11.048774 6.566586 6.178592 4.449683 -2.282981 -0.031318 0.000001 -0.000001 0.000004 3.969384 0.494305 -36.401261 -0.203004 2.393935 -31.389681 0.000001 -0.000000 0.000000 2.035580 -1.744168 -36.548165 -2.285773 -1.518618 -44.050540 -0.000002 -0.000002 0.000000 -0.801864 -6.364783 -36.314159 -3.857213 -4.991105 -64.289265 -0.000000 0.000000 0.000000 -0.394511 -6.700206 -42.346312 -6.059742 -5.346206 -69.642815 0.000000 0.000001 0.000000 6.428742 10.720228 -1.552381 10.020804 0.348632 72.242221 27.906372 0.032493 0.029587 -7.252950 -3.504043 -1.714603 -2.067422 2.888252 -1.269518 -6.440945 -1.183540 -0.855015 -0.000003 0.000011 -0.000007 -5.694076 -1.836293 17.739852 -0.056752 2.896691 28.768883 0.000000 0.000001 -0.000002 -4.057321 -2.224439 28.075479 -14.591565 -13.141425 35.770083 0.000001 -0.000000 0.000001 -0.513881 -0.657868 31.118987 4.669973 -3.301145 33.430344 -0.000008 0.000012 -0.000001 -1.901571 -2.116968 33.363087 7.982216 -6.321265 43.121276 -0.000006 0.000009 0.000007 13.666763 -2.134770 2.407331 1.057906 13.281428 -0.110305 0.545526 -4.736557 1.245253 -0.027973 -0.991011 0.065333 -3.417946 2.487932 0.007655 -0.510631 13.010037 0.465625 -16.383887 -7.745924 3.156266 -0.179596 -1.526629 0.442829 
5.468150 99.569984 117.360504 -5.942859 -6.924795 -1.788825 0.020449 2.394949 0.628041 0.086824 4.789566 1.075318 0.086826 4.789567 1.075319 0.373050 -18.641103 -0.966334 3.556405 14.340221 0.100977 6.186478 11.272803 -3.691025 -26.926433 1.870688 -67.806040 -38.680744 -0.038791 0.020681 6.491310 -9.916555 15.046017 11.174145 6.896611 6.166558 4.446429 -2.202223 -0.013289 0.000005 -0.000001 0.000003 3.854298 0.571537 -36.611112 -0.375238 2.532689 -31.557356 -0.000002 -0.000000 -0.000002 1.883610 -1.714581 -36.835186 -2.475509 -1.474551 -44.446698 -0.000002 -0.000000 0.000003 -1.060634 -6.394471 -36.695376 -4.042864 -5.090435 -64.662787 -0.000001 0.000001 0.000000 -0.662155 -6.801636 -42.719999 -6.216757 -5.456900 -69.958923 -0.000000 -0.000001 -0.000000 6.723845 10.762671 -1.313187 10.099539 0.773160 72.107455 27.735185 0.036400 0.031517 -10.422235 -3.787591 -1.806106 -2.037569 3.003747 -1.233410 -6.426221 -1.239159 -0.831376 -0.000001 0.000012 -0.000002 -5.764747 -1.824092 18.034319 -0.029039 2.930201 29.276803 -0.000000 0.000001 0.000001 -4.127274 -2.255668 27.127263 -14.775871 -13.056531 35.337005 0.000000 0.000001 -0.000003 -0.604040 -0.552166 29.945182 4.645994 -3.283073 32.736670 -0.000007 0.000011 0.000003 -2.044590 -1.883988 31.672533 7.846818 -6.244358 41.862103 -0.000006 0.000008 0.000009 13.557887 -2.439903 2.310620 0.982758 13.436952 -0.106843 0.940439 -4.728227 1.242087 -0.027354 -0.549798 0.064117 -3.925623 2.015971 -0.096749 -0.556753 13.369478 0.436981 -15.561464 -7.793330 3.110443 -0.180409 -1.351916 0.443297 
5.488236 99.568039 117.184799 -6.118623 -6.781947 -1.772987 0.054674 2.361996 0.628589 0.153952 4.723446 1.079941 0.153953 4.723450 1.079942 0.350644 -18.667503 -0.903995 3.542942 14.129657 0.022069 6.361484 11.390166 -3.818068 -26.419768 1.558031 -68.342436 -37.883429 -0.034743 0.017110 6.752791 -9.266100 14.861274 11.292730 7.183344 6.117091 4.453171 -2.140878 -0.001954 -0.000002 -0.000002 0.000004 3.771545 0.636849 -36.803634 -0.516831 2.650112 -31.708504 -0.000000 -0.000000 -0.000001 1.767283 -1.692574 -37.089918 -2.629482 -1.441673 -44.806560 -0.000000 -0.000000 0.000000 -1.273985 -6.421913 -37.023068 -4.189496 -5.176476 -64.979360 0.000001 -0.000001 -0.000000 -0.884651 -6.892850 -43.040280 -6.336329 -5.548808 -70.221168 -0.000001 0.000002 0.000001 7.030750 10.801370 -1.040790 10.144907 1.098542 71.980304 27.840321 0.039416 0.033092 -12.161492 -3.791289 -2.227622 -2.008480 3.115422 -1.198357 -6.412014 -1.293005 -0.808503 -0.000001 0.000012 -0.000007 -5.836301 -1.805944 18.390008 -0.000665 2.961711 29.839307 0.000001 0.000001 0.000000 -4.198351 -2.289365 26.102072 -14.965335 -12.973869 34.813737 -0.000000 -0.000000 0.000004 -0.704442 -0.441454 28.687238 4.616679 -3.256923 31.943231 -0.000008 0.000011 -0.000000 -2.189519 -1.659168 30.012039 7.712804 -6.171937 40.619470 -0.000006 0.000008 0.000009 13.442091 -2.686577 2.214341 0.915195 13.433368 -0.109871 1.299892 -4.614078 1.245112 -0.027009 -0.313620 0.063470 -4.303618 1.594269 -0.163070 -0.554944 13.596531 0.418171 -14.953062 -7.760051 3.042641 -0.181181 -1.190291 0.443729 
5.497850 99.588837 116.980179 -6.235517 -6.624121 -1.747498 0.080677 2.333091 0.626719 0.204419 4.665496 1.079871 0.204417 4.665493 1.079869 0.321617 -18.720854 -0.842590 3.497485 13.791557 -0.092710 6.517572 11.503460 -3.952628 -25.970783 1.194156 -68.873961 -36.887939 -0.030266 0.013372 6.949825 -8.623141 14.674416 11.413206 7.434979 6.055830 4.471180 -2.101601 0.001716 0.000001 -0.000004 -0.000001 3.725401 0.688679 -36.977220 -0.624317 2.742887 -31.841150 -0.000002 -0.000001 0.000000 1.691247 -1.678969 -37.308798 -2.743288 -1.421532 -45.126059 -0.000000 -0.000000 0.000003 -1.436247 -6.445749 -37.291081 -4.292355 -5.247672 -65.232138 -0.000000 -0.000001 -0.000000 -1.056751 -6.971529 -43.301019 -6.413657 -5.619735 -70.422966 0.000000 -0.000001 0.000001 7.324645 10.838360 -0.773915 10.185981 1.259665 71.886033 28.075448 0.041763 0.034208 -12.581475 -3.539556 -2.946616 -1.980280 3.223065 -1.164387 -6.398308 -1.344931 -0.786454 -0.000003 0.000011 -0.000005 -5.908450 -1.781896 18.802932 0.028342 2.991185 30.452211 0.000001 0.000000 0.000003 -4.269010 -2.324741 25.046215 -15.158464 -12.898975 34.246480 0.000000 0.000001 -0.000001 -0.808543 -0.331736 27.409245 4.585149 -3.227325 31.113615 -0.000007 0.000010 0.000000 -2.329509 -1.449865 28.432633 7.584903 -6.107879 39.444069 -0.000006 0.000009 0.000007 13.317447 -2.840760 2.109520 0.860809 13.171488 -0.117705 1.599236 -4.345142 1.258290 -0.026885 -0.248772 0.063291 -4.427323 1.252096 -0.173552 -0.504515 13.608808 0.412302 -14.709304 -7.608475 2.958383 -0.181858 -1.047827 0.444102 
5.500572 99.627846 116.760574 -6.271920 -6.437917 -1.712324 0.099843 2.309584 0.623856 0.241061 4.618357 1.077777 0.241058 4.618352 1.077777 0.295639 -18.808456 -0.796086 3.451042 13.469597 -0.198057 6.650619 11.610301 -4.063998 -25.668262 0.822842 -69.378664 -35.811047 -0.025643 0.009915 7.125340 -8.097854 14.481280 11.535805 7.657387 6.011971 4.500690 -2.084844 -0.002376 -0.000000 -0.000002 -0.000002 3.716608 0.726533 -37.131422 -0.697290 2.810023 -31.954903 0.000000 0.000001 0.000003 1.656337 -1.673863 -37.490990 -2.816181 -1.414544 -45.404219 -0.000002 -0.000001 -0.000002 -1.546396 -6.465354 -37.498193 -4.350641 -5.303766 -65.419914 -0.000000 -0.000000 -0.000000 -1.177574 -7.036777 -43.501243 -6.447979 -5.669416 -70.563210 -0.000000 -0.000001 -0.000001 7.584442 10.875360 -0.556429 10.297236 1.246824 71.839909 28.371786 0.043312 0.034828 -12.133271 -3.118834 -3.821905 -1.952973 3.326541 -1.131587 -6.385149 -1.394920 -0.765239 -0.000003 0.000011 -0.000005 -5.980461 -1.752932 19.259658 0.057806 3.018624 31.101639 0.000001 -0.000001 0.000001 -4.337159 -2.360631 24.018256 -15.352068 -12.835157 33.692698 -0.000003 0.000000 0.000002 -0.910182 -0.227839 26.168608 4.554284 -3.198395 30.304822 -0.000007 0.000011 0.000003 -2.458137 -1.261868 26.979667 7.467605 -6.055092 38.380684 -0.000006 0.000007 0.000009 13.201998 -2.925606 1.990703 0.808203 12.683263 -0.129412 1.809651 -3.943633 1.286666 -0.026874 -0.262679 0.063331 -4.335940 0.967481 -0.142113 -0.438560 13.446961 0.409315 -14.781188 -7.366889 2.872187 -0.182482 -0.924673 0.444435 
5.502717 99.670410 116.540787 -6.230475 -6.242141 -1.678238 0.116404 2.293088 0.621953 0.272658 4.585261 1.076898 0.272658 4.585259 1.076898 0.280206 -18.926128 -0.768956 3.434094 13.268217 -0.260769 6.765488 11.709705 -4.135145 -25.583773 0.504878 -69.827735 -34.795951 -0.021307 0.007018 7.316883 -7.824645 14.294619 11.649996 7.850111 5.993949 4.539969 -2.086625 -0.012924 -0.000000 -0.000003 0.000005 3.738949 0.752461 -37.268360 -0.741204 2.855065 -32.051882 -0.000002 -0.000000 0.000001 1.655917 -1.675791 -37.641258 -2.854582 -1.418577 -45.645768 -0.000001 -0.000000 -0.000001 -1.612350 -6.480936 -37.653204 -4.371532 -5.346988 -65.552201 0.000000 0.000000 0.000000 -1.254925 -7.089958 -43.649724 -6.446296 -5.701185 -70.651258 -0.000001 -0.000001 -0.000000 7.800422 10.913622 -0.407178 10.565585 1.109850 71.823865 28.733629 0.043830 0.034859 -11.268215 -2.666641 -4.704349 -1.926652 3.425705 -1.099992 -6.372531 -1.442894 -0.744885 -0.000003 0.000011 -0.000005 -6.051677 -1.719929 19.748566 0.087466 3.043946 31.775724 0.000002 -0.000001 -0.000000 -4.401104 -2.395825 23.069270 -15.542256 -12.784716 33.202178 0.000001 -0.000001 -0.000001 -1.003649 -0.133596 25.017315 4.526739 -3.173665 29.568244 -0.000007 0.000012 0.000002 -2.569778 -1.099013 25.689506 7.364628 -6.015312 37.465114 -0.000006 0.000008 0.000014 13.117950 -2.994558 1.872090 0.744014 12.127707 -0.144940 1.922569 -3.500177 1.329643 -0.026859 -0.275343 0.063364 -4.210029 0.711224 -0.099712 -0.390594 13.229576 0.398760 -14.949891 -7.103935 2.793185 -0.183013 -0.816621 0.444728 
5.505445 99.702194 116.329346 -6.147681 -6.074756 -1.654392 0.135788 2.284625 0.622443 0.310277 4.568211 1.079847 0.310276 4.568213 1.079847 0.276558 -19.054932 -0.754477 3.458351 13.198932 -0.275346 6.870190 11.802654 -4.170526 -25.761773 0.296426 -70.183984 -33.953973 -0.017722 0.004969 7.532066 -7.904428 14.132094 11.746452 8.013262 5.987605 4.585619 -2.099187 -0.027222 0.000001 -0.000001 0.000001 3.779925 0.770672 -37.392161 -0.766636 2.885566 -32.136931 -0.000000 0.000002 0.000004 1.676615 -1.681973 -37.769256 -2.871115 -1.429333 -45.860451 -0.000001 -0.000000 -0.000001 -1.650061 -6.493682 -37.773477 -4.369100 -5.381648 -65.648076 0.000000 0.000002 0.000001 -1.304294 -7.134705 -43.763771 -6.422545 -5.721555 -70.705695 -0.000000 -0.000001 0.000000 7.974439 10.953876 -0.311184 11.043689 0.929959 71.795049 29.176861 0.043130 0.034322 -10.256534 -2.308393 -5.515583 -1.901349 3.520395 -1.069688 -6.360477 -1.488715 -0.725430 -0.000001 0.000011 -0.000006 -6.121691 -1.683354 20.263303 0.117170 3.067148 32.467810 0.000001 0.000000 -0.000001 -4.459731 -2.429187 22.235461 -15.725385 -12.750063 32.809804 -0.000001 0.000001 0.000004 -1.083570 -0.052001 24.002164 4.504997 -3.156215 28.950030 -0.000007 0.000014 0.000004 -2.659784 -0.963318 24.587382 7.278658 -5.989275 36.721832 -0.000007 0.000008 0.000007 13.075262 -3.091676 1.775342 0.671241 11.684048 -0.162805 1.959034 -3.115708 1.377650 -0.026817 -0.260083 0.063318 -4.231391 0.461825 -0.074275 -0.364247 13.083728 0.382190 -14.989545 -6.888579 2.720538 -0.183491 -0.717757 0.444990 
5.504672 99.718773 116.128242 -6.067088 -5.951609 -1.635295 0.160884 2.281764 0.624937 0.359659 4.562303 1.086767 0.359661 4.562305 1.086767 0.280381 -19.168241 -0.742236 3.511872 13.209190 -0.256940 6.970159 11.890136 -4.186724 -26.198925 0.217292 -70.426914 -33.309480 -0.014967 0.003634 7.757346 -8.348653 14.010846 11.828900 8.155460 5.975853 4.633903 -2.114216 -0.042322 -0.000002 -0.000003 0.000005 3.826307 0.785587 -37.507431 -0.784735 2.909839 -32.215000 -0.000001 -0.000003 -0.000001 1.704260 -1.689453 -37.885270 -2.879296 -1.442279 -46.058882 -0.000000 0.000000 -0.000001 -1.676443 -6.505114 -37.877518 -4.358334 -5.412240 -65.727880 -0.000000 0.000000 -0.000000 -1.342021 -7.175127 -43.861941 -6.391601 -5.737275 -70.746382 -0.000000 0.000003 0.000000 8.113240 10.995765 -0.240170 11.719731 0.766015 71.723741 29.673402 0.041399 0.033258 -9.226625 -2.079220 -6.261537 -1.877141 3.610479 -1.040736 -6.349031 -1.532346 -0.706904 -0.000004 0.000015 -0.000009 -6.190198 -1.643525 20.799403 0.146776 3.088250 33.173119 -0.000002 0.000002 0.000003 -4.511900 -2.459451 21.555625 -15.896746 -12.732921 32.552678 -0.000000 -0.000000 0.000000 -1.143880 0.013700 23.177620 4.491988 -3.149677 28.503995 -0.000009 0.000013 -0.000001 -2.722761 -0.857896 23.706055 7.212918 -5.978440 36.183016 -0.000007 0.000009 0.000011 13.065911 -3.222480 1.702932 0.605337 11.408748 -0.180467 1.954828 -2.824659 1.420662 -0.026749 -0.231383 0.063241 -4.453129 0.200818 -0.080630 -0.340387 13.070819 0.370382 -14.820414 -6.751403 2.648213 -0.183952 -0.623083 0.445207 
5.498876 99.726059 115.936714 -5.999411 -5.849574 -1.606809 0.189103 2.277726 0.627380 0.415335 4.554036 1.094663 0.415337 4.554038 1.094664 0.285149 -19.244575 -0.725471 3.568100 13.249868 -0.225475 7.066260 11.972944 -4.196781 -26.837499 0.238195 -70.572643 -32.794706 -0.012623 0.002621 7.993381 -9.071664 13.937392 11.912927 8.292680 5.956600 4.682545 -2.126465 -0.056373 0.000001 -0.000005 0.000004 3.869615 0.800086 -37.616891 -0.802506 2.933070 -32.289238 -0.000002 -0.000000 0.000001 1.729863 -1.696359 -37.995693 -2.887613 -1.454381 -46.247409 -0.000000 -0.000000 -0.000000 -1.702200 -6.516164 -37.976945 -4.348697 -5.441481 -65.804522 -0.000000 0.000001 -0.000000 -1.378459 -7.213767 -43.955781 -6.362876 -5.752528 -70.785833 -0.000000 0.000002 0.000000 8.221680 11.039053 -0.177529 12.520253 0.612437 71.622422 30.151570 0.039443 0.031976 -8.286076 -1.894143 -6.991548 -1.854088 3.695888 -1.013205 -6.338168 -1.573753 -0.689336 -0.000003 0.000012 -0.000007 -6.256769 -1.600931 21.351006 0.176120 3.107268 33.885470 -0.000001 0.000000 0.000003 -4.555189 -2.484447 21.100157 -16.047541 -12.732401 32.497313 -0.000001 0.000000 0.000000 -1.175772 0.058131 22.627524 4.492096 -3.159763 28.313234 -0.000007 0.000011 0.000001 -2.748615 -0.792182 23.123122 7.174641 -5.987430 35.925531 -0.000008 0.000010 0.000010 13.071525 -3.364316 1.632996 0.553772 11.217209 -0.195999 1.933764 -2.584033 1.457648 -0.026693 -0.208877 0.063189 -4.789624 -0.084985 -0.117885 -0.306795 13.160967 0.370794 -14.530162 -6.674167 2.574230 -0.184409 -0.530432 0.445409 
5.493368 99.734810 115.753784 -5.916156 -5.735164 -1.559455 0.213354 2.265711 0.627589 0.462865 4.529825 1.099534 0.462865 4.529825 1.099533 0.285159 -19.279300 -0.702334 3.601137 13.313135 -0.196078 7.155541 12.050953 -4.205153 -27.591386 0.298848 -70.663040 -32.302376 -0.009959 0.001427 8.272690 -9.939897 13.895411 12.013451 8.438131 5.940021 4.731013 -2.134664 -0.068970 0.000003 -0.000002 0.000001 3.907882 0.814766 -37.721011 -0.821465 2.956616 -32.360316 -0.000000 0.000000 -0.000000 1.751300 -1.702178 -38.101913 -2.898062 -1.464978 -46.427371 -0.000001 0.000001 0.000001 -1.729778 -6.526961 -38.074357 -4.342428 -5.469915 -65.880740 -0.000000 0.000000 0.000000 -1.415929 -7.251166 -44.047835 -6.338630 -5.768173 -70.826924 -0.000000 0.000001 -0.000001 8.300471 11.083473 -0.125257 13.346261 0.401887 71.535672 30.541570 0.037939 0.030767 -7.575351 -1.597125 -7.744906 -1.832229 3.776353 -0.987132 -6.327959 -1.612776 -0.672779 -0.000003 0.000011 -0.000003 -6.320996 -1.556245 21.910743 0.204961 3.124228 34.597138 0.000001 -0.000003 -0.000000 -4.585675 -2.501089 20.978533 -16.164169 -12.743061 32.746864 -0.000001 -0.000001 -0.000003 -1.167823 0.073040 22.469487 4.511324 -3.194591 28.494665 -0.000007 0.000012 -0.000001 -2.721529 -0.784229 22.976838 7.176374 -6.024731 36.087028 -0.000005 0.000008 0.000010 13.078894 -3.477664 1.538438 0.509602 10.962238 -0.208399 1.891045 -2.315833 1.497065 -0.026658 -0.196457 0.063169 -5.107677 -0.381988 -0.174516 -0.269906 13.258765 0.380642 -14.276146 -6.606686 2.504080 -0.184870 -0.441238 0.445667 
5.494606 99.752274 115.577820 -5.785028 -5.601532 -1.495365 0.226937 2.244842 0.625708 0.488842 4.487982 1.101046 0.488840 4.487976 1.101045 0.277050 -19.285469 -0.672386 3.598116 13.416025 -0.179130 7.233685 12.123598 -4.212024 -28.390397 0.344119 -70.734177 -31.754676 -0.006521 -0.000088 8.635190 -10.841408 13.846569 12.132198 8.592808 5.932255 4.779816 -2.139795 -0.080377 0.000003 -0.000005 0.000000 3.942747 0.829008 -37.819007 -0.840154 2.979294 -32.427344 -0.000001 0.000001 0.000003 1.770376 -1.707354 -38.202331 -2.908848 -1.474581 -46.596958 -0.000001 0.000002 -0.000001 -1.756918 -6.537299 -38.167097 -4.337620 -5.496894 -65.953830 0.000000 0.000001 -0.000000 -1.452256 -7.286657 -44.135603 -6.316995 -5.783345 -70.867044 0.000001 -0.000001 -0.000001 8.349568 11.128626 -0.091674 14.120013 0.055179 71.500524 30.816618 0.037159 0.029681 -7.230395 -1.062325 -8.524716 -1.811649 3.851760 -0.962614 -6.318379 -1.649390 -0.657219 0.000001 0.000015 -0.000007 -6.382478 -1.510211 22.471203 0.233076 3.139255 35.300388 0.000002 -0.000000 0.000001 -4.599045 -2.506028 21.305848 -16.232995 -12.756988 33.409522 -0.000001 0.000000 -0.000000 -1.109129 0.049496 22.820695 4.554920 -3.262709 29.164822 -0.000007 0.000011 -0.000002 -2.624914 -0.855940 23.424820 7.231780 -6.100498 36.824709 -0.000006 0.000010 0.000008 13.091103 -3.523101 1.411472 0.465399 10.544840 -0.216498 1.800915 -1.967070 1.546868 -0.026614 -0.186576 0.063131 -5.314038 -0.654771 -0.235136 -0.239594 13.284352 0.391447 -14.175994 -6.507862 2.446326 -0.185332 -0.359958 0.445987 
5.503328 99.778450 115.405930 -5.606066 -5.476733 -1.432499 0.228290 2.221856 0.625035 0.490471 4.441985 1.104113 0.490468 4.441987 1.104114 0.260315 -19.283687 -0.634288 3.563042 13.560500 -0.182878 7.297104 12.190492 -4.219848 -29.207265 0.351768 -70.795437 -31.140400 -0.002745 -0.001747 9.087341 -11.726917 13.751110 12.256308 8.745707 5.926890 4.829398 -2.142792 -0.090954 0.000003 -0.000003 0.000001 3.975773 0.842230 -37.910118 -0.857094 3.000015 -32.489618 -0.000000 -0.000000 0.000003 1.788771 -1.712197 -38.295433 -2.918257 -1.483755 -46.754571 -0.000000 0.000000 0.000000 -1.781457 -6.546898 -38.252731 -4.332417 -5.521799 -66.021039 0.000000 0.000001 0.000000 -1.485320 -7.319582 -44.216544 -6.296189 -5.797131 -70.903483 0.000000 -0.000000 0.000000 8.373544 11.173709 -0.075413 14.814115 -0.458044 71.517265 30.997116 0.036577 0.028516 -7.322427 -0.274886 -9.309515 -1.792421 3.922024 -0.939699 -6.309439 -1.683526 -0.642767 -0.000004 0.000011 -0.000003 -6.440847 -1.463488 23.025691 0.260259 3.152396 35.988212 -0.000001 0.000001 -0.000000 -4.592865 -2.497454 22.146076 -16.248328 -12.769033 34.545478 -0.000001 -0.000000 0.000001 -0.994994 -0.018919 23.741003 4.624169 -3.369447 30.383168 -0.000007 0.000009 -0.000003 -2.450921 -1.023798 24.563119 7.347258 -6.223106 38.234747 -0.000007 0.000006 0.000015 13.126261 -3.486353 1.278041 0.422330 9.983037 -0.219337 1.642577 -1.546863 1.605247 -0.026562 -0.173743 0.063057 -5.374798 -0.857663 -0.277383 -0.214992 13.206272 0.397310 -14.265233 -6.361705 2.402013 -0.185718 -0.292391 0.446225 
5.514923 99.808731 115.236992 -5.412099 -5.400134 -1.398949 0.221928 2.206588 0.629932 0.477171 4.411454 1.115384 0.477171 4.411451 1.115385 0.237268 -19.289827 -0.587476 3.511729 13.713812 -0.211846 7.343958 12.251987 -4.234948 -30.050097 0.334195 -70.833501 -30.505688 0.000655 -0.003056 9.587995 -12.602151 13.593198 12.368839 8.883561 5.914519 4.879838 -2.143693 -0.100707 0.000005 -0.000004 0.000004 4.007097 0.854262 -37.994102 -0.872151 3.018691 -32.546893 -0.000002 -0.000001 0.000001 1.806654 -1.716802 -38.380954 -2.926158 -1.492512 -46.899695 -0.000000 0.000001 0.000001 -1.803141 -6.555768 -38.330841 -4.326691 -5.544558 -66.082026 -0.000000 0.000000 0.000000 -1.514899 -7.349871 -44.290314 -6.276067 -5.809504 -70.936063 0.000000 -0.000002 -0.000000 8.383826 11.217384 -0.063762 15.447144 -1.096465 71.553287 31.122662 0.035558 0.026931 -7.835076 0.664416 -10.074423 -1.774535 3.986939 -0.918466 -6.301208 -1.715089 -0.629349 -0.000004 0.000015 -0.000007 -6.495745 -1.416749 23.567735 0.286260 3.163692 36.653852 -0.000001 -0.000000 0.000004 -4.567905 -2.476042 23.475698 -16.217234 -12.780842 36.132787 -0.000000 0.000001 0.000001 -0.829910 -0.133363 25.197720 4.714422 -3.514233 32.116721 -0.000008 0.000013 -0.000001 -2.206807 -1.291404 26.367640 7.516526 -6.395807 40.293495 -0.000008 0.000009 0.000014 13.202223 -3.388078 1.185049 0.383014 9.388614 -0.218230 1.423926 -1.115104 1.662041 -0.026514 -0.160463 0.062998 -5.294107 -0.946778 -0.273648 -0.189297 13.017841 0.397655 -14.513594 -6.165984 2.361707 -0.185903 -0.242145 0.446191 
5.525261 99.838463 115.073891 -5.241525 -5.388091 -1.407672 0.215291 2.205504 0.642316 0.464026 4.409295 1.138078 0.464029 4.409299 1.138078 0.212232 -19.309107 -0.535377 3.461758 13.823450 -0.262273 7.374362 12.308365 -4.265328 -30.933746 0.321440 -70.829014 -29.919483 0.002839 -0.003730 10.073981 -13.491327 13.390600 12.460622 9.001066 5.896935 4.930989 -2.141998 -0.109393 0.000005 -0.000002 -0.000001 4.035926 0.865310 -38.070945 -0.885865 3.035675 -32.599349 -0.000001 0.000004 -0.000000 1.823193 -1.721003 -38.459166 -2.933214 -1.500637 -47.032505 -0.000001 -0.000000 0.000002 -1.822796 -6.563919 -38.402155 -4.321224 -5.565354 -66.137664 0.000001 0.000001 0.000000 -1.541765 -7.377622 -44.357636 -6.257436 -5.820749 -70.965693 0.000000 0.000000 -0.000001 8.395266 11.257488 -0.043377 16.054102 -1.774064 71.569236 31.220327 0.033551 0.024690 -8.681238 1.606203 -10.798321 -1.758115 4.046406 -0.898963 -6.293667 -1.743988 -0.617114 -0.000004 0.000014 -0.000005 -6.546820 -1.370760 24.090325 0.310846 3.173323 37.289913 -0.000001 0.000002 0.000002 -4.527740 -2.444612 25.194864 -16.156987 -12.799451 38.077468 -0.000001 0.000001 0.000004 -0.626186 -0.289509 27.079166 4.816920 -3.690767 34.253580 -0.000006 0.000012 -0.000002 -1.912626 -1.648160 28.704270 7.722681 -6.615362 42.867531 -0.000008 0.000011 0.000011 13.316690 -3.266586 1.157316 0.344598 8.873572 -0.216513 1.185466 -0.733388 1.708953 -0.026508 -0.152132 0.063039 -5.105110 -0.915766 -0.216161 -0.160948 12.738583 0.394766 -14.850283 -5.932246 2.315915 -0.185934 -0.206530 0.445941 
5.534316 99.864670 114.923027 -5.115893 -5.420095 -1.437243 0.214395 2.218539 0.659823 0.462848 4.435311 1.169659 0.462848 4.435311 1.169658 0.189930 -19.337254 -0.485763 3.423948 13.848849 -0.321001 7.390465 12.359885 -4.317930 -31.855459 0.342052 -70.771654 -29.441090 0.003588 -0.003713 10.498692 -14.405468 13.182765 12.531837 9.100868 5.886966 4.982702 -2.137316 -0.116925 0.000001 -0.000003 0.000003 4.061711 0.875511 -38.140534 -0.898531 3.051138 -32.646880 -0.000001 0.000001 -0.000000 1.837891 -1.724667 -38.530111 -2.939848 -1.507896 -47.152911 -0.000000 0.000002 0.000000 -1.840930 -6.571337 -38.467041 -4.316535 -5.584251 -66.188406 0.000000 -0.000000 -0.000000 -1.566377 -7.402818 -44.418923 -6.240871 -5.831058 -70.992863 -0.000000 0.000000 -0.000001 8.419560 11.291949 -0.010409 16.656007 -2.406292 71.544333 31.292850 0.030636 0.021894 -9.733326 2.433091 -11.461491 -1.743199 4.100182 -0.881264 -6.286836 -1.770159 -0.605985 -0.000004 0.000011 -0.000007 -6.593699 -1.326330 24.586058 0.333764 3.181386 37.888538 0.000000 0.000002 0.000005 -4.477106 -2.406842 27.173440 -16.087450 -12.832213 40.256257 -0.000001 0.000002 0.000005 -0.398931 -0.479641 29.243230 4.922163 -3.889779 36.651174 -0.000007 0.000011 -0.000001 -1.592853 -2.074768 31.393079 7.945726 -6.873318 45.776887 -0.000006 0.000010 0.000008 13.441654 -3.136556 1.168675 0.303278 8.446017 -0.216915 0.981768 -0.410755 1.746083 -0.026548 -0.148128 0.063150 -4.874702 -0.823850 -0.137892 -0.133689 12.440770 0.391571 -15.181641 -5.696969 2.266496 -0.186062 -0.175789 0.445971 
5.544328 99.885353 114.790359 -5.037718 -5.460298 -1.451226 0.220973 2.240590 0.677741 0.476750 4.479300 1.204013 0.476750 4.479301 1.204012 0.173884 -19.366467 -0.447611 3.400731 13.784542 -0.371438 7.396407 12.406438 -4.395238 -32.788514 0.411475 -70.665847 -29.101076 0.003110 -0.003086 10.851904 -15.333423 13.007916 12.582271 9.184167 5.892676 5.035099 -2.129688 -0.123245 -0.000000 -0.000004 -0.000001 4.084520 0.884676 -38.202761 -0.909996 3.065082 -32.689412 -0.000001 -0.000002 0.000002 1.850828 -1.727922 -38.593615 -2.945959 -1.514312 -47.260524 0.000000 0.000000 -0.000000 -1.857327 -6.578072 -38.525194 -4.312555 -5.601162 -66.234011 0.000000 0.000000 0.000000 -1.588522 -7.425484 -44.473896 -6.226296 -5.840322 -71.017431 -0.000000 0.000000 0.000001 8.459071 11.319594 0.028156 17.252662 -2.943112 71.482533 31.328561 0.027077 0.018725 -10.852072 3.099726 -12.047818 -1.729865 4.148139 -0.865468 -6.280745 -1.793497 -0.596093 -0.000004 0.000016 -0.000007 -6.636080 -1.284263 25.048233 0.354781 3.188010 38.442661 0.000001 0.000001 -0.000002 -4.420153 -2.366013 29.294582 -16.024655 -12.883027 42.557686 0.000001 -0.000000 0.000000 -0.161598 -0.695458 31.562721 5.022851 -4.102007 39.181889 -0.000007 0.000007 0.000000 -1.268531 -2.550656 34.271990 8.168999 -7.159036 48.859256 -0.000006 0.000008 0.000009 13.540844 -2.995405 1.169308 0.260431 8.053519 -0.219736 0.853258 -0.123540 1.777975 -0.026519 -0.138847 0.063132 -4.686502 -0.759055 -0.089116 -0.109775 12.223389 0.390786 -15.418199 -5.508601 2.223752 -0.186586 -0.139095 0.446844 
5.556346 99.899109 114.677895 -4.998551 -5.489021 -1.434878 0.232363 2.265019 0.692731 0.500137 4.528001 1.235443 0.500137 4.527997 1.235444 0.165513 -19.389618 -0.426162 3.391386 13.662154 -0.403359 7.397911 12.448899 -4.490636 -33.690154 0.525497 -70.530787 -28.892134 0.001932 -0.002118 11.149638 -16.249220 12.884875 12.604824 9.244590 5.905256 5.088171 -2.119180 -0.128415 0.000001 -0.000002 0.000003 4.104548 0.892792 -38.257382 -0.920102 3.077305 -32.726722 -0.000001 -0.000000 -0.000003 1.862180 -1.730738 -38.649401 -2.951303 -1.519965 -47.355030 0.000001 0.000001 -0.000001 -1.871756 -6.583976 -38.576297 -4.309032 -5.616046 -66.274036 0.000001 0.000000 0.000000 -1.607971 -7.445388 -44.522141 -6.213495 -5.848465 -71.039001 0.000000 0.000001 -0.000000 8.506169 11.342199 0.062973 17.836185 -3.377965 71.399082 31.321004 0.023319 0.015526 -11.911612 3.619827 -12.547806 -1.718137 4.190254 -0.851548 -6.275396 -1.814015 -0.587359 -0.000006 0.000012 -0.000003 -6.673795 -1.245210 25.471433 0.373707 3.193332 38.946825 0.000002 -0.000002 0.000000 -4.360065 -2.324464 31.467942 -15.978961 -12.951873 44.894707 -0.000003 -0.000000 0.000000 0.075356 -0.929078 33.938551 5.114248 -4.319498 41.746502 -0.000008 0.000009 -0.000002 -0.955096 -3.057529 37.217298 8.380994 -7.462088 51.990577 -0.000005 0.000008 0.000009 13.595200 -2.852767 1.136748 0.220946 7.683750 -0.223682 0.806615 0.135060 1.807224 -0.026347 -0.113403 0.062774 -4.593476 -0.767066 -0.091596 -0.086339 12.138058 0.394280 -15.518212 -5.392541 2.193934 -0.187460 -0.094111 0.448516 
5.569638 99.906395 114.582855 -4.983139 -5.507665 -1.401507 0.243378 2.287228 0.704133 0.522624 4.572261 1.261291 0.522624 4.572264 1.261291 0.164277 -19.405336 -0.421025 3.397904 13.533088 -0.419024 7.400133 12.486294 -4.588831 -34.512673 0.659172 -70.395509 -28.770693 0.000639 -0.001136 11.408043 -17.117523 12.808371 12.593440 9.274494 5.904932 5.141987 -2.105836 -0.132418 -0.000000 -0.000003 0.000003 4.121865 0.899757 -38.304363 -0.928734 3.087784 -32.758861 0.000000 -0.000001 0.000003 1.872055 -1.733149 -38.697314 -2.955819 -1.524863 -47.436306 -0.000002 -0.000000 0.000000 -1.884044 -6.589084 -38.620178 -4.305885 -5.628805 -66.308371 0.000000 0.000001 0.000000 -1.624600 -7.462514 -44.563556 -6.202363 -5.855441 -71.057456 0.000000 0.000000 -0.000001 8.547469 11.361262 0.088712 18.402918 -3.734764 71.305331 31.281396 0.019543 0.012542 -12.817927 4.030649 -12.955767 -1.707996 4.226477 -0.839550 -6.270803 -1.831657 -0.579885 -0.000004 0.000014 -0.000005 -6.706644 -1.209836 25.850478 0.390385 3.197479 39.395664 0.000000 0.000001 -0.000001 -4.299651 -2.284152 33.609599 -15.955800 -13.035052 47.184658 -0.000003 -0.000000 -0.000001 0.302628 -1.171487 36.278389 5.193298 -4.534229 44.252160 -0.000010 0.000013 0.000001 -0.664946 -3.575800 40.115965 8.573055 -7.771148 55.056676 -0.000004 0.000006 0.000010 13.612650 -2.734002 1.085251 0.186738 7.376918 -0.227822 0.815321 0.348773 1.833772 -0.026034 -0.071610 0.062112 -4.580782 -0.829207 -0.127108 -0.060373 12.153289 0.401857 -15.515336 -5.333480 2.174302 -0.188299 -0.050501 0.450112 
5.582573 99.910591 114.500259 -4.970659 -5.519592 -1.369267 0.248841 2.305178 0.712721 0.533855 4.608058 1.281328 0.533858 4.608054 1.281327 0.168357 -19.414840 -0.426229 3.424868 13.442301 -0.430086 7.405432 12.517636 -4.671206 -35.212600 0.774419 -70.288964 -28.673520 -0.000370 -0.000388 11.623994 -17.892191 12.758892 12.557810 9.277977 5.880831 5.196536 -2.089529 -0.135175 -0.000000 -0.000003 0.000003 4.136271 0.905597 -38.343323 -0.935883 3.096423 -32.785523 -0.000001 0.000001 -0.000000 1.880297 -1.735133 -38.737076 -2.959524 -1.528978 -47.503785 -0.000001 0.000001 0.000001 -1.894198 -6.593294 -38.656521 -4.303230 -5.639401 -66.336839 0.000000 0.000001 0.000000 -1.638334 -7.476731 -44.597884 -6.193075 -5.861194 -71.072715 0.000000 -0.000000 -0.000000 8.572519 11.378521 0.107833 18.943806 -4.042733 71.205323 31.235551 0.015838 0.009742 -13.515182 4.367037 -13.264157 -1.699586 4.256586 -0.829571 -6.266993 -1.846344 -0.573684 -0.000001 0.000011 -0.000005 -6.734266 -1.179018 26.177202 0.404533 3.200593 39.780459 0.000001 -0.000003 0.000000 -4.242471 -2.247200 35.609280 -15.956087 -13.125032 49.315513 -0.000001 -0.000000 -0.000001 0.508981 -1.408621 38.461519 5.257616 -4.735289 46.576248 -0.000003 0.000011 0.000000 -0.411215 -4.076664 42.819788 8.736659 -8.069434 57.906351 -0.000005 0.000008 0.000009 13.615317 -2.644538 1.034937 0.154922 7.131183 -0.232164 0.838266 0.524084 1.857817 -0.025744 -0.027315 0.061492 -4.581427 -0.902830 -0.164555 -0.034263 12.193298 0.411008 -15.496212 -5.293781 2.159201 -0.188641 -0.021679 0.450619 
5.593295 99.914627 114.426651 -4.940801 -5.519941 -1.343494 0.245582 2.318793 0.718765 0.527490 4.635273 1.295292 0.527492 4.635270 1.295292 0.175448 -19.420041 -0.433722 3.473444 13.407529 -0.447488 7.411921 12.541794 -4.726623 -35.758544 0.836232 -70.228203 -28.545936 -0.000891 0.000075 11.776625 -18.518151 12.718903 12.525264 9.274060 5.843231 5.251893 -2.069913 -0.136574 0.000003 -0.000003 0.000003 4.147464 0.910122 -38.373649 -0.941466 3.103140 -32.806225 -0.000001 -0.000000 0.000002 1.886702 -1.736682 -38.767983 -2.962410 -1.532146 -47.556237 -0.000001 -0.000000 -0.000002 -1.902105 -6.596610 -38.684808 -4.301170 -5.647630 -66.358997 -0.000000 0.000001 -0.000000 -1.649015 -7.487790 -44.624570 -6.185879 -5.865690 -71.084593 -0.000000 -0.000000 -0.000000 8.579623 11.394303 0.126770 19.427382 -4.314788 71.103307 31.210136 0.012030 0.007112 -13.983371 4.653856 -13.465247 -1.693020 4.279960 -0.821824 -6.264037 -1.857733 -0.568816 -0.000006 0.000014 -0.000005 -6.755975 -1.154078 26.439628 0.415749 3.202838 40.088091 0.000002 -0.000001 0.000001 -4.193082 -2.216096 37.321414 -15.974438 -13.210470 51.136660 -0.000001 -0.000002 -0.000003 0.680981 -1.619894 40.329511 5.305591 -4.907964 48.556368 -0.000006 0.000011 -0.000001 -0.207583 -4.518601 45.132913 8.864155 -8.332551 60.338219 -0.000005 0.000008 0.000009 13.621784 -2.576462 0.990097 0.119572 6.909430 -0.237167 0.842591 0.684556 1.880358 -0.025648 0.002439 0.061298 -4.533141 -0.973289 -0.187322 -0.014234 12.220593 0.418600 -15.538761 -5.254233 2.148886 -0.188319 -0.012731 0.449784 
5.600252 99.918152 114.361801 -4.883114 -5.504536 -1.319622 0.233425 2.329029 0.721616 0.503143 4.655837 1.302196 0.503143 4.655834 1.302196 0.183365 -19.422355 -0.437313 3.536814 13.416211 -0.473363 7.414771 12.557994 -4.757552 -36.141232 0.828838 -70.212248 -28.364447 -0.000902 0.000253 11.846367 -18.951028 12.682854 12.524065 9.285063 5.815628 5.308085 -2.046829 -0.136470 0.000001 -0.000000 0.000004 4.155216 0.913290 -38.394734 -0.945353 3.107838 -32.820644 -0.000002 0.000000 0.000001 1.891115 -1.737736 -38.789522 -2.964436 -1.534346 -47.592731 -0.000000 -0.000000 -0.000000 -1.907622 -6.598929 -38.704496 -4.299748 -5.653337 -66.374440 -0.000000 0.000000 0.000000 -1.656472 -7.495516 -44.643192 -6.180890 -5.868795 -71.092885 -0.000000 0.000002 0.000000 8.575662 11.407158 0.151288 19.804219 -4.544045 71.008518 31.218766 0.008044 0.004591 -14.235531 4.907635 -13.562485 -1.688447 4.296205 -0.816425 -6.261955 -1.865645 -0.565442 -0.000003 0.000008 -0.000002 -6.771199 -1.136095 26.627528 0.423666 3.204265 40.307456 0.000001 -0.000002 0.000000 -4.155658 -2.193031 38.611152 -15.999795 -13.279398 52.506803 -0.000002 -0.000001 -0.000001 0.807546 -1.784065 41.735929 5.337434 -5.038200 50.042436 -0.000006 0.000012 -0.000003 -0.062770 -4.859249 46.874157 8.952359 -8.535226 62.165499 -0.000005 0.000007 0.000008 13.637670 -2.528749 0.944972 0.076402 6.700462 -0.243097 0.816829 0.837655 1.901645 -0.025778 0.011641 0.061608 -4.423547 -1.050474 -0.197282 -0.003996 12.248139 0.423233 -15.662746 -5.221613 2.146876 -0.187682 -0.016558 0.448302 
5.602598 99.919640 114.307449 -4.802050 -5.479352 -1.295328 0.214567 2.337150 0.721002 0.465220 4.672232 1.301955 0.465220 4.672231 1.301956 0.190644 -19.422399 -0.434749 3.603425 13.441530 -0.502107 7.409965 12.567131 -4.776116 -36.382348 0.760839 -70.226653 -28.137972 -0.000554 0.000165 11.834881 -19.188257 12.653702 12.564273 9.321236 5.815340 5.365088 -2.020517 -0.135006 0.000003 -0.000004 0.000001 4.159848 0.915188 -38.407363 -0.947692 3.110639 -32.829274 0.000001 -0.000000 0.000001 1.893771 -1.738387 -38.802428 -2.965659 -1.535656 -47.614564 -0.000000 -0.000000 -0.000000 -1.910944 -6.600317 -38.716278 -4.298897 -5.656769 -66.383688 0.000000 -0.000000 0.000000 -1.660948 -7.500144 -44.654332 -6.177907 -5.870677 -71.097871 0.000000 0.000001 0.000000 8.570098 11.416044 0.182846 20.043026 -4.720360 70.929725 31.258009 0.004022 0.002215 -14.316526 5.139249 -13.577650 -1.685722 4.305919 -0.813181 -6.260723 -1.870404 -0.563445 -0.000006 0.000011 -0.000003 -6.780441 -1.124999 26.743211 0.428478 3.205040 40.442021 0.000000 0.000003 0.000002 -4.131451 -2.178371 39.440900 -16.021339 -13.325722 53.387108 0.000000 0.000001 -0.000001 0.887530 -1.891890 42.640458 5.356030 -5.121945 50.995575 -0.000007 0.000011 -0.000002 0.026353 -5.081591 47.993820 9.005627 -8.667016 63.338516 -0.000004 0.000007 0.000009 13.657835 -2.506944 0.899379 0.027512 6.531736 -0.249540 0.768327 0.967825 1.920132 -0.026007 0.007855 0.062157 -4.285411 -1.138104 -0.201545 0.000521 12.297057 0.426274 -15.834294 -5.207933 2.153127 -0.187176 -0.021735 0.447114 
5.599425 99.919128 114.265259 -4.714403 -5.457103 -1.278172 0.191285 2.344285 0.717757 0.418363 4.686712 1.295742 0.418362 4.686710 1.295742 0.196650 -19.420567 -0.426670 3.663655 13.461230 -0.526905 7.396094 12.570905 -4.794220 -36.517822 0.651495 -70.255346 -27.887818 0.000010 -0.000007 11.759724 -19.260010 12.635708 12.639529 9.380510 5.846614 5.422730 -1.991664 -0.132469 0.000001 -0.000002 0.000001 4.162010 0.916066 -38.413192 -0.948755 3.111970 -32.833269 -0.000001 -0.000000 -0.000002 1.895012 -1.738674 -38.808349 -2.966205 -1.536260 -47.624679 0.000000 0.000000 0.000002 -1.912471 -6.600949 -38.721743 -4.298503 -5.658335 -66.387936 -0.000000 0.000001 0.000000 -1.663000 -7.502259 -44.659486 -6.176530 -5.871540 -71.100125 0.000000 0.000001 -0.000001 8.569477 11.420714 0.220065 20.142598 -4.840985 70.871040 31.316721 -0.000003 0.000015 -14.279259 5.354978 -13.539218 -1.684444 4.310437 -0.811691 -6.260168 -1.872589 -0.562516 -0.000006 0.000010 -0.000006 -6.784780 -1.119658 26.798693 0.430742 3.205364 40.506222 -0.000000 0.000001 0.000001 -4.119100 -2.171042 39.860158 -16.033606 -13.349867 53.830852 -0.000001 -0.000001 -0.000001 0.927464 -1.946982 43.097551 5.364849 -5.163985 51.475567 -0.000007 0.000012 -0.000002 0.070119 -5.194416 48.559561 9.031741 -8.733406 63.929806 -0.000006 0.000008 0.000009 13.673636 -2.513043 0.866480 -0.015466 6.435590 -0.254739 0.710135 1.054934 1.931946 -0.026202 0.002983 0.062609 -4.161070 -1.214413 -0.198047 0.013343 12.349557 0.431750 -16.007182 -5.206123 2.158954 -0.187006 -0.020505 0.446766 
