HIERARCHY
ROOT mixamorig:Hips
{
	OFFSET 0.000000 99.791901 0.000000
	CHANNELS 6 Xposition Yposition Zposition Yrotation Xrotation Zrotation
	JOINT mixamorig:Spine
	{
		OFFSET 0.000038 9.923500 -1.227300
		CHANNELS 3 Yrotation Xrotation Zrotation
		JOINT mixamorig:Spine1
		{
			OFFSET -0.001154 11.645462 -1.422353
			CHANNELS 3 Yrotation Xrotation Zrotation
			JOINT mixamorig:Spine2
			{
				OFFSET -0.001065 13.360161 -1.626458
				CHANNELS 3 Yrotation Xrotation Zrotation
				JOINT mixamorig:Neck
				{
					OFFSET -0.001308 15.032516 0.792905
					CHANNELS 3 Yrotation Xrotation Zrotation
					JOINT mixamorig:Head
					{
						OFFSET -0.000902 10.321808 3.142400
						CHANNELS 3 Yrotation Xrotation Zrotation
						End Site
						{
							OFFSET -0.001707 19.630493 -0.000000
						}
					}
				}
				JOINT mixamorig:LeftShoulder
				{
					OFFSET 6.105007 9.110962 0.705601
					CHANNELS 3 Yrotation Xrotation Zrotation
					JOINT mixamorig:LeftArm
					{
						OFFSET 12.655048 -0.266434 -2.600898
						CHANNELS 3 Yrotation Xrotation Zrotation
						JOINT mixamorig:LeftForeArm
						{
							OFFSET 27.404696 0.000000 0.000000
							CHANNELS 3 Yrotation Xrotation Zrotation
							JOINT mixamorig:LeftHand
							{
								OFFSET 27.614513 0.000000 0.000000
								CHANNELS 3 Yrotation Xrotation Zrotation
								JOINT mixamorig:LeftHandThumb1
								{
									OFFSET 3.788795 -2.167099 3.003002
									CHANNELS 3 Yrotation Xrotation Zrotation
									JOINT mixamorig:LeftHandThumb2
									{
										OFFSET 3.675461 -2.122025 2.122029
										CHANNELS 3 Yrotation Xrotation Zrotation
										JOINT mixamorig:LeftHandThumb3
										{
											OFFSET 3.394363 -1.959732 1.959735
											CHANNELS 3 Yrotation Xrotation Zrotation
											End Site
											{
												OFFSET 2.679413 -1.546967 1.546960
											}
										}
									}
								}
								JOINT mixamorig:LeftHandIndex1
								{
									OFFSET 12.266594 -0.231796 2.822001
									CHANNELS 3 Yrotation Xrotation Zrotation
									JOINT mixamorig:LeftHandIndex2
									{
										OFFSET 3.891998 0.000000 0.000000
										CHANNELS 3 Yrotation Xrotation Zrotation
										JOINT mixamorig:LeftHandIndex3
										{
											OFFSET 3.415207 0.000000 0.000000
											CHANNELS 3 Yrotation Xrotation Zrotation
											End Site
											{
												OFFSET 3.077995 0.000000 0.000000
											}
										}
									}
								}
								JOINT mixamorig:LeftHandMiddle1
								{
									OFFSET 12.775497 0.000000 0.000000
									CHANNELS 3 Yrotation Xrotation Zrotation
									JOINT mixamorig:LeftHandMiddle2
									{
										OFFSET 3.613998 0.000000 0.000000
										CHANNELS 3 Yrotation Xrotation Zrotation
										JOINT mixamorig:LeftHandMiddle3
										{
											OFFSET 3.459793 0.000000 0.000000
											CHANNELS 3 Yrotation Xrotation Zrotation
											End Site
											{
												OFFSET 3.680214 0.000000 0.000000
											}
										}
									}
								}
								JOINT mixamorig:LeftHandRing1
								{
									OFFSET 12.146996 0.009995 -2.216599
									CHANNELS 3 Yrotation Xrotation Zrotation
									JOINT mixamorig:LeftHandRing2
									{
										OFFSET 3.601196 0.000000 0.000000
										CHANNELS 3 Yrotation Xrotation Zrotation
										JOINT mixamorig:LeftHandRing3
										{
											OFFSET 3.307304 0.000000 0.000000
											CHANNELS 3 Yrotation Xrotation Zrotation
											End Site
											{
												OFFSET 3.660095 0.000000 0.000000
											}
										}
									}
								}
								JOINT mixamorig:LeftHandPinky1
								{
									OFFSET 10.908195 -0.226105 -4.725800
									CHANNELS 3 Yrotation Xrotation Zrotation
									JOINT mixamorig:LeftHandPinky2
									{
										OFFSET 4.136703 0.000000 0.000000
										CHANNELS 3 Yrotation Xrotation Zrotation
										JOINT mixamorig:LeftHandPinky3
										{
											OFFSET 2.594803 0.000000 0.000000
											CHANNELS 3 Yrotation Xrotation Zrotation
											End Site
											{
												OFFSET 2.923904 0.000000 0.000000
											}
										}
									}
								}
							}
						}
					}
				}
				JOINT mixamorig:RightShoulder
				{
					OFFSET -6.106493 9.110001 0.705582
					CHANNELS 3 Yrotation Xrotation Zrotation
					JOINT mixamorig:RightArm
					{
						OFFSET -12.655064 -0.265533 -2.600914
						CHANNELS 3 Yrotation Xrotation Zrotation
						JOINT mixamorig:RightForeArm
						{
							OFFSET -27.404697 0.000000 -0.000000
							CHANNELS 3 Yrotation Xrotation Zrotation
							JOINT mixamorig:RightHand
							{
								OFFSET -27.614510 0.000000 -0.000000
								CHANNELS 3 Yrotation Xrotation Zrotation
								JOINT mixamorig:RightHandThumb1
								{
									OFFSET -3.788803 -2.167099 3.003001
									CHANNELS 3 Yrotation Xrotation Zrotation
									JOINT mixamorig:RightHandThumb2
									{
										OFFSET -3.675461 -2.122025 2.122028
										CHANNELS 3 Yrotation Xrotation Zrotation
										JOINT mixamorig:RightHandThumb3
										{
											OFFSET -3.394363 -1.959732 1.959735
											CHANNELS 3 Yrotation Xrotation Zrotation
											End Site
											{
												OFFSET -2.679413 -1.546967 1.546959
											}
										}
									}
								}
								JOINT mixamorig:RightHandIndex1
								{
									OFFSET -12.266602 -0.231796 2.822000
									CHANNELS 3 Yrotation Xrotation Zrotation
									JOINT mixamorig:RightHandIndex2
									{
										OFFSET -3.891998 0.000000 0.000000
										CHANNELS 3 Yrotation Xrotation Zrotation
										JOINT mixamorig:RightHandIndex3
										{
											OFFSET -3.415207 0.000000 0.000000
											CHANNELS 3 Yrotation Xrotation Zrotation
											End Site
											{
												OFFSET -3.077995 0.000000 0.000000
											}
										}
									}
								}
								JOINT mixamorig:RightHandMiddle1
								{
									OFFSET -12.775505 0.000000 -0.000000
									CHANNELS 3 Yrotation Xrotation Zrotation
									JOINT mixamorig:RightHandMiddle2
									{
										OFFSET -3.613998 0.000000 0.000000
										CHANNELS 3 Yrotation Xrotation Zrotation
										JOINT mixamorig:RightHandMiddle3
										{
											OFFSET -3.459793 0.000000 0.000000
											CHANNELS 3 Yrotation Xrotation Zrotation
											End Site
											{
												OFFSET -3.680214 0.000000 0.000000
											}
										}
									}
								}
								JOINT mixamorig:RightHandRing1
								{
									OFFSET -12.147003 0.009995 -2.216600
									CHANNELS 3 Yrotation Xrotation Zrotation
									JOINT mixamorig:RightHandRing2
									{
										OFFSET -3.601196 0.000000 0.000000
										CHANNELS 3 Yrotation Xrotation Zrotation
										JOINT mixamorig:RightHandRing3
										{
											OFFSET -3.307304 0.000000 0.000000
											CHANNELS 3 Yrotation Xrotation Zrotation
											End Site
											{
												OFFSET -3.660103 0.000000 0.000000
											}
										}
									}
								}
								JOINT mixamorig:RightHandPinky1
								{
									OFFSET -10.908203 -0.226105 -4.725801
									CHANNELS 3 Yrotation Xrotation Zrotation
									JOINT mixamorig:RightHandPinky2
									{
										OFFSET -4.136703 0.000000 0.000000
										CHANNELS 3 Yrotation Xrotation Zrotation
										JOINT mixamorig:RightHandPinky3
										{
											OFFSET -2.594803 0.000000 0.000000
											CHANNELS 3 Yrotation Xrotation Zrotation
											End Site
											{
												OFFSET -2.923904 0.000000 0.000000
											}
										}
									}
								}
							}
						}
					}
				}
			}
		}
	}
	JOINT mixamorig:LeftUpLeg
	{
		OFFSET 9.124481 -6.656403 -0.055368
		CHANNELS 3 Yrotation Xrotation Zrotation
		JOINT mixamorig:LeftLeg
		{
			OFFSET 0.244688 -40.595383 -0.515629
			CHANNELS 3 Yrotation Xrotation Zrotation
			JOINT mixamorig:LeftFoot
			{
				OFFSET -0.244684 -42.047905 -2.059130
				CHANNELS 3 Yrotation Xrotation Zrotation
				JOINT mixamorig:LeftToeBase
				{
					OFFSET 0.373535 -7.208565 13.966596
					CHANNELS 3 Yrotation Xrotation Zrotation
					End Site
					{
						OFFSET -0.142057 -0.175231 9.997458
					}
				}
			}
		}
	}
	JOINT mixamorig:RightUpLeg
	{
		OFFSET -9.124419 -6.656395 -0.055432
		CHANNELS 3 Yrotation Xrotation Zrotation
		JOINT mixamorig:RightLeg
		{
			OFFSET -0.244683 -40.595413 -0.514284
			CHANNELS 3 Yrotation Xrotation Zrotation
			JOINT mixamorig:RightFoot
			{
				OFFSET 0.244687 -42.047836 -2.060526
				CHANNELS 3 Yrotation Xrotation Zrotation
				JOINT mixamorig:RightToeBase
				{
					OFFSET -0.373540 -7.208565 13.966594
					CHANNELS 3 Yrotation Xrotation Zrotation
					End Site
					{
						OFFSET 0.141792 -0.175015 9.997463
					}
				}
			}
		}
	}
}
MOTION
Frames: 89
Frame Time: 0.033333
0.369861 99.919144 -1.354609 -4.714406 -5.457103 -1.278165 0.191286 2.344285 0.717751 0.418363 4.686711 1.295742 0.418361 4.686709 1.295742 0.196649 -19.420567 -0.426670 3.663654 13.461231 -0.526905 7.396095 12.570903 -4.794211 -36.517825 0.651506 -70.255346 -27.887826 -0.000004 -0.000018 11.759729 -19.259995 12.635702 12.639539 9.380519 5.846618 5.422727 -1.991664 -0.132467 -0.000004 -0.000005 0.000012 4.162014 0.916055 -38.413199 -0.948754 3.111971 -32.833283 -0.000004 -0.000004 0.000010 1.895013 -1.738678 -38.808346 -2.966207 -1.536269 -47.624689 0.000003 -0.000001 -0.000008 -1.912464 -6.600951 -38.721719 -4.298492 -5.658337 -66.387936 -0.000006 0.000004 0.000007 -1.662999 -7.502255 -44.659486 -6.176534 -5.871552 -71.100145 0.000007 -0.000001 -0.000000 8.569493 11.420712 0.220110 20.142612 -4.840990 70.871040 31.316732 -0.000017 0.000011 -14.279270 5.354990 -13.539252 -1.684435 4.310438 -0.811680 -6.260168 -1.872595 -0.562506 0.000006 0.000007 -0.000014 -6.784779 -1.119670 26.798710 0.430746 3.205357 40.506222 -0.000001 -0.000000 -0.000003 -4.119096 -2.171056 39.860175 -16.033618 -13.349855 53.830883 -0.000001 0.000001 -0.000001 0.927474 -1.946980 43.097572 5.364863 -5.163994 51.475564 0.000000 -0.000001 0.000000 0.070123 -5.194425 48.559575 9.031750 -8.733416 63.929799 -0.000000 0.000001 -0.000000 13.673650 -2.512531 0.866467 -0.015466 6.434574 -0.254739 0.710140 1.055434 1.931960 -0.026200 0.002988 0.062609 -4.161069 -1.214419 -0.198053 0.013342 12.349558 0.431749 -16.007182 -5.206120 2.158954 -0.187011 -0.020497 0.446763 
0.391473 99.906349 -1.333180 -4.729313 -5.472993 -1.205227 0.191537 2.367044 0.707967 0.418692 4.732227 1.283444 0.418693 4.732227 1.283443 0.229544 -19.469155 -0.480877 3.810368 13.363809 -0.548387 7.418712 12.572477 -4.790059 -36.557385 0.514104 -70.203403 -27.821942 -0.001449 0.000675 11.813150 -19.292235 12.601331 12.430419 9.224562 5.872461 5.426421 -1.976631 -0.126099 -0.000004 -0.000003 0.000013 4.146756 0.985310 -39.216262 -1.059776 3.024793 -36.009597 -0.000004 -0.000002 0.000006 1.842519 -1.733060 -39.611467 -3.075699 -1.660472 -49.644270 0.000002 -0.000002 -0.000008 -1.950396 -6.672058 -39.520776 -4.253961 -5.848372 -69.436413 -0.000007 0.000006 0.000007 -1.666522 -7.608102 -45.459243 -6.223565 -6.044901 -74.154934 0.000007 -0.000001 -0.000000 8.586644 11.417482 0.221216 20.232748 -4.998663 70.834861 31.318784 -0.001191 -0.000890 -14.425358 5.253288 -13.686113 -2.086338 4.516001 -0.761534 -6.261109 -1.868919 -0.564078 -0.000003 0.000006 -0.000015 -6.818708 -0.991398 28.102238 0.452031 3.184227 41.802838 -0.000001 0.000002 -0.000003 -4.061161 -2.150651 41.166346 -15.173718 -13.561852 53.786548 -0.000003 -0.000000 -0.000001 1.007468 -2.095278 44.393760 5.364032 -5.157917 51.430693 0.000004 -0.000001 0.000000 0.120721 -5.432795 49.841748 9.032047 -8.727550 63.888346 0.000002 0.000001 -0.000001 13.740835 -2.553071 0.788837 -0.001962 6.614747 -0.258314 0.641650 0.849819 1.950900 -0.026470 0.003027 0.063269 -4.395663 -1.326800 -0.332244 0.030004 12.617322 0.447465 -15.755778 -5.345704 2.196969 -0.187485 -0.020555 0.447901 
0.422091 99.896561 -1.310092 -4.748451 -5.512555 -1.116086 0.193389 2.406966 0.695676 0.422322 4.812052 1.267535 0.422321 4.812053 1.267536 0.256882 -19.532379 -0.525338 3.922522 13.179383 -0.560843 7.430751 12.574177 -4.804155 -36.578989 0.257902 -70.126297 -27.741204 -0.003977 0.001960 11.878005 -19.269055 12.604346 12.185933 8.988999 5.920984 5.437241 -1.932970 -0.107616 -0.000004 -0.000001 0.000016 4.102977 1.038878 -39.907969 -1.144884 2.920357 -38.998833 -0.000003 -0.000002 0.000006 1.775710 -1.725003 -40.301514 -3.169559 -1.774377 -51.444432 0.000003 -0.000001 -0.000010 -1.967049 -6.732781 -40.213336 -4.209661 -6.007654 -72.300790 -0.000007 0.000005 0.000007 -1.643936 -7.680709 -46.156810 -6.279617 -6.204045 -77.051364 0.000006 -0.000001 0.000001 8.614429 11.412639 0.230404 20.424801 -5.417957 70.766839 30.788806 -0.001667 -0.001729 -14.440261 5.065684 -13.939744 -2.481568 4.696090 -0.720502 -6.264528 -1.855780 -0.569642 0.000004 0.000004 -0.000010 -6.841009 -0.862870 29.403203 0.467119 3.158071 43.060450 0.000001 0.000001 -0.000007 -3.996721 -2.130666 42.469768 -14.308472 -13.765771 53.686496 -0.000000 0.000000 0.000000 1.080344 -2.244474 45.688518 5.362305 -5.142207 51.341265 0.000002 -0.000000 0.000000 0.160221 -5.665725 51.124574 9.036404 -8.714041 63.810701 0.000000 0.000001 0.000000 13.867488 -2.503298 0.693476 0.024310 6.677449 -0.255457 0.500873 0.695733 1.977536 -0.026641 0.003037 0.063665 -4.632719 -1.410549 -0.493561 0.053313 12.870652 0.464703 -15.505269 -5.476562 2.239530 -0.187855 -0.020588 0.448754 
0.461793 99.892830 -1.273082 -4.773322 -5.534019 -1.022991 0.199868 2.453151 0.681772 0.435152 4.904381 1.248765 0.435154 4.904380 1.248767 0.276533 -19.607030 -0.560552 3.987960 12.913163 -0.565694 7.425000 12.575159 -4.834571 -36.541939 0.132398 -70.021713 -27.668594 -0.007015 0.003459 12.088100 -19.308330 12.613589 11.908993 8.679796 5.990361 5.454665 -1.862640 -0.077894 -0.000006 -0.000004 0.000012 4.033175 1.076591 -40.490826 -1.203101 2.803401 -41.793699 -0.000005 -0.000002 0.000002 1.695803 -1.715069 -40.881066 -3.249103 -1.876899 -53.027328 0.000003 -0.000001 -0.000008 -1.964098 -6.782852 -40.801556 -4.169377 -6.137929 -74.973894 -0.000006 0.000005 0.000006 -1.598190 -7.720977 -46.753854 -6.345509 -6.351068 -79.780619 0.000007 0.000000 -0.000002 8.645015 11.406842 0.226892 20.611993 -5.805618 70.697382 30.334417 -0.002829 -0.002878 -14.539183 4.856828 -14.205735 -2.866753 4.841170 -0.691242 -6.271271 -1.829938 -0.580630 0.000004 0.000005 -0.000013 -6.847928 -0.737364 30.676599 0.473333 3.126064 44.241471 0.000000 -0.000001 -0.000009 -3.924574 -2.111560 43.745183 -13.441222 -13.962456 53.493748 0.000001 0.000002 0.000002 1.143163 -2.390902 46.957373 5.358950 -5.111918 51.171951 0.000001 -0.000001 -0.000000 0.185940 -5.885803 52.384525 9.045158 -8.688061 63.664494 -0.000001 0.000000 0.000000 13.913897 -2.389602 0.577684 0.056734 6.604292 -0.246874 0.436069 0.606883 2.006205 -0.026650 0.003029 0.063697 -4.836500 -1.473117 -0.660450 0.079631 13.056471 0.480151 -15.289619 -5.578522 2.285392 -0.187943 -0.020604 0.448995 
0.514767 99.889992 -1.214101 -4.807045 -5.497629 -0.940262 0.211538 2.492434 0.668154 0.458259 4.982851 1.229970 0.458260 4.982853 1.229971 0.293214 -19.694999 -0.595107 4.032927 12.615131 -0.567863 7.418368 12.575514 -4.856410 -36.515701 0.004841 -69.920701 -27.628957 -0.009703 0.004765 12.283243 -19.384639 12.638170 11.602411 8.302900 6.078751 5.478222 -1.767770 -0.037771 -0.000007 -0.000000 0.000015 3.939661 1.098744 -40.967304 -1.234282 2.678194 -44.386777 -0.000005 -0.000002 0.000007 1.604066 -1.703618 -41.352759 -3.315520 -1.967237 -54.395183 0.000003 -0.000000 -0.000010 -1.943064 -6.822300 -41.287589 -4.136188 -6.240988 -77.448662 -0.000006 0.000005 0.000007 -1.531888 -7.730096 -47.252212 -6.421693 -6.487612 -82.333839 0.000006 -0.000002 0.000002 8.667038 11.401533 0.191714 20.819544 -6.133614 70.644141 29.957326 -0.003926 -0.003835 -14.556369 4.673022 -14.374905 -3.238532 4.941770 -0.676535 -6.282136 -1.788175 -0.598344 0.000003 0.000003 -0.000016 -6.835974 -0.618417 31.897513 0.468010 3.087602 45.308326 0.000001 0.000001 -0.000007 -3.843540 -2.093898 44.967370 -12.575129 -14.152383 53.171247 0.000000 -0.000001 -0.000002 1.193200 -2.530739 48.175971 5.353030 -5.062067 50.887440 0.000002 0.000000 0.000000 0.195654 -6.085381 53.597997 9.058643 -8.644790 63.417432 0.000000 0.000000 0.000001 13.817169 -2.339469 0.445640 0.082330 6.566721 -0.240970 0.530053 0.484418 2.038568 -0.026680 0.003046 0.063750 -5.041188 -1.569919 -0.822049 0.104084 13.211024 0.493729 -15.065449 -5.670480 2.338834 -0.187900 -0.020611 0.448842 
0.584689 99.892426 -1.132793 -4.847362 -5.401740 -0.878550 0.225112 2.520553 0.655070 0.485002 5.038978 1.210426 0.485004 5.038975 1.210425 0.312997 -19.804533 -0.634320 4.093031 12.318515 -0.571257 7.438020 12.576983 -4.853313 -36.489090 -0.117463 -69.819710 -27.663542 -0.011835 0.005794 12.481840 -19.471020 12.664783 11.268925 7.864206 6.184213 5.507467 -1.650391 0.011885 -0.000009 -0.000001 0.000012 3.824732 1.105842 -41.339805 -1.239025 2.548586 -46.770827 -0.000001 -0.000003 0.000005 1.501829 -1.690780 -41.719185 -3.369944 -2.044755 -55.550096 0.000002 -0.000001 -0.000010 -1.905371 -6.851311 -41.673586 -4.112526 -6.318727 -79.718047 -0.000007 0.000005 0.000007 -1.447266 -7.709547 -47.653622 -6.508300 -6.614999 -84.702337 0.000006 -0.000001 0.000002 8.678471 11.397754 0.135888 21.066735 -6.383889 70.591924 29.671780 -0.004813 -0.004458 -14.373856 4.515030 -14.401442 -3.593394 4.988327 -0.678948 -6.298017 -1.727267 -0.624171 0.000003 0.000005 -0.000014 -6.801791 -0.509702 33.040965 0.448536 3.042007 46.223452 -0.000000 -0.000000 -0.000007 -3.752352 -2.078180 46.111126 -11.713299 -14.335490 52.681772 -0.000001 -0.000001 -0.000000 1.227983 -2.659956 49.319802 5.343275 -4.987691 50.452401 -0.000001 -0.000001 -0.000000 0.187651 -6.256682 54.741333 9.076850 -8.579204 63.037250 0.000002 -0.000000 0.000000 13.596948 -2.348851 0.307292 0.099714 6.546018 -0.237350 0.766043 0.320127 2.075652 -0.026867 0.003071 0.064184 -5.284435 -1.671218 -0.972173 0.123750 13.273574 0.501931 -14.789385 -5.723341 2.392269 -0.187821 -0.020578 0.448649 
0.672037 99.863831 -1.031784 -4.880132 -5.275686 -0.846906 0.236573 2.542786 0.640666 0.507436 5.083382 1.187367 0.507436 5.083383 1.187368 0.336152 -19.939808 -0.672550 4.180964 11.991086 -0.591869 7.492865 12.580736 -4.839321 -36.451767 -0.228494 -69.715263 -27.716332 -0.013500 0.006600 12.700578 -19.540316 12.681101 10.911260 7.369598 6.304756 5.541896 -1.512504 0.070184 -0.000006 -0.000001 0.000014 3.690482 1.098765 -41.610773 -1.218479 2.417792 -48.938531 -0.000003 -0.000002 0.000005 1.390433 -1.676570 -41.982878 -3.413255 -2.108933 -56.494264 0.000002 -0.000001 -0.000009 -1.852285 -6.870183 -41.961711 -4.100194 -6.372822 -81.775102 -0.000006 0.000005 0.000004 -1.346298 -7.660983 -47.959826 -6.605177 -6.734027 -86.877342 0.000007 -0.000001 0.000002 8.686353 11.394788 0.084881 21.313136 -6.573026 70.532474 29.479964 -0.005774 -0.004924 -13.994305 4.424102 -14.304817 -3.927799 4.971173 -0.700899 -6.319796 -1.644009 -0.659527 0.000001 0.000005 -0.000015 -6.742290 -0.414918 34.082012 0.412499 2.988579 46.949262 -0.000001 -0.000002 -0.000007 -3.649895 -2.064970 47.151173 -10.858811 -14.511212 51.988063 -0.000003 -0.000001 -0.000001 1.245166 -2.774393 50.364555 5.327977 -4.883929 49.831588 0.000004 0.000000 0.000001 0.160471 -6.391894 55.790973 9.099477 -8.486162 62.491743 0.000001 0.000000 0.000001 13.307136 -2.753364 0.192702 0.080525 7.248323 -0.264194 1.097229 -0.234366 2.126293 -0.027115 0.003099 0.064789 -5.559024 -1.927018 -1.111052 0.137212 13.603440 0.519092 -14.475387 -5.911761 2.485899 -0.187810 -0.020588 0.448677 
0.778475 99.814186 -0.911517 -4.884490 -5.149227 -0.848710 0.245795 2.565276 0.624050 0.525360 5.128353 1.157570 0.525361 5.128351 1.157571 0.357372 -20.092962 -0.701718 4.280023 11.568282 -0.653852 7.563407 12.586616 -4.843413 -36.393792 -0.323100 -69.604074 -27.790856 -0.015050 0.007371 12.955219 -19.565135 12.675568 10.532035 6.825002 6.438451 5.581101 -1.356284 0.136306 -0.000007 -0.000001 0.000017 3.538880 1.078639 -41.782518 -1.174255 2.288456 -50.882532 -0.000003 -0.000002 0.000005 1.271209 -1.660771 -42.146516 -3.446254 -2.159422 -57.229827 0.000001 -0.000001 -0.000009 -1.785053 -6.879350 -42.154080 -4.100423 -6.404831 -83.612915 -0.000007 0.000005 0.000006 -1.230682 -7.586219 -48.172566 -6.712058 -6.845021 -88.850277 0.000006 -0.000001 0.000000 8.692955 11.392328 0.041957 21.490335 -6.738820 70.488488 29.348865 -0.006946 -0.005389 -13.427065 4.497300 -14.092032 -4.238032 4.880627 -0.744765 -6.348283 -1.535190 -0.705693 0.000001 0.000006 -0.000013 -6.654399 -0.337654 34.995663 0.357641 2.926319 47.448218 0.000001 0.000001 -0.000003 -3.534907 -2.054540 48.062272 -10.014805 -14.678672 51.052939 -0.000000 0.000000 0.000003 1.242556 -2.869858 51.285753 5.304678 -4.746057 48.989788 0.000001 0.000001 0.000000 0.112881 -6.483222 56.723041 9.125613 -8.360298 61.748906 0.000001 -0.000000 0.000000 12.977762 -3.362170 0.105409 0.037349 8.357010 -0.310784 1.457386 -1.015589 2.186153 -0.027157 0.003095 0.064885 -5.865287 -2.238419 -1.235931 0.144873 14.074055 0.540074 -14.146680 -6.178519 2.608659 -0.187998 -0.020599 0.449079 
0.903562 99.735603 -0.771007 -4.853065 -5.020555 -0.869875 0.256875 2.588325 0.602476 0.546839 5.174442 1.116411 0.546839 5.174444 1.116411 0.371683 -20.254195 -0.725002 4.352208 11.035540 -0.748765 7.623309 12.592535 -4.867151 -36.304395 -0.394742 -69.482797 -27.893560 -0.016455 0.008093 13.262742 -19.517815 12.636458 10.134035 6.236236 6.583218 5.624605 -1.183662 0.209350 -0.000007 -0.000002 0.000013 3.371884 1.046694 -41.857476 -1.108334 2.162612 -52.595667 -0.000002 -0.000003 0.000004 1.145587 -1.643166 -42.212611 -3.469592 -2.195986 -57.758941 0.000003 -0.000002 -0.000009 -1.704733 -6.879362 -42.252903 -4.113908 -6.416123 -85.224717 -0.000006 0.000004 0.000009 -1.101819 -7.487243 -48.293747 -6.828497 -6.947920 -90.612452 0.000007 -0.000001 -0.000004 8.691604 11.390975 -0.011618 21.577691 -6.875034 70.479431 29.306467 -0.008325 -0.005857 -12.787793 4.726062 -13.796247 -4.520125 4.706807 -0.812583 -6.384439 -1.397597 -0.764116 -0.000004 0.000004 -0.000012 -6.535110 -0.281198 35.756846 0.282140 2.853778 47.682865 0.000001 -0.000001 -0.000004 -3.406184 -2.047022 48.819166 -9.184467 -14.836605 49.839091 -0.000001 0.000001 0.000002 1.217931 -2.942383 52.058923 5.269903 -4.569474 47.891859 0.000000 -0.000000 -0.000000 0.043552 -6.523015 57.513840 9.153664 -8.196006 60.776738 0.000002 -0.000001 0.000001 12.640447 -4.144545 0.029158 -0.024661 9.815716 -0.376489 1.800404 -1.987332 2.256134 -0.026840 0.003058 0.064119 -6.204373 -2.649032 -1.363955 0.150133 14.768274 0.569431 -13.817326 -6.564610 2.769808 -0.188393 -0.020647 0.450028 
1.049920 99.624443 -0.601471 -4.808085 -4.873713 -0.900010 0.275334 2.606824 0.573053 0.582730 5.211457 1.058690 0.582727 5.211451 1.058690 0.377387 -20.424865 -0.748923 4.367246 10.455113 -0.836858 7.668321 12.596696 -4.876551 -36.172047 -0.435703 -69.347805 -28.033369 -0.017392 0.008546 13.641156 -19.370574 12.552350 9.719989 5.609260 6.737177 5.671916 -0.996784 0.288507 -0.000007 0.000000 0.000016 3.191269 1.004353 -41.837955 -1.022896 2.041729 -54.070544 -0.000002 -0.000002 0.000005 1.014920 -1.623331 -42.183802 -3.483761 -2.218535 -58.083737 0.000003 -0.000002 -0.000010 -1.612367 -6.870775 -42.260371 -4.140894 -6.407647 -86.603698 -0.000006 0.000005 0.000010 -0.960974 -7.366019 -48.325012 -6.954005 -7.042156 -92.155282 0.000006 -0.000001 -0.000000 8.676925 11.391520 -0.088309 21.624372 -6.950136 70.495209 29.381643 -0.009517 -0.006116 -12.163823 5.013018 -13.417780 -4.774950 4.455231 -0.901842 -6.427759 -1.233390 -0.833821 -0.000001 0.000004 -0.000018 -6.387112 -0.245552 36.363845 0.188069 2.771182 47.660018 0.000001 0.000000 -0.000003 -3.265376 -2.042216 49.420285 -8.369193 -14.985655 48.356343 -0.000001 -0.000001 -0.000002 1.172963 -2.991704 52.682253 5.220727 -4.356857 46.545957 0.000002 0.000002 -0.000002 -0.044722 -6.512349 58.160761 9.180134 -7.993966 59.581864 0.000002 0.000001 0.000001 12.316900 -5.053722 -0.052008 -0.099365 11.520406 -0.458460 2.124347 -3.095309 2.336516 -0.026327 0.002999 0.062911 -6.550100 -3.182705 -1.506047 0.156558 15.703404 0.609156 -13.497370 -7.079520 2.974077 -0.188985 -0.020706 0.451461 
1.226771 99.488762 -0.386425 -4.787237 -4.703664 -0.938761 0.304598 2.618244 0.538452 0.639976 5.234277 0.989742 0.639977 5.234278 0.989742 0.375546 -20.607053 -0.775976 4.325126 9.906886 -0.896159 7.717253 12.599805 -4.858911 -35.986535 -0.412836 -69.187515 -28.323278 -0.018094 0.008972 14.385577 -19.286999 12.398217 9.389690 5.001541 6.860080 5.722636 -0.797709 0.372962 -0.000009 -0.000003 0.000012 2.999103 0.901007 -40.971679 -0.869822 1.991327 -52.438364 -0.000003 -0.000002 0.000005 0.921890 -1.591479 -41.308544 -3.406226 -2.098365 -56.339683 0.000003 -0.000002 -0.000011 -1.458769 -6.783097 -41.433430 -4.249651 -6.203648 -84.989144 -0.000006 0.000005 0.000007 -0.774368 -7.124124 -47.523449 -7.105645 -6.923964 -90.722377 0.000006 -0.000001 -0.000001 8.647057 11.394081 -0.188356 21.671820 -6.929729 70.504027 29.589619 -0.010705 -0.006222 -11.478755 5.318282 -12.914080 -5.007210 4.142868 -1.006778 -6.476681 -1.048779 -0.912288 0.000001 0.000000 -0.000011 -6.217187 -0.228077 36.832266 0.080468 2.680024 47.419302 0.000000 -0.000000 -0.000003 -3.116283 -2.039583 49.881619 -7.568750 -15.127675 46.649045 0.000000 -0.000001 -0.000003 1.111899 -3.020703 53.170427 5.155137 -4.116185 44.992225 0.000001 0.000001 -0.000001 -0.146630 -6.458915 58.677124 9.200580 -7.759780 58.199120 0.000001 0.000002 0.000001 12.031264 -5.985837 -0.144101 -0.176643 13.287120 -0.548983 2.439732 -4.248746 2.428352 -0.025801 0.002937 0.061647 -6.883875 -3.783545 -1.667306 0.167819 16.768780 0.656012 -13.167743 -7.673990 3.216335 -0.189614 -0.020776 0.452956 
1.441566 99.337944 -0.110006 -4.809464 -4.506517 -0.980707 0.350253 2.622214 0.495098 0.729622 5.242197 0.903139 0.729622 5.242193 0.903138 0.368370 -20.781815 -0.804492 4.246122 9.421562 -0.934015 7.789925 12.604544 -4.837744 -35.745556 -0.322421 -69.000320 -28.768477 -0.018641 0.009366 15.499987 -19.254389 12.169293 9.133539 4.452464 7.147106 5.776227 -0.588498 0.461893 -0.000007 -0.000004 0.000013 2.794748 0.798674 -40.060009 -0.713334 1.929995 -50.722504 -0.000003 -0.000003 0.000006 0.825002 -1.554154 -40.388244 -3.320823 -1.974649 -54.505941 0.000002 -0.000001 -0.000010 -1.295792 -6.694930 -40.563718 -4.354496 -5.983995 -83.293194 -0.000007 0.000004 0.000008 -0.573377 -6.874348 -46.680040 -7.261275 -6.792755 -89.216949 0.000006 -0.000001 -0.000002 8.602497 11.398956 -0.297221 21.714730 -6.831291 70.500557 29.851550 -0.011540 -0.005986 -10.630628 5.607247 -12.336923 -5.218343 3.776993 -1.124549 -6.530582 -0.846508 -0.998319 0.000001 0.000005 -0.000012 -6.028132 -0.227446 37.162762 -0.037888 2.580261 46.972225 -0.000001 -0.000002 -0.000005 -2.960755 -2.038360 50.204028 -6.784028 -15.262725 44.731933 -0.000000 -0.000001 -0.000002 1.036278 -3.030094 53.523954 5.070340 -3.851342 43.243201 0.000004 -0.000000 0.000001 -0.260247 -6.365248 59.062784 9.211228 -7.495240 56.639026 0.000003 -0.000000 -0.000001 11.808110 -6.866369 -0.255687 -0.247939 14.990498 -0.641457 2.737580 -5.380391 2.523932 -0.025125 0.002867 0.060047 -7.210013 -4.398325 -1.859858 0.186664 17.863199 0.707211 -12.802373 -8.305646 3.491596 -0.186447 -0.113730 0.446519 
1.697496 99.253799 0.285654 -4.867063 -4.273192 -1.019854 0.398454 2.610402 0.447625 0.824202 5.218641 0.807826 0.824203 5.218642 0.807826 0.357949 -20.918465 -0.829598 4.147603 8.985308 -0.955411 7.888138 12.611745 -4.823344 -35.448794 -0.200292 -68.797791 -29.217804 -0.018186 0.009135 16.562842 -18.992967 11.901166 8.844630 3.877812 7.470656 5.832231 -0.371219 0.554428 -0.000009 -0.000001 0.000010 2.580055 0.699273 -39.111811 -0.555939 1.857436 -48.939777 -0.000004 -0.000002 0.000001 0.725453 -1.511241 -39.431918 -3.227921 -1.849029 -52.600485 0.000002 -0.000001 -0.000011 -1.124877 -6.607714 -39.659671 -4.452966 -5.750600 -81.532699 -0.000006 0.000004 0.000007 -0.359459 -6.619771 -45.802969 -7.418588 -6.649003 -87.653874 0.000007 -0.000001 -0.000002 8.544930 11.406623 -0.392201 21.737847 -6.839343 70.508118 29.707232 -0.010114 -0.004532 -9.402667 5.989070 -11.802091 -5.410000 3.364889 -1.252445 -6.588757 -0.629364 -1.090840 -0.000001 -0.000001 -0.000013 -5.822599 -0.242111 37.356060 -0.164062 2.471774 46.330358 -0.000001 -0.000000 -0.000005 -2.800655 -2.037677 50.388607 -6.015757 -15.390438 42.619615 0.000001 -0.000000 -0.000002 0.947323 -3.020842 53.743282 4.963650 -3.566417 41.311508 0.000001 0.000002 -0.000001 -0.384154 -6.234097 59.317488 9.208131 -7.202353 54.912054 0.000001 0.000000 0.000000 11.611208 -7.297845 -0.410358 -0.270343 15.915654 -0.688836 3.008221 -6.198844 2.645966 -0.026381 -0.120536 0.062946 -7.494207 -4.664121 -2.077827 0.217498 18.329600 0.736829 -12.459526 -8.690565 3.765291 -0.186384 -0.122472 0.446495 
1.993015 99.171295 0.777122 -4.937823 -3.990487 -1.048870 0.443617 2.580247 0.394764 0.912445 5.158546 0.701710 0.912445 5.158544 0.701710 0.345183 -21.007594 -0.852091 4.029845 8.594681 -0.953760 7.994129 12.619267 -4.807324 -35.096596 -0.083867 -68.591977 -29.517509 -0.016310 0.008004 17.151324 -18.244639 11.646732 8.559793 3.306853 7.834338 5.890172 -0.147931 0.649766 -0.000004 -0.000002 0.000015 2.357023 0.604496 -38.135873 -0.400080 1.773750 -47.107039 -0.000005 -0.000002 0.000003 0.624434 -1.462767 -38.448579 -3.128112 -1.723165 -50.641171 0.000001 -0.000002 -0.000008 -0.947574 -6.522730 -38.729775 -4.542851 -5.505570 -79.724290 -0.000006 0.000004 0.000005 -0.134287 -6.363302 -44.900386 -7.575385 -6.493595 -86.047966 0.000007 -0.000001 -0.000001 8.469195 11.417429 -0.484064 21.589478 -6.788189 70.542235 29.639319 -0.007714 -0.002433 -8.129324 6.498704 -11.322995 -5.583826 2.913962 -1.387806 -6.650554 -0.400102 -1.188725 0.000001 0.000002 -0.000015 -5.603068 -0.270196 37.412829 -0.295108 2.354487 45.505278 -0.000000 0.000001 -0.000005 -2.637779 -2.036483 50.436248 -5.264509 -15.510057 40.326817 0.000001 0.000001 -0.000001 0.846158 -2.993989 53.828878 4.832585 -3.265838 39.209678 0.000001 -0.000001 0.000000 -0.517357 -6.068364 59.441265 9.187389 -6.883498 53.028670 0.000001 -0.000001 0.000000 11.459965 -7.652902 -0.605038 -0.275537 16.731962 -0.726479 3.230583 -6.997155 2.773792 -0.026471 -0.178668 0.063106 -7.594870 -4.885793 -2.319870 0.265160 18.723434 0.770032 -12.307903 -9.081377 4.104076 -0.186282 -0.140276 0.446443 
2.326339 99.106468 1.357451 -5.005647 -3.662120 -1.059996 0.482250 2.536904 0.336819 0.987423 5.072224 0.585735 0.987426 5.072221 0.585735 0.329715 -21.067324 -0.876829 3.887953 8.272994 -0.931455 8.084926 12.626026 -4.796099 -34.689889 -0.013032 -68.396128 -29.510242 -0.013055 0.005780 16.859366 -16.757989 11.432254 8.329942 2.743768 8.106506 5.949539 0.079296 0.747112 -0.000006 -0.000000 0.000012 2.127688 0.515789 -37.141162 -0.247995 1.679379 -45.241121 -0.000005 -0.000003 0.000006 0.523050 -1.408862 -37.447260 -3.022124 -1.598584 -48.645949 0.000002 -0.000001 -0.000012 -0.765515 -6.441130 -37.782520 -4.622310 -5.251245 -77.884586 -0.000006 0.000005 0.000006 0.100283 -6.107677 -43.980490 -7.729622 -6.327619 -84.414089 0.000006 -0.000001 -0.000001 8.364986 11.432236 -0.615648 21.258253 -6.675774 70.618576 29.726459 -0.005043 0.000035 -6.896933 7.070512 -10.866742 -5.741658 2.431660 -1.528211 -6.715322 -0.161499 -1.290888 0.000003 0.000006 -0.000009 -5.375907 -0.304116 37.398025 -0.431265 2.226721 44.454761 -0.000002 0.000001 -0.000003 -2.473513 -2.032942 50.410174 -4.534086 -15.621730 37.840098 0.000000 -0.000001 -0.000002 0.736179 -2.956184 53.834615 4.671796 -2.952939 36.917094 0.000001 0.000000 -0.000002 -0.656849 -5.880427 59.490873 9.139370 -6.538861 50.972667 0.000001 -0.000001 0.000000 11.307810 -7.860494 -0.853713 -0.254311 17.297768 -0.743913 3.422870 -7.719978 2.916957 -0.026548 -0.228255 0.063242 -7.395853 -4.994563 -2.575340 0.333616 18.922122 0.803036 -12.503102 -9.412062 4.516721 -0.185939 -0.193132 0.446302 
2.695403 99.057503 2.010016 -5.065285 -3.317245 -1.061422 0.510700 2.492080 0.274956 1.042050 4.983056 0.461947 1.042049 4.983056 0.461946 0.312800 -21.119609 -0.897674 3.738848 8.029127 -0.893729 8.149293 12.631392 -4.798295 -34.128109 0.122047 -68.309562 -29.183694 -0.008789 0.002866 15.632035 -14.453643 11.259971 8.108598 2.162671 8.291256 6.009797 0.308415 0.845614 -0.000009 -0.000002 0.000018 1.894237 0.434282 -36.136564 -0.101779 1.575134 -43.358806 -0.000003 -0.000003 0.000002 0.422416 -1.349939 -36.436901 -2.910845 -1.476692 -46.632683 0.000001 -0.000001 -0.000008 -0.580404 -6.363877 -36.826389 -4.689980 -4.990323 -76.030114 -0.000006 0.000005 0.000007 0.342139 -5.855403 -43.051451 -7.879456 -6.152588 -82.766935 0.000006 -0.000000 0.000000 8.231959 11.450279 -0.799057 20.780658 -6.477118 70.697089 30.066298 -0.003465 0.002328 -5.731503 7.613240 -10.374031 -5.885456 1.925533 -1.671305 -6.782328 0.083695 -1.396190 0.000001 0.000003 -0.000013 -5.146663 -0.337828 37.369099 -0.571380 2.087310 43.168384 0.000001 -0.000004 -0.000006 -2.308856 -2.026246 50.366771 -3.826050 -15.724146 35.168900 -0.000002 0.000001 0.000002 0.621056 -2.913424 53.810293 4.477762 -2.633159 34.437769 0.000002 -0.000000 -0.000002 -0.799044 -5.681568 59.517811 9.057199 -6.171615 48.750151 0.000001 0.000000 0.000000 11.082355 -7.920491 -1.145586 -0.211240 17.642201 -0.743442 3.649669 -8.372016 3.070328 -0.026598 -0.269879 0.063355 -6.863342 -4.962433 -2.833540 0.422209 18.923635 0.834939 -13.092322 -9.671011 5.007100 -0.185398 -0.281312 0.446064 
3.091801 98.940552 2.712747 -5.104072 -3.068053 -1.111257 0.523023 2.472853 0.218056 1.065111 4.945170 0.344017 1.065109 4.945166 0.344017 0.299250 -21.165911 -0.893917 3.622381 7.823679 -0.828479 8.188358 12.634278 -4.795648 -33.404696 0.364743 -68.339560 -28.637952 -0.006993 0.001273 13.835587 -11.529779 11.004884 7.874026 1.539285 8.340340 6.070468 0.537315 0.944447 -0.000004 0.000000 0.000015 1.658940 0.360881 -35.131078 0.036769 1.462241 -41.476874 -0.000003 -0.000002 0.000006 0.323577 -1.286459 -35.426552 -2.795359 -1.358794 -44.619222 0.000002 -0.000001 -0.000007 -0.393968 -6.291752 -35.869882 -4.744893 -4.725562 -74.177282 -0.000006 0.000005 0.000007 0.589087 -5.608869 -42.121565 -8.023171 -5.970157 -81.121207 0.000007 -0.000001 0.000001 8.086557 11.469755 -0.987221 20.179845 -6.161847 70.669105 30.706994 -0.006925 0.002265 -4.021378 8.092494 -9.771617 -6.017354 1.403251 -1.814913 -6.850865 0.332659 -1.503575 0.000001 0.000001 -0.000013 -4.916371 -0.371700 37.315475 -0.710588 1.937346 41.705333 0.000001 -0.000001 -0.000004 -2.144985 -2.016581 50.296649 -3.137746 -15.815117 32.362567 -0.000000 -0.000000 0.000000 0.501958 -2.866113 53.750242 4.251996 -2.314064 31.821254 -0.000002 -0.000001 0.000000 -0.942569 -5.473136 59.513965 8.942038 -5.789222 46.404865 0.000002 0.000001 -0.000000 10.805890 -8.112270 -1.379214 -0.198348 18.492286 -0.776007 3.907255 -9.271404 3.228428 -0.026668 -0.317979 0.063487 -5.885752 -4.942925 -3.038623 0.524091 19.283132 0.888643 -14.158764 -10.126023 5.630264 -0.184803 -0.375274 0.445812 
3.498773 98.783409 3.437229 -5.180038 -2.830445 -1.198083 0.520034 2.468814 0.157080 1.057491 4.937749 0.214775 1.057489 4.937747 0.214775 0.295469 -21.203501 -0.846876 3.572663 7.580416 -0.706568 8.203958 12.633475 -4.757138 -32.646416 0.592847 -68.365624 -27.940637 -0.006059 -0.000107 11.733621 -8.151572 10.450693 7.634891 0.854651 8.167083 6.131008 0.763973 1.042772 -0.000006 -0.000000 0.000014 1.424112 0.296195 -34.133700 0.166095 1.342182 -39.612048 -0.000001 -0.000003 0.000005 0.227518 -1.219105 -34.425260 -2.676899 -1.246011 -42.623563 0.000002 -0.000002 -0.000006 -0.208024 -6.225308 -34.921552 -4.786597 -4.459953 -72.342522 -0.000007 0.000005 0.000007 0.838644 -5.370113 -41.199059 -8.159367 -5.782365 -79.491565 0.000007 -0.000001 -0.000001 7.959389 11.487769 -1.115164 19.452894 -5.700805 70.453265 31.757716 -0.013182 0.001024 -1.955382 8.454139 -9.065729 -6.139632 0.872541 -1.956932 -6.920233 0.582658 -1.611845 0.000003 0.000004 -0.000012 -4.685994 -0.406001 37.226689 -0.844541 1.778553 40.124749 -0.000000 -0.000001 -0.000004 -1.983100 -2.004186 50.190429 -2.466523 -15.893454 29.470330 -0.000001 -0.000001 -0.000003 0.380000 -2.814581 53.648844 3.997616 -2.002750 29.116977 0.000000 0.000001 0.000000 -1.086359 -5.256523 59.471345 8.796330 -5.399302 43.980196 0.000002 0.000001 -0.000000 10.642234 -8.381501 -1.570198 -0.202448 19.548512 -0.824328 4.078373 -10.213912 3.397784 -0.026793 -0.400499 0.063712 -4.127911 -4.943972 -3.114894 0.639893 19.826217 0.958183 -15.959727 -10.663057 6.379390 -0.183528 -0.580398 0.445248 
3.904976 98.622810 4.146519 -5.359822 -2.624765 -1.316776 0.502941 2.497065 0.086506 1.021289 4.994996 0.065180 1.021288 4.994995 0.065181 0.301092 -21.182676 -0.755376 3.516857 7.184872 -0.459441 8.188805 12.628371 -4.685905 -31.986274 0.666724 -68.276436 -27.131280 -0.007513 -0.000574 9.543435 -4.517319 9.453200 7.360447 0.133998 7.937305 6.190837 0.986340 1.139715 -0.000004 -0.000004 0.000012 1.192154 0.240463 -33.153458 0.285012 1.216745 -37.781174 -0.000003 -0.000005 0.000006 0.135150 -1.148700 -33.441921 -2.556793 -1.139337 -40.663562 0.000005 -0.000002 -0.000009 -0.024368 -6.165023 -33.989900 -4.815082 -4.196498 -70.542125 -0.000006 0.000005 0.000007 1.088242 -5.141099 -40.292293 -8.286837 -5.591455 -77.892502 0.000005 -0.000001 0.000001 7.897031 11.497718 -1.140324 18.637349 -5.220759 70.009036 33.130857 -0.022158 -0.002023 0.393429 8.624212 -8.315486 -5.873086 0.136623 -2.137051 -6.989675 0.830960 -1.719969 0.000004 0.000003 -0.000014 -4.416787 -0.510969 35.872977 -0.957563 1.601462 37.264621 0.000002 -0.000001 -0.000001 -1.868002 -1.963529 48.819778 -2.637766 -15.813362 26.622594 0.000003 0.000000 -0.000001 0.170448 -2.625932 52.293264 3.721733 -1.707324 26.406591 0.000000 0.000000 -0.000001 -1.317858 -4.824845 58.188779 8.627475 -5.012538 41.551268 0.000001 0.000001 0.000001 10.675615 -8.575437 -1.712740 -0.207637 20.516522 -0.869648 4.140615 -11.038078 3.578077 -0.027005 -0.538658 0.064092 -1.600275 -5.060097 -3.048099 0.768381 20.712747 1.053324 -18.442916 -10.998811 7.260668 -0.178711 -1.355712 0.443066 
4.319623 98.452652 4.788328 -5.705877 -2.554544 -1.439229 0.475468 2.596352 -0.006947 0.960589 5.194142 -0.109475 0.960588 5.194140 -0.109476 0.335027 -21.245005 -0.651795 3.521405 6.586445 -0.014657 8.122718 12.620882 -4.642982 -31.559029 0.440279 -67.967049 -26.244005 -0.013146 0.000831 7.453499 -0.856858 7.954134 7.141665 -0.475823 7.939440 6.249422 1.202418 1.234380 -0.000004 -0.000003 0.000013 0.965440 0.193744 -32.199373 0.392634 1.088002 -36.000886 -0.000002 -0.000002 0.000004 0.047291 -1.076214 -32.485633 -2.436577 -1.039592 -38.757205 0.000003 -0.000000 -0.000011 0.155106 -6.111088 -33.083469 -4.830849 -3.938310 -68.792374 -0.000006 0.000004 0.000007 1.335135 -4.923501 -39.409584 -8.404699 -5.399866 -76.338647 0.000006 -0.000000 -0.000001 7.940693 11.492387 -1.073049 17.860045 -5.067923 69.332328 34.288086 -0.032900 -0.007256 2.942721 8.612896 -7.637942 -5.606913 -0.588663 -2.312233 -7.058393 1.074811 -1.826719 0.000004 0.000005 -0.000014 -4.146697 -0.605347 34.480991 -1.051484 1.416896 34.423730 0.000002 -0.000001 -0.000001 -1.757838 -1.915521 47.412916 -2.812218 -15.743347 23.788284 -0.000001 -0.000001 -0.000001 -0.044332 -2.442686 50.902958 3.428199 -1.430977 23.706847 -0.000001 -0.000003 0.000002 -1.561289 -4.398657 56.869572 8.437579 -4.632701 39.128962 0.000001 -0.000000 -0.000001 10.836429 -8.628005 -1.832065 -0.205203 21.420588 -0.908609 4.240957 -11.760338 3.758491 -0.027289 -0.731360 0.064624 -0.089571 -8.135083 -3.436570 0.951508 26.422659 1.435978 -19.067532 -8.783546 9.062493 -0.167041 -3.225075 0.437369 
4.713802 98.254364 5.355350 -6.217557 -2.765372 -1.540269 0.442670 2.806370 -0.127985 0.886046 5.614662 -0.322060 0.886048 5.614660 -0.322061 0.406960 -21.420846 -0.569885 3.587672 5.737025 0.657438 7.982777 12.612958 -4.699064 -31.505501 -0.233053 -67.329013 -25.306218 -0.025201 0.005155 5.637557 2.581185 5.984908 6.872211 -1.114273 7.901884 6.306139 1.410130 1.325927 -0.000007 -0.000003 0.000015 0.746393 0.155760 -31.280586 0.488475 0.958168 -34.287895 -0.000004 -0.000003 0.000008 -0.035321 -1.002776 -31.565327 -2.317798 -0.947407 -36.922384 0.000001 -0.000001 -0.000008 0.328569 -6.063607 -32.210868 -4.834827 -3.688391 -67.109518 -0.000008 0.000004 0.000007 1.576482 -4.718858 -38.559328 -8.512243 -5.210190 -74.844407 0.000010 -0.000000 -0.000001 8.080878 11.470691 -0.990148 17.083947 -5.031110 68.526434 35.812635 -0.047605 -0.017555 5.632012 8.516707 -7.073633 -5.344382 -1.295062 -2.480685 -7.125637 1.311477 -1.930938 0.000003 0.000008 -0.000010 -3.877257 -0.689601 33.041921 -1.124405 1.229783 31.662547 0.000001 0.000002 -0.000008 -1.654303 -1.860946 45.962064 -2.985623 -15.683894 21.016161 0.000001 -0.000001 0.000001 -0.262973 -2.265496 49.473908 3.124316 -1.177692 21.067268 0.000001 -0.000001 0.000002 -1.815662 -3.980065 55.507189 8.233334 -4.266417 36.756390 0.000003 0.000001 -0.000003 11.045452 -8.452796 -1.910056 -0.194733 22.382118 -0.946337 4.469114 -12.457689 3.901588 -0.027639 -0.959324 0.065252 0.940666 -12.457748 -4.029730 1.188931 34.217236 1.961011 -18.620880 -5.115278 10.256581 -0.138213 -8.150188 -0.304089 
5.031116 97.885155 5.886929 -6.766107 -3.273241 -1.601407 0.393360 3.115782 -0.278900 0.775111 6.233807 -0.579950 0.775109 6.233807 -0.579950 0.514968 -21.645903 -0.512931 3.739702 4.649173 1.458712 7.763803 12.603585 -4.860482 -31.846512 -1.475861 -66.232344 -24.210487 -0.042305 0.011340 4.153676 6.037597 3.310149 6.535653 -1.792146 7.817004 6.360425 1.607496 1.413412 -0.000004 -0.000004 0.000015 0.537399 0.126015 -30.406114 0.572338 0.829546 -32.658908 -0.000007 -0.000003 0.000003 -0.112060 -0.929616 -30.690041 -2.202135 -0.863298 -35.177059 0.000006 -0.000000 -0.000009 0.494102 -6.022416 -31.380584 -4.828369 -3.449861 -65.509785 -0.000006 0.000005 0.000007 1.809329 -4.528551 -37.749933 -8.609065 -5.025186 -73.424192 0.000007 -0.000001 -0.000000 8.244262 11.442694 -0.959355 16.224860 -4.727176 67.760886 38.403432 -0.064942 -0.034673 8.399287 8.320121 -6.542996 -5.088868 -1.974272 -2.640751 -7.190568 1.538287 -2.031437 -0.000001 -0.000001 -0.000013 -3.609920 -0.764291 31.546854 -1.175705 1.045450 29.041404 0.000002 0.000003 -0.000006 -1.559058 -1.800671 44.459368 -3.153497 -15.634566 18.354842 0.000000 0.000000 -0.000001 -0.484026 -2.095052 48.001968 2.818448 -0.950118 18.537401 -0.000000 0.000000 -0.000001 -2.079909 -3.571357 54.095078 8.022676 -3.919601 34.476657 0.000002 -0.000001 0.000000 11.429110 -8.456086 -1.893204 -0.228575 24.294442 -1.045370 4.619073 -13.607299 3.996824 -0.027977 -1.185458 0.065876 2.137788 -17.640418 -4.692807 1.545505 43.427852 2.672691 -17.399939 -0.619188 10.218792 -0.227228 -13.857504 1.049695 
5.226212 97.428749 6.487410 -7.070704 -3.844216 -1.694722 0.290304 3.437025 -0.430296 0.555534 6.876071 -0.843343 0.555534 6.876075 -0.843344 0.634155 -21.783311 -0.449406 3.956512 3.457495 2.198451 7.478050 12.590189 -5.068395 -32.489270 -3.170405 -64.715373 -22.934792 -0.058836 0.016572 2.881730 9.684986 -0.108093 6.154345 -2.498388 7.671477 6.411676 1.792539 1.495863 -0.000006 -0.000008 0.000011 0.340883 0.103727 -29.585149 0.644383 0.704622 -31.130551 -0.000007 -0.000002 0.000003 -0.182323 -0.858074 -29.868752 -2.091342 -0.787641 -33.539169 0.000005 -0.000002 -0.000008 0.649909 -5.987390 -30.601256 -4.813207 -3.225566 -64.009364 -0.000005 0.000005 0.000007 2.030684 -4.353803 -36.989849 -8.695004 -4.847719 -72.092469 0.000006 0.000000 -0.000003 8.320736 11.429556 -0.941398 15.350049 -4.258157 67.201500 41.308332 -0.078492 -0.053789 11.147407 7.872514 -6.075643 -4.844002 -2.617867 -2.790762 -7.252357 1.752491 -2.126971 0.000003 0.000001 -0.000013 -3.346273 -0.830007 29.986938 -1.206036 0.869584 26.620614 0.000002 0.000000 -0.000005 -1.473819 -1.735746 42.896993 -3.311264 -15.594031 15.852978 0.000002 -0.000003 0.000004 -0.706034 -1.931886 46.483098 2.519780 -0.749474 16.166856 -0.000000 0.000000 0.000001 -2.352994 -3.174790 52.626727 7.814787 -3.597365 32.332862 0.000000 -0.000002 -0.000001 11.976789 -8.561238 -1.701146 -0.312924 26.612189 -1.185693 4.407438 -15.020269 4.071505 -0.028250 -1.362358 0.066364 3.378036 -22.737968 -5.179073 1.980012 51.856903 3.443477 -15.179098 3.141254 9.424181 -0.456388 -14.925264 2.406737 
5.312658 97.279961 7.266947 -6.877052 -4.139097 -1.972173 0.105870 3.661174 -0.523390 0.177152 7.323083 -1.017220 0.177148 7.323081 -1.017222 0.727125 -21.733524 -0.352127 4.153117 2.437621 2.722547 7.141809 12.571006 -5.259555 -33.399540 -5.085598 -62.874651 -21.653175 -0.069355 0.018740 1.724136 13.202779 -3.885831 6.126225 -2.887404 7.696228 6.459254 1.963194 1.572341 -0.000011 0.000001 0.000014 0.159148 0.088028 -28.826697 0.705071 0.585866 -29.719567 -0.000003 -0.000005 0.000007 -0.245695 -0.789534 -29.110437 -1.987142 -0.720597 -32.026672 -0.000001 -0.000003 -0.000008 0.794062 -5.958058 -29.881425 -4.791366 -3.018391 -62.624488 -0.000012 0.000004 0.000007 2.237454 -4.195698 -36.287470 -8.770014 -4.680596 -70.863513 0.000005 0.000001 0.000000 8.208840 11.451867 -0.872268 14.508493 -3.846099 66.981514 43.361753 -0.085498 -0.067045 13.776509 7.210340 -5.802019 -4.613462 -3.217468 -2.929161 -7.310173 1.951429 -2.216225 -0.000001 0.000006 -0.000009 -3.087794 -0.887504 28.353360 -1.217153 0.707635 24.460463 0.000004 0.000001 -0.000005 -1.400277 -1.667358 41.267112 -3.454230 -15.560137 13.559109 -0.000001 0.000000 -0.000001 -0.927381 -1.776470 44.913231 2.238062 -0.575619 14.005302 -0.000002 -0.000001 0.000003 -2.633638 -2.792712 51.095686 7.619721 -3.304041 30.368138 0.000002 0.000002 -0.000002 12.354768 -8.085702 -1.283109 -0.380901 27.309150 -1.249209 3.846050 -15.767458 4.145664 -0.028386 -1.447578 0.066602 3.718563 -26.702177 -5.165168 2.168094 56.836576 3.851005 -11.918881 4.692125 8.854762 -0.366066 -10.445063 1.964454 
5.330642 97.236168 8.248137 -6.242007 -4.025034 -2.503476 -0.134322 3.753555 -0.518028 -0.305561 7.505769 -1.030823 -0.305560 7.505770 -1.030824 0.778602 -21.538945 -0.227681 4.293195 1.857031 3.009608 6.790176 12.546085 -5.370331 -34.537770 -7.007532 -60.953776 -20.512272 -0.072868 0.017920 0.548102 16.318044 -7.651887 6.371352 -3.175209 7.395888 6.502543 2.117540 1.641893 -0.000011 -0.000000 0.000014 -0.005494 0.077853 -28.139898 0.755036 0.475737 -28.442552 -0.000006 -0.000005 0.000008 -0.301719 -0.725474 -28.424047 -1.891320 -0.662291 -30.657547 -0.000001 -0.000003 -0.000004 0.924779 -5.934064 -29.229730 -4.765094 -2.830970 -61.371415 -0.000005 0.000004 0.000007 2.426512 -4.055257 -35.651286 -8.834305 -4.526823 -69.751709 0.000005 -0.000000 -0.000000 7.885941 11.511755 -0.813170 13.669567 -3.599241 67.166496 43.996127 -0.087711 -0.071565 16.224775 6.705715 -5.666605 -4.401091 -3.764539 -3.054349 -7.363144 2.132459 -2.297989 -0.000003 0.000002 -0.000015 -2.836084 -0.937559 26.637255 -1.211596 0.564819 22.621324 0.000003 0.000002 -0.000004 -1.340107 -1.596802 39.561852 -3.577772 -15.530158 11.521889 -0.000000 0.000000 -0.000001 -1.146360 -1.629136 43.288308 1.983257 -0.427156 12.102440 0.000000 -0.000004 -0.000005 -2.920409 -2.427480 49.495451 7.448326 -3.043232 28.625710 -0.000000 -0.000002 0.000004 12.410066 -7.809228 -0.633388 -0.528405 27.646289 -1.338304 3.230360 -16.489907 4.185810 -0.028349 -1.429307 0.066551 2.794140 -29.628316 -4.559743 1.861593 58.046062 3.640037 -8.624001 4.028248 9.111068 -0.163083 -4.116862 0.220222 
5.293742 97.325233 9.396658 -5.536454 -3.648560 -3.197732 -0.361175 3.768151 -0.431148 -0.757084 7.533214 -0.905500 -0.757084 7.533216 -0.905501 0.808030 -21.349991 -0.094566 4.455399 1.759398 3.140010 6.490372 12.518751 -5.321756 -35.864097 -8.754947 -59.047395 -19.603992 -0.073827 0.016184 -0.828141 18.797802 -11.051275 6.530655 -3.385173 7.362898 6.540905 2.253547 1.703446 0.000001 -0.000005 0.000014 -0.150769 0.072043 -27.533802 0.795141 0.376622 -27.316165 -0.000003 -0.000000 0.000008 -0.350074 -0.667410 -27.818556 -1.805659 -0.612764 -29.449692 0.000001 -0.000000 -0.000009 1.040213 -5.914937 -28.654662 -4.736797 -2.665893 -60.266359 -0.000008 0.000005 0.000006 2.594770 -3.933510 -35.089755 -8.888120 -4.389231 -68.771460 0.000004 0.000000 0.000000 7.441378 11.589555 -0.862613 12.833773 -3.434271 67.666834 43.572823 -0.088056 -0.070572 18.464112 6.624643 -5.395267 -4.210750 -4.250692 -3.164724 -7.410388 2.292907 -2.370860 -0.000001 0.000006 -0.000009 -2.592695 -0.981211 24.829764 -1.192494 0.446021 21.163411 0.000004 0.000000 -0.000003 -1.294932 -1.525642 37.773350 -3.677297 -15.500995 9.789804 -0.000001 -0.000001 0.000001 -1.361155 -1.490149 41.604321 1.765435 -0.301988 10.507981 0.000001 0.000001 0.000003 -3.211571 -2.081500 47.819592 7.311828 -2.817994 27.148872 0.000002 -0.000001 -0.000000 12.166794 -7.419147 0.155473 -0.698969 27.335148 -1.410410 2.864069 -16.998575 4.116989 -0.028243 -1.358137 0.066353 1.221263 -31.273042 -3.420100 1.194981 55.968032 2.971135 -6.926871 2.013670 9.501161 -0.160312 -4.295721 0.433844 
5.208390 97.431091 10.663155 -5.104821 -3.188477 -3.928031 -0.524185 3.765987 -0.295903 -1.080814 7.528059 -0.698091 -1.080813 7.528062 -0.698093 0.843197 -21.264104 0.033350 4.732679 1.922808 3.184025 6.301190 12.495001 -5.113092 -37.320741 -10.163111 -57.273814 -19.016380 -0.075510 0.015176 -2.607132 20.436023 -13.741085 6.444512 -3.326463 8.430322 6.573714 2.369262 1.756096 -0.000007 0.000000 0.000017 -0.274491 0.069478 -27.017536 0.826319 0.290864 -26.357104 -0.000001 -0.000003 0.000000 -0.390432 -0.616812 -27.302961 -1.731914 -0.572043 -28.421131 0.000005 0.000001 -0.000008 1.138610 -5.900106 -28.164879 -4.708899 -2.525600 -59.325548 -0.000007 0.000005 0.000006 2.739115 -3.831375 -34.611338 -8.931777 -4.270676 -67.937071 0.000001 -0.000001 0.000000 6.994312 11.663075 -1.012220 12.002412 -3.223359 68.247189 42.715385 -0.088141 -0.067996 20.462871 6.849866 -4.707146 -4.046400 -4.667328 -3.258752 -7.451000 2.430108 -2.433467 0.000003 0.000006 -0.000009 -2.359147 -1.019442 22.922024 -1.163074 0.355452 20.147199 0.000003 0.000002 -0.000006 -1.266206 -1.455445 35.893682 -3.748294 -15.469605 8.411527 0.000000 0.000001 -0.000001 -1.569746 -1.359453 39.857231 1.594555 -0.197470 9.271613 0.000002 0.000002 -0.000001 -3.504882 -1.757051 46.061624 7.221592 -2.631080 25.980887 -0.000001 -0.000001 0.000001 11.844034 -6.922162 0.985325 -0.861397 26.799835 -1.465767 2.849672 -17.421463 3.916774 -0.028197 -1.329621 0.066273 -0.040184 -31.502745 -1.960145 0.444181 50.956479 2.150545 -7.589114 -0.491560 9.255312 -0.159185 -4.476717 0.433227 
5.085402 97.473351 12.026051 -5.001707 -2.689121 -4.596999 -0.624715 3.757541 -0.140602 -1.281470 7.511217 -0.448681 -1.281468 7.511211 -0.448681 0.894799 -21.238188 0.129918 5.113019 2.054853 3.155357 6.218363 12.479568 -4.877885 -39.293942 -11.365401 -55.361996 -18.720087 -0.078387 0.014823 -5.453160 20.558130 -15.580254 6.143261 -3.353351 9.479632 6.600314 2.462735 1.798749 -0.000007 0.000002 0.000019 -0.374437 0.068969 -26.600143 0.849495 0.220689 -25.582040 -0.000003 -0.000001 0.000005 -0.422498 -0.575155 -26.886249 -1.671803 -0.540111 -27.589793 0.000001 -0.000001 -0.000009 1.218169 -5.889123 -27.768918 -4.683821 -2.412482 -58.565293 -0.000010 0.000005 0.000006 2.856477 -3.749892 -34.224504 -8.965616 -4.173991 -67.262883 0.000009 -0.000001 0.000001 6.593808 11.724598 -1.219033 11.173868 -2.903255 68.757274 41.762054 -0.088008 -0.064633 22.166578 7.337303 -3.471865 -3.911958 -5.006026 -3.334798 -7.484118 2.541410 -2.484500 -0.000008 0.000004 -0.000009 -2.103344 -1.069320 20.316396 -1.124561 0.293948 19.544310 0.000002 -0.000001 -0.000003 -1.271410 -1.380400 33.501863 -3.779078 -15.428839 7.487784 0.000002 -0.000001 0.000002 -1.791074 -1.223285 37.838445 1.478633 -0.111198 8.430759 0.000002 -0.000001 -0.000001 -3.836326 -1.422417 43.930025 7.174117 -2.481218 25.080813 0.000001 0.000001 0.000001 11.648955 -6.407163 1.769950 -0.995255 26.337387 -1.508314 3.014328 -17.830400 3.615532 -0.028311 -1.402635 0.066477 -0.501996 -30.999801 -0.564273 -0.182988 44.073892 1.435530 -9.806417 -3.114423 8.520309 -0.163430 -3.795943 0.435512 
4.922832 97.495895 13.529497 -5.062178 -2.098257 -5.075840 -0.697247 3.716229 -0.001422 -1.429912 7.429205 -0.209253 -1.429919 7.429204 -0.209255 0.950478 -21.168616 0.180735 5.487403 2.020844 3.046690 6.193477 12.472670 -4.740640 -41.811181 -12.324210 -53.232719 -18.798684 -0.081244 0.014717 -8.845150 19.238859 -16.308899 5.807839 -3.499105 10.067784 6.620102 2.531946 1.830438 -0.000009 -0.000005 0.000014 -0.448499 0.069511 -26.290704 0.865472 0.168206 -25.007624 0.000000 -0.000003 0.000004 -0.445920 -0.543831 -26.577357 -1.626941 -0.516996 -26.973621 0.000000 -0.000001 -0.000010 1.277170 -5.881542 -27.475363 -4.663769 -2.328821 -58.001905 -0.000012 0.000003 0.000006 2.943874 -3.690079 -33.937632 -8.989826 -4.101822 -66.763371 0.000009 0.000001 0.000000 6.229674 11.776856 -1.458705 10.346520 -2.725387 69.301565 40.160542 -0.086813 -0.058121 23.493867 8.338627 -1.854039 -3.811321 -5.258379 -3.391214 -7.508847 2.624251 -2.522644 -0.000001 0.000001 -0.000012 -1.812559 -1.128183 16.745735 -1.078119 0.260895 19.294265 0.000003 -0.000001 -0.000004 -1.322180 -1.298178 30.393003 -3.763186 -15.375340 7.071252 0.000001 -0.000001 -0.000001 -2.034329 -1.077650 35.439997 1.421528 -0.041567 7.993260 0.000001 -0.000001 -0.000002 -4.224740 -1.069761 41.275267 7.160446 -2.366754 24.394547 -0.000001 0.000000 0.000001 11.809459 -5.751003 2.395181 -1.048926 25.665148 -1.498936 2.913679 -18.385169 3.361259 -0.028527 -1.547457 0.066878 -0.155267 -29.781848 0.393792 -0.601853 35.854224 0.916590 -12.275481 -5.454910 7.763876 -0.169684 -2.786075 0.438747 
4.710255 97.451530 15.210667 -5.067535 -1.315679 -5.191620 -0.781076 3.609220 0.072996 -1.604904 7.215899 -0.059441 -1.604903 7.215895 -0.059438 0.979468 -20.997929 0.214036 5.717378 1.880139 2.849639 6.179895 12.470960 -4.721807 -44.222634 -12.718584 -51.405237 -19.536615 -0.082178 0.014371 -12.108786 17.410801 -15.423047 5.587750 -3.746944 10.007588 6.632383 2.574951 1.850156 -0.000007 -0.000003 0.000013 -0.494499 0.070227 -26.098257 0.874891 0.135403 -24.650547 -0.000001 -0.000003 0.000005 -0.460304 -0.524183 -26.385262 -1.598936 -0.502860 -26.590598 0.000001 -0.000002 -0.000009 1.313824 -5.877090 -27.292794 -4.650666 -2.276882 -57.651721 -0.000005 0.000007 0.000009 2.998350 -3.653175 -33.759217 -9.004506 -4.056748 -66.452857 0.000007 0.000003 -0.000001 5.878233 11.826947 -1.672571 9.513541 -2.569092 69.975459 37.963090 -0.082600 -0.047113 24.365469 9.960957 -0.100412 -3.748285 -5.415893 -3.426348 -7.524286 2.675899 -2.546450 0.000001 0.000005 -0.000011 -1.518343 -1.175192 12.697090 -1.026013 0.257744 19.408999 0.000001 0.000004 -0.000000 -1.409575 -1.217117 26.883225 -3.703830 -15.313108 7.138340 0.000001 0.000000 0.000002 -2.281730 -0.934658 32.808844 1.426438 0.011680 7.964308 0.000001 0.000003 -0.000001 -4.637733 -0.732419 38.304223 7.183542 -2.290270 23.945779 -0.000000 -0.000002 -0.000000 12.451740 -5.053113 2.718043 -0.995163 24.855564 -1.430178 2.201146 -19.071700 3.155794 -0.028789 -1.714012 0.067340 1.224575 -28.426713 0.519170 -0.783499 27.317774 0.602806 -14.731057 -7.309423 7.242755 -0.172513 -2.347592 0.440118 
4.447879 97.284294 17.056589 -4.807486 -0.278819 -4.849558 -0.905030 3.425779 0.059633 -1.860014 6.849506 -0.043332 -1.860016 6.849506 -0.043333 0.953972 -20.758647 0.267519 5.722760 1.783902 2.541186 6.137830 12.469676 -4.781223 -45.611809 -12.476963 -50.482563 -21.194261 -0.079879 0.013335 -14.931432 15.956620 -12.587576 5.400427 -3.958844 9.828261 6.636591 2.589721 1.856932 -0.000004 0.000002 0.000014 -0.510303 0.070535 -26.031818 0.878054 0.124110 -24.527535 -0.000004 -0.000005 0.000002 -0.465219 -0.517391 -26.318983 -1.589266 -0.498051 -26.458659 -0.000004 -0.000003 -0.000012 1.326472 -5.875587 -27.229779 -4.646042 -2.259038 -57.531073 -0.000011 0.000004 0.000008 3.017151 -3.640525 -33.697613 -9.009469 -4.041180 -66.345883 0.000006 -0.000000 -0.000000 5.504611 11.883307 -1.820802 8.671959 -2.353048 70.779194 35.535521 -0.074120 -0.032433 24.701828 11.861517 1.610878 -3.726487 -5.470243 -3.438444 -7.529634 2.693734 -2.554685 0.000001 0.000000 -0.000015 -1.251687 -1.202417 8.658058 -0.969605 0.285943 19.900642 0.000003 0.000002 -0.000003 -1.521839 -1.146342 23.288602 -3.604459 -15.247217 7.665509 0.000001 -0.000004 -0.000002 -2.514739 -0.802591 30.092222 1.495815 0.047272 8.349219 0.000001 -0.000002 -0.000003 -5.038499 -0.435777 35.225014 7.245921 -2.254468 23.758106 -0.000002 0.000002 -0.000003 13.347282 -4.431361 2.620682 -0.840774 24.049543 -1.315848 0.938536 -19.826992 3.011264 -0.029144 -1.944632 0.067980 4.356792 -29.185422 -0.703959 -0.737163 22.662774 0.496379 -18.269518 -10.577433 7.765229 -0.171090 -2.574496 0.439424 
4.121694 96.947380 18.986002 -4.131939 0.884178 -4.148144 -1.064182 3.203252 -0.009077 -2.190367 6.404314 -0.130684 -2.190368 6.404312 -0.130686 0.871097 -20.573836 0.351959 5.541070 1.831855 2.092349 6.026985 12.463195 -4.849214 -47.277323 -12.064335 -49.460729 -24.212783 -0.076253 0.012442 -15.858174 14.813879 -8.169835 5.217697 -4.110236 9.722373 6.636620 2.589725 1.856972 -0.000006 0.000000 0.000015 -0.510326 0.070533 -26.031395 0.878046 0.124089 -24.527122 -0.000006 -0.000003 0.000004 -0.465195 -0.517384 -26.318551 -1.589243 -0.498030 -26.458244 -0.000002 -0.000000 -0.000007 1.326485 -5.875561 -27.229350 -4.646027 -2.259029 -57.530677 -0.000007 0.000002 0.000006 3.017191 -3.640475 -33.697182 -9.009460 -4.041151 -66.345466 0.000004 0.000000 -0.000001 5.080243 11.948868 -1.948240 7.821735 -1.369724 71.616726 33.899602 -0.063733 -0.018965 24.418041 13.465688 3.312489 -3.726495 -5.470251 -3.438442 -7.529635 2.693712 -2.554681 -0.000004 0.000005 -0.000014 -1.020205 -1.206478 5.032501 -0.909162 0.331035 20.625505 0.000002 0.000001 -0.000002 -1.637296 -1.085609 19.841452 -3.479438 -15.181581 8.464642 0.000000 0.000004 0.000000 -2.732501 -0.682965 27.357095 1.607004 0.073505 9.000758 -0.000000 0.000003 0.000002 -5.415719 -0.178503 32.169289 7.334021 -2.240680 23.721841 0.000001 -0.000001 -0.000002 14.076626 -4.027666 2.224087 -0.652471 23.681437 -1.210190 -0.557338 -20.810099 2.878249 -0.029846 -2.387159 0.069215 8.003784 -31.554525 -2.921828 -0.539931 21.679668 0.548952 -22.284612 -15.147739 9.759611 -0.168927 -2.921522 0.438339 
3.698401 96.378731 20.965733 -3.100622 1.880608 -3.312265 -1.227832 3.025008 -0.077589 -2.533750 6.047424 -0.226408 -2.533749 6.047426 -0.226405 0.751828 -20.573944 0.455114 5.274392 1.933162 1.507642 5.821103 12.448540 -4.911587 -49.001662 -11.392689 -48.559469 -28.276189 -0.072841 0.011473 -15.952808 13.431965 -2.622193 5.003384 -4.299473 9.572786 6.636615 2.589725 1.856955 -0.000009 -0.000002 0.000013 -0.510332 0.070518 -26.030980 0.878047 0.124085 -24.526712 -0.000008 -0.000003 0.000001 -0.465157 -0.517376 -26.318133 -1.589198 -0.498016 -26.457831 -0.000003 -0.000002 -0.000009 1.326542 -5.875562 -27.228952 -4.646007 -2.258973 -57.530233 -0.000006 0.000002 0.000008 3.017246 -3.640454 -33.696762 -9.009451 -4.041093 -66.345043 0.000004 -0.000000 -0.000001 4.635361 12.014422 -2.115744 6.974564 0.429153 72.499671 32.344040 -0.053921 -0.008521 23.000857 14.563083 4.657641 -3.726502 -5.470240 -3.438438 -7.529638 2.693714 -2.554701 0.000003 0.000004 -0.000014 -0.826871 -1.187096 2.216444 -0.844989 0.377028 21.425019 0.000003 -0.000002 -0.000003 -1.733016 -1.030758 16.765995 -3.344382 -15.119027 9.331754 -0.000002 -0.000001 -0.000000 -2.937024 -0.576616 24.662826 1.735074 0.099799 9.756972 -0.000001 0.000003 0.000000 -5.764187 0.044710 29.261753 7.432319 -2.228427 23.714521 0.000002 -0.000005 0.000001 14.571119 -3.914808 1.893602 -0.528578 24.360758 -1.187132 -2.160679 -22.334780 2.750688 -0.031152 -3.202625 0.071504 11.069456 -32.640289 -5.118421 -0.316969 19.284378 0.550262 -25.519626 -17.247262 11.852896 -0.167422 -3.161048 0.437580 
3.155961 95.702385 23.045765 -1.956796 2.465464 -2.602585 -1.363297 2.953835 -0.100076 -2.817555 5.905837 -0.231333 -2.817554 5.905835 -0.231332 0.625337 -20.759450 0.557072 5.002603 1.861385 0.852567 5.535748 12.429431 -5.050038 -50.501217 -10.400098 -48.032646 -32.513200 -0.069836 0.011770 -15.263502 11.757785 3.555958 4.455871 -4.860717 9.024084 6.636627 2.589735 1.856958 -0.000012 -0.000005 0.000018 -0.510331 0.070538 -26.030570 0.878038 0.124089 -24.526286 -0.000005 -0.000002 0.000004 -0.465136 -0.517333 -26.317704 -1.589167 -0.498019 -26.457436 0.000000 -0.000002 -0.000009 1.326574 -5.875505 -27.228527 -4.645997 -2.258964 -57.529816 -0.000005 0.000003 0.000004 3.017289 -3.640413 -33.696356 -9.009423 -4.041064 -66.344646 0.000005 -0.000000 -0.000000 4.252390 12.066175 -2.315213 6.147828 2.475710 73.319615 30.859269 -0.047430 -0.003508 20.242447 15.252483 5.245926 -3.726507 -5.470241 -3.438453 -7.529644 2.693722 -2.554694 0.000004 0.000003 -0.000014 -0.690638 -1.154560 0.685880 -0.777978 0.423068 22.288753 0.000002 -0.000002 -0.000003 -1.791449 -0.984153 14.366210 -3.205068 -15.062437 10.219703 -0.000000 -0.000001 -0.000000 -3.114485 -0.486119 22.145587 1.878291 0.125468 10.601067 -0.000001 0.000000 0.000000 -6.054664 0.225230 26.701463 7.539970 -2.217972 23.740587 0.000001 -0.000001 0.000001 14.786222 -3.534070 1.955568 -0.487797 25.396168 -1.219570 -3.580883 -24.126646 2.536796 -0.033182 -4.433398 0.074997 12.368148 -33.332652 -6.078642 0.005384 17.072333 0.476518 -25.477116 -15.556468 10.381437 -0.162504 -3.946162 0.435018 
2.481119 94.945572 25.339567 -0.821513 2.643897 -2.260076 -1.474461 2.958883 -0.007708 -3.036958 5.919482 -0.018639 -3.036957 5.919479 -0.018638 0.513718 -20.982565 0.640340 4.758336 1.527317 0.229953 5.246824 12.412692 -5.309214 -51.669063 -9.414509 -47.521577 -36.085491 -0.067529 0.014852 -13.937262 9.783724 9.841311 3.693657 -5.658497 8.309867 6.636591 2.589717 1.856956 -0.000004 -0.000001 0.000016 -0.510348 0.070531 -26.030158 0.878021 0.124080 -24.525874 -0.000007 -0.000002 0.000004 -0.465117 -0.517335 -26.317313 -1.589131 -0.497991 -26.457014 0.000004 -0.000003 -0.000009 1.326599 -5.875501 -27.228127 -4.645977 -2.258923 -57.529406 -0.000007 0.000003 0.000005 3.017314 -3.640404 -33.695963 -9.009387 -4.041016 -66.344223 0.000005 -0.000001 0.000003 3.979812 12.101449 -2.470024 5.400911 4.434289 73.885462 29.469633 -0.044232 -0.002597 16.510399 15.830444 5.003016 -3.726523 -5.470222 -3.438454 -7.529646 2.693703 -2.554686 0.000003 0.000005 -0.000010 -0.591286 -1.116652 0.147409 -0.709043 0.468301 23.206350 0.000003 0.000002 -0.000003 -1.793727 -0.948479 12.945995 -3.067312 -15.013304 11.081248 -0.000000 0.000000 0.000001 -3.252056 -0.412057 19.941782 2.034934 0.149889 11.516198 -0.000000 0.000000 0.000000 -6.259021 0.358013 24.687895 7.656157 -2.209635 23.804348 0.000002 -0.000004 -0.000001 14.309344 -3.991192 2.638897 -0.731721 28.895231 -1.510227 -4.458545 -24.927228 2.313980 -0.035820 -5.958885 0.079385 11.595152 -33.603629 -5.365898 -0.386267 14.843478 0.308480 -20.968486 -9.656281 3.965601 -0.151965 -5.623830 0.429196 
1.776552 94.704590 27.953644 0.297481 2.672108 -2.422797 -1.575578 2.957736 0.223448 -3.244211 5.921578 0.386426 -3.244211 5.921583 0.386426 0.436549 -21.124745 0.681623 4.594826 1.123099 -0.264867 5.100927 12.407166 -5.565318 -52.453090 -8.439312 -46.242034 -39.064994 -0.066525 0.018481 -12.178379 7.576030 15.743473 3.473087 -5.949703 7.984256 6.636603 2.589741 1.856970 -0.000006 -0.000003 0.000013 -0.510342 0.070517 -26.029747 0.878012 0.124086 -24.525471 -0.000006 -0.000003 0.000004 -0.465082 -0.517324 -26.316920 -1.589111 -0.497968 -26.456608 0.000002 -0.000002 -0.000009 1.326633 -5.875479 -27.227728 -4.645948 -2.258900 -57.529010 -0.000006 0.000005 0.000010 3.017369 -3.640367 -33.695570 -9.009372 -4.040973 -66.343834 0.000005 -0.000003 -0.000003 3.818265 12.123983 -2.535218 4.804274 5.084052 74.213578 28.243957 -0.039708 -0.001134 12.171960 16.579629 4.147947 -3.726507 -5.470251 -3.438445 -7.529641 2.693733 -2.554693 0.000004 0.000005 -0.000015 -0.497472 -1.074875 -0.033176 -0.639164 0.512090 24.167427 0.000001 -0.000001 -0.000003 -1.739870 -0.921166 12.338113 -2.933237 -14.972827 11.963256 0.000000 0.000001 -0.000000 -3.337690 -0.354184 18.187797 2.203177 0.172540 12.485650 -0.000001 -0.000001 0.000003 -6.350074 0.438636 23.420394 7.780117 -2.203919 23.910278 -0.000001 -0.000000 0.000000 12.621956 -3.926402 3.645977 -0.944149 31.388575 -1.743280 -4.180236 -24.230649 1.755440 -0.038896 -7.659214 0.084370 8.279440 -32.782237 -3.195725 -0.694449 13.426538 0.212044 -14.791639 1.205287 0.024829 -0.143732 -6.929555 0.424341 
1.085171 94.721169 30.884375 1.168335 2.707725 -3.053450 -1.654802 2.914642 0.567335 -3.403464 5.841565 0.975028 -3.403461 5.841557 0.975029 0.419635 -21.236252 0.637576 4.615815 0.870018 -0.594349 5.260125 12.422564 -5.619762 -52.737960 -7.502242 -45.930126 -41.833580 -0.063978 0.022236 -10.220278 5.305536 20.841315 3.596241 -5.733205 8.288674 6.636621 2.589724 1.856965 -0.000004 0.000001 0.000015 -0.510344 0.070535 -26.029356 0.878001 0.124071 -24.525066 -0.000006 -0.000002 0.000003 -0.465026 -0.517302 -26.316502 -1.589084 -0.497958 -26.456203 0.000004 -0.000002 -0.000009 1.326687 -5.875472 -27.227340 -4.645925 -2.258839 -57.528621 -0.000007 0.000007 0.000007 3.017424 -3.640344 -33.695181 -9.009364 -4.040952 -66.343424 0.000006 -0.000003 -0.000001 3.800456 12.126656 -2.539846 4.145278 5.231429 74.219568 27.210091 -0.032529 0.002018 7.634352 17.647491 3.306190 -3.726520 -5.470235 -3.438473 -7.529628 2.693712 -2.554654 0.000001 0.000004 -0.000012 -0.409675 -1.031731 0.108898 -0.569384 0.553933 25.161541 0.000001 -0.000004 -0.000004 -1.647421 -0.897440 12.141623 -2.799524 -14.941928 12.929391 0.000001 0.000001 -0.000001 -3.359902 -0.312602 17.020044 2.381248 0.193042 13.492589 -0.000001 -0.000002 0.000002 -6.320021 0.468331 22.862911 7.911016 -2.201171 24.062770 -0.000000 0.000002 0.000001 10.076785 -3.860806 4.859025 -0.915169 33.859812 -1.841641 -3.054433 -22.102605 0.841537 -0.047934 -12.155536 0.098129 4.358767 -32.406700 -0.884355 -0.810090 14.731002 0.199767 -10.659283 7.542321 0.359897 -0.145308 -6.680318 0.425290 
0.364949 94.907219 33.957687 1.390549 2.700523 -3.981665 -1.673435 2.879589 0.962263 -3.426801 5.780095 1.693550 -3.426800 5.780100 1.693550 0.478782 -21.390703 0.504594 4.912195 0.767231 -0.792227 5.765864 12.459101 -5.379696 -52.413089 -6.616081 -46.759601 -44.007506 -0.060629 0.026279 -8.298319 3.219209 24.798055 3.678474 -5.457997 8.801305 6.636592 2.589727 1.856952 -0.000011 -0.000003 0.000015 -0.510341 0.070524 -26.028934 0.877976 0.124063 -24.524687 -0.000006 -0.000002 0.000004 -0.465004 -0.517288 -26.316109 -1.589044 -0.497937 -26.455809 0.000004 -0.000000 -0.000011 1.326716 -5.875444 -27.226937 -4.645941 -2.258846 -57.528197 -0.000005 0.000005 0.000009 3.017466 -3.640297 -33.694771 -9.009359 -4.040906 -66.343014 0.000006 -0.000002 0.000001 3.985035 12.101433 -2.459179 3.543782 5.280216 73.899382 26.353458 -0.026250 0.004236 3.245441 18.764225 2.360051 -3.726502 -5.470247 -3.438457 -7.529639 2.693715 -2.554686 0.000001 -0.000001 -0.000013 -0.328545 -0.989477 0.538339 -0.500824 0.593392 26.178341 0.000001 0.000002 -0.000005 -1.523327 -0.878644 12.309894 -2.664204 -14.920535 13.957976 -0.000001 -0.000001 0.000000 -3.293567 -0.292384 16.514588 2.600768 0.212216 14.698366 0.000000 -0.000001 0.000000 -6.192862 0.458164 22.798613 8.048051 -2.202000 24.266218 0.000001 0.000002 0.000002 7.693775 -4.110347 6.255561 -0.989060 36.826310 -2.030871 -1.565602 -18.296678 -0.420334 -0.065189 -19.441087 0.122427 0.834996 -31.877002 1.824484 -1.133700 17.091976 0.151044 -7.661670 8.004737 0.070821 -0.153311 -5.410917 0.429963 
-0.403075 95.184082 37.083080 0.972782 2.566887 -4.877907 -1.619487 2.877471 1.318630 -3.308377 5.783269 2.359396 -3.308377 5.783272 2.359395 0.592365 -21.522660 0.375592 5.432103 0.739054 -0.867564 6.486812 12.499515 -4.830448 -51.460991 -5.749429 -48.606792 -45.225018 -0.056860 0.029928 -6.619302 1.601219 27.337660 4.021060 -5.061465 9.215759 6.636610 2.589720 1.856953 -0.000009 -0.000002 0.000018 -0.510365 0.070522 -26.028560 0.877993 0.124054 -24.524283 -0.000002 -0.000002 0.000003 -0.464987 -0.517279 -26.315727 -1.589033 -0.497928 -26.455433 0.000004 -0.000003 -0.000010 1.326736 -5.875424 -27.226568 -4.645899 -2.258830 -57.527842 -0.000007 0.000004 0.000007 3.017522 -3.640283 -33.694382 -9.009337 -4.040862 -66.342672 0.000007 -0.000000 0.000001 4.369163 12.052931 -2.219112 3.249748 5.217480 73.348493 25.678088 -0.022167 0.004959 -0.633439 19.347988 1.210788 -3.726498 -5.470234 -3.438450 -7.529632 2.693725 -2.554687 0.000006 0.000000 -0.000013 -0.254992 -0.950040 1.219867 -0.434636 0.630222 27.207461 0.000001 -0.000000 -0.000007 -1.374827 -0.866525 12.796270 -2.525287 -14.908310 15.027207 0.000001 -0.000000 0.000000 -3.137588 -0.294347 16.591578 2.880538 0.226227 16.203430 0.000001 0.000002 -0.000000 -5.989489 0.414500 23.155431 8.190412 -2.206832 24.524991 0.000001 0.000002 0.000002 6.419216 -4.841750 7.778605 -1.861291 40.280655 -2.794531 0.031937 -12.201298 -2.021464 -0.118052 -27.885328 0.735471 -2.027106 -30.404642 4.468364 -1.533878 18.317632 0.029759 -4.277412 8.297236 -0.442122 -0.161501 -4.106405 0.434481 
-1.214490 95.474480 40.162170 0.424927 2.314475 -5.377803 -1.541912 2.899183 1.535809 -3.140609 5.830749 2.785957 -3.140607 5.830737 2.785956 0.693799 -21.531005 0.342242 5.895427 0.831339 -0.801978 7.183977 12.517896 -3.978768 -50.011769 -4.840698 -51.074406 -45.196957 -0.053247 0.031711 -5.359114 0.724600 28.350141 4.354615 -4.931301 9.010820 6.636606 2.589715 1.856937 -0.000007 -0.000004 0.000013 -0.510358 0.070501 -26.028200 0.878000 0.124053 -24.523915 -0.000003 -0.000005 0.000005 -0.464955 -0.517284 -26.315358 -1.588984 -0.497911 -26.455047 0.000005 -0.000001 -0.000009 1.326779 -5.875421 -27.226196 -4.645891 -2.258782 -57.527473 -0.000007 0.000004 0.000007 3.017554 -3.640269 -33.694037 -9.009323 -4.040812 -66.342283 0.000005 0.000001 0.000000 4.869646 11.991755 -1.839461 3.013370 5.040282 72.789456 25.196739 -0.020984 0.004481 -3.559230 18.881628 0.291418 -3.726493 -5.470237 -3.438441 -7.529626 2.693719 -2.554679 0.000003 0.000003 -0.000014 -0.190131 -0.915084 2.118240 -0.372000 0.664400 28.238456 0.000003 -0.000004 -0.000000 -1.209403 -0.862798 13.554146 -2.380670 -14.904535 16.115350 -0.000000 -0.000000 0.000000 -2.916092 -0.315693 17.152936 3.198704 0.228880 17.899670 -0.000001 -0.000000 0.000000 -5.730700 0.342496 23.861080 8.337296 -2.216312 24.843529 0.000000 -0.000001 -0.000001 6.295141 -6.739976 9.466537 -3.247875 44.586126 -4.061227 1.033537 -2.514992 -5.639644 -0.702977 -40.951844 2.577342 -2.000409 -29.124190 5.690433 -1.808042 19.868938 -0.043598 -3.334346 7.061674 -0.802121 -0.167919 -3.082009 0.437828 
-1.986320 95.638618 43.026333 0.215356 1.887070 -5.478746 -1.472034 2.984000 1.626958 -2.983374 6.003194 3.023600 -2.983375 6.003197 3.023600 0.707278 -21.392439 0.385190 5.961521 1.108628 -0.722957 7.617428 12.503117 -3.009270 -48.350431 -3.836921 -53.796995 -44.178282 -0.051169 0.033504 -4.484159 0.562488 28.147223 4.269723 -5.332733 8.168820 6.636617 2.589711 1.856938 -0.000007 -0.000001 0.000012 -0.510370 0.070507 -26.027805 0.877997 0.124064 -24.523553 -0.000004 -0.000004 0.000005 -0.464931 -0.517257 -26.314974 -1.588970 -0.497899 -26.454670 0.000000 -0.000006 -0.000008 1.326791 -5.875397 -27.225826 -4.645849 -2.258739 -57.527091 -0.000012 0.000002 0.000004 3.017592 -3.640230 -33.693648 -9.009287 -4.040774 -66.341921 0.000006 0.000004 0.000003 5.402573 11.925788 -1.390462 2.835882 4.738611 72.120405 24.912311 -0.025467 0.002153 -4.522924 17.637324 0.396451 -3.726500 -5.470243 -3.438460 -7.529640 2.693724 -2.554692 0.000001 0.000003 -0.000010 -0.135364 -0.885661 3.198134 -0.314148 0.695975 29.261009 0.000002 -0.000002 -0.000006 -1.034746 -0.868653 14.536876 -2.228170 -14.908208 17.200552 0.000000 -0.000000 0.000001 -2.652930 -0.354375 18.100642 3.532668 0.216825 19.679148 0.000002 -0.000001 0.000003 -5.437117 0.247542 24.843336 8.487861 -2.231041 25.226189 0.000001 0.000002 0.000003 6.115144 -9.725794 10.847164 -3.913736 49.676471 -4.940838 1.045575 10.009031 -9.569040 -2.055258 -54.178860 4.227537 -0.971322 -28.537475 6.073823 -1.948172 23.288893 -0.035157 -4.115739 3.239288 -0.993748 -0.172555 -2.339821 0.440141 
-2.618792 95.604622 45.723827 0.429561 1.075617 -5.541434 -1.377560 3.163620 1.707148 -2.774060 6.364356 3.253024 -2.774059 6.364350 3.253024 0.604689 -21.086239 0.417901 5.520220 1.501527 -0.877193 7.681297 12.474910 -2.341853 -46.738414 -2.721442 -55.965026 -42.599275 -0.053473 0.037884 -3.870537 0.915454 27.084651 4.065733 -5.543917 7.991980 6.636598 2.589735 1.856963 -0.000004 -0.000005 0.000017 -0.510375 0.070500 -26.027442 0.877979 0.124060 -24.523176 -0.000004 -0.000001 0.000005 -0.464898 -0.517240 -26.314613 -1.588945 -0.497889 -26.454328 0.000003 -0.000001 -0.000009 1.326835 -5.875371 -27.225464 -4.645845 -2.258722 -57.526749 -0.000009 0.000005 0.000006 3.017628 -3.640218 -33.693316 -9.009279 -4.040726 -66.341559 0.000005 0.000000 -0.000001 5.979157 11.850310 -0.899184 2.719291 4.300903 71.418036 24.902760 -0.035884 -0.002987 -5.072717 15.929710 0.795879 -3.726495 -5.470218 -3.438463 -7.529645 2.693709 -2.554674 -0.000001 0.000005 -0.000009 -0.092256 -0.862485 4.424276 -0.262330 0.725122 30.264664 -0.000002 -0.000002 -0.000004 -0.858734 -0.884469 15.697822 -2.065360 -14.917978 18.260963 -0.000001 0.000001 0.000002 -2.371756 -0.406993 19.336790 3.859120 0.190305 21.433897 0.000000 0.000001 0.000000 -5.129064 0.136529 26.030326 8.641266 -2.251503 25.677408 -0.000002 -0.000002 -0.000003 5.216790 -12.685298 11.645006 -4.775702 55.809281 -6.103852 0.697073 19.472693 -9.674365 -1.451556 -57.744817 2.377821 -1.629458 -27.508717 6.704383 -2.063601 26.822824 -0.045496 -3.781901 -0.484722 -1.275618 -0.174933 -1.959651 0.441288 
-3.115326 95.668221 48.390266 0.858886 -0.151235 -5.742239 -1.230394 3.391846 1.851815 -2.438580 6.818793 3.528938 -2.438580 6.818794 3.528937 0.429885 -20.545062 0.376807 4.757826 1.908757 -1.328765 7.457638 12.460771 -2.321667 -45.260979 -1.510568 -57.954292 -40.901816 -0.059882 0.045408 -3.383195 1.566719 25.487894 3.860064 -5.699634 7.953565 6.636599 2.589729 1.856961 -0.000004 0.000002 0.000017 -0.510392 0.070502 -26.027131 0.877977 0.124057 -24.522843 -0.000002 -0.000001 0.000003 -0.464880 -0.517219 -26.314280 -1.588914 -0.497877 -26.453982 0.000004 -0.000004 -0.000011 1.326872 -5.875351 -27.225137 -4.645835 -2.258708 -57.526394 -0.000008 0.000002 0.000006 3.017668 -3.640178 -33.692978 -9.009261 -4.040701 -66.341190 0.000003 -0.000001 0.000001 6.685302 11.745763 -0.420560 2.664505 3.719058 70.686010 25.762857 -0.051497 -0.011698 -4.733397 14.231395 0.561194 -3.726507 -5.470248 -3.438437 -7.529636 2.693724 -2.554679 0.000003 0.000000 -0.000013 -0.062511 -0.845761 5.761386 -0.217842 0.752213 31.239110 0.000001 -0.000003 -0.000004 -0.689304 -0.909721 16.990471 -1.889693 -14.932064 19.274686 -0.000001 -0.000000 -0.000003 -2.096047 -0.467385 20.763854 4.154422 0.153351 23.056302 0.000000 0.000002 0.000002 -4.826373 0.018674 27.350524 8.796724 -2.278395 26.201567 -0.000001 -0.000001 -0.000002 3.547478 -16.133240 12.412283 -6.287362 61.876576 -7.893162 -1.149040 24.888955 -8.913015 -1.380121 -50.635594 2.001550 -3.405334 -25.093842 7.483606 -2.186762 28.902273 -0.098275 -2.428569 -3.574451 -1.723370 -0.175442 -1.877950 0.441533 
-3.551008 96.000107 51.142677 1.229549 -1.520750 -5.852973 -1.023752 3.569158 1.994335 -1.971073 7.165942 3.703790 -1.971073 7.165947 3.703793 0.255178 -19.768541 0.249025 3.940534 2.385193 -1.858963 7.162287 12.465986 -2.834897 -43.194099 -0.215437 -59.762277 -39.472807 -0.067679 0.052449 -2.868464 2.297641 23.666662 4.006636 -5.448805 8.311298 6.636613 2.589727 1.856980 -0.000002 -0.000004 0.000016 -0.510390 0.070513 -26.026782 0.877980 0.124035 -24.522507 -0.000002 -0.000004 0.000003 -0.464833 -0.517200 -26.313958 -1.588906 -0.497872 -26.453642 0.000002 0.000000 -0.000011 1.326883 -5.875336 -27.224806 -4.645805 -2.258691 -57.526059 -0.000008 0.000004 0.000005 3.017692 -3.640144 -33.692644 -9.009242 -4.040669 -66.340897 0.000006 0.000003 0.000003 7.581419 11.594678 -0.084950 2.655912 3.012349 69.925933 27.554018 -0.066465 -0.022037 -4.231567 13.088137 -0.248063 -3.726498 -5.470228 -3.438456 -7.529636 2.693703 -2.554685 0.000003 0.000003 -0.000012 -0.047949 -0.835185 7.174093 -0.181938 0.777696 32.173896 0.000001 -0.000003 -0.000006 -0.534298 -0.942742 18.368102 -1.698410 -14.948289 20.219698 0.000002 -0.000001 -0.000000 -1.848837 -0.525700 22.284650 4.394958 0.113259 24.438965 0.000000 -0.000003 -0.000001 -4.548241 -0.094241 28.732857 8.953304 -2.312174 26.803100 -0.000002 0.000001 0.000000 1.965852 -18.918227 12.865457 -8.241302 66.119557 -10.029480 -4.635843 23.724128 -7.617779 0.132744 -10.633887 -1.308472 -4.405436 -21.531596 7.838723 -2.227667 29.101766 -0.118489 -1.497524 -5.835297 -2.090883 -0.175580 -1.855295 0.441601 
-3.936549 96.397911 53.875629 1.339290 -2.702092 -5.663269 -0.775853 3.650240 2.081237 -1.415976 7.316971 3.668953 -1.415976 7.316974 3.668954 0.120202 -18.878556 0.063343 3.206475 3.050552 -2.235083 7.027896 12.483527 -3.442040 -40.424119 1.207271 -61.335645 -38.163819 -0.074643 0.056663 -2.174735 2.909817 21.930209 4.212111 -5.178836 8.632627 6.636611 2.589729 1.856955 -0.000007 -0.000002 0.000016 -0.510387 0.070499 -26.026468 0.877956 0.124050 -24.522174 -0.000002 -0.000005 0.000005 -0.464839 -0.517205 -26.313638 -1.588864 -0.497858 -26.453321 0.000001 -0.000000 -0.000010 1.326920 -5.875321 -27.224483 -4.645800 -2.258641 -57.525738 -0.000007 0.000004 0.000007 3.017740 -3.640142 -33.692323 -9.009218 -4.040631 -66.340541 0.000005 0.000001 0.000001 8.658304 11.400466 0.097635 2.680562 2.193337 69.138542 30.173365 -0.077770 -0.032704 -3.511178 12.652824 -0.492346 -3.726497 -5.470251 -3.438442 -7.529651 2.693706 -2.554677 0.000003 0.000004 -0.000015 -0.050404 -0.830124 8.627185 -0.155923 0.802111 33.058700 0.000002 -0.000001 -0.000003 -0.401449 -0.980774 19.784253 -1.488531 -14.964106 21.074050 -0.000000 -0.000001 0.000001 -1.652758 -0.568540 23.802606 4.557415 0.079412 25.474649 0.000002 0.000000 0.000002 -4.313234 -0.187871 30.106740 9.110166 -2.353430 27.486389 -0.000000 -0.000000 0.000002 0.827162 -21.977392 12.768540 -10.134378 68.518231 -12.018469 -6.947618 18.752891 -6.509673 -1.138901 -15.366177 3.830134 -4.567392 -17.962117 7.723976 -2.156579 28.597753 -0.080235 -1.045132 -7.685472 -2.339701 -0.176387 -1.726304 0.441983 
-4.239341 96.777992 56.542614 1.098666 -3.625020 -5.116703 -0.475109 3.668119 2.019871 -0.799557 7.343734 3.460046 -0.799557 7.343735 3.460045 0.012934 -18.032872 -0.111025 2.546317 3.861679 -2.436267 7.150347 12.508268 -3.817572 -38.633493 2.708078 -62.696970 -36.792119 -0.081006 0.059097 -1.162074 3.228727 20.587145 4.410213 -4.771073 9.319861 6.636601 2.589716 1.856935 -0.000004 -0.000006 0.000012 -0.510393 0.070489 -26.026146 0.877977 0.124062 -24.521854 -0.000002 -0.000002 0.000004 -0.464805 -0.517186 -26.313311 -1.588836 -0.497854 -26.453022 0.000003 0.000004 -0.000012 1.326950 -5.875307 -27.224193 -4.645792 -2.258624 -57.525424 -0.000006 0.000003 0.000009 3.017784 -3.640119 -33.692008 -9.009207 -4.040585 -66.340248 0.000006 -0.000000 -0.000001 9.838102 11.185095 0.320737 2.735826 0.792975 68.275459 33.481840 -0.085061 -0.043865 -2.587482 12.736514 -0.108609 -3.726509 -5.470231 -3.438441 -7.529642 2.693699 -2.554678 0.000003 0.000005 -0.000015 -0.082071 -0.831623 10.399079 -0.153388 0.831597 34.036721 0.000000 -0.000001 -0.000005 -0.278605 -1.028039 21.411617 -1.235163 -14.981185 21.928739 -0.000001 0.000000 0.000000 -1.484902 -0.598226 25.435700 4.665146 0.051383 26.305760 0.000001 -0.000002 0.000002 -4.096526 -0.270047 31.581985 9.289360 -2.413087 28.402317 -0.000003 0.000001 0.000003 0.482949 -24.256090 11.810387 -10.362848 68.060110 -12.201503 -5.784873 13.872928 -5.756802 -3.077181 -23.017543 8.113448 -4.645478 -14.703317 7.168494 -1.970539 27.929526 0.012860 -0.379546 -9.333803 -2.576645 -0.177708 -1.515076 0.442602 
-4.446968 97.220634 59.146351 0.624318 -4.381695 -4.347029 -0.130645 3.674999 1.833928 -0.128000 7.350588 3.131505 -0.128000 7.350589 3.131505 -0.103285 -17.344301 -0.209347 1.854827 4.600707 -2.554224 7.449622 12.534564 -3.920464 -36.956815 4.252229 -63.855650 -35.360446 -0.088383 0.061013 0.764812 3.237893 19.422565 4.489994 -4.496004 9.884458 6.636601 2.589726 1.856966 -0.000012 0.000000 0.000013 -0.510407 0.070486 -26.025860 0.877963 0.124048 -24.521566 -0.000000 -0.000000 0.000003 -0.464785 -0.517183 -26.313036 -1.588818 -0.497835 -26.452727 0.000002 -0.000005 -0.000009 1.326971 -5.875303 -27.223905 -4.645771 -2.258610 -57.525137 -0.000010 0.000007 0.000008 3.017804 -3.640090 -33.691728 -9.009203 -4.040576 -66.339981 0.000008 -0.000001 -0.000003 10.987041 10.973514 0.685904 2.827815 -0.810177 67.379113 37.325061 -0.089014 -0.056132 -1.534993 13.089840 0.196926 -3.726500 -5.470247 -3.438441 -7.529636 2.693707 -2.554665 0.000004 0.000005 -0.000013 -0.149970 -0.838481 12.689992 -0.181665 0.870949 35.205326 0.000002 0.000001 -0.000003 -0.151576 -1.090106 23.397062 -0.926042 -15.006552 22.864745 0.000000 -0.000001 0.000002 -1.307380 -0.629313 27.326677 4.757198 0.022800 27.134059 0.000001 0.000001 -0.000002 -3.862503 -0.360569 33.283864 9.507425 -2.501068 29.655220 -0.000003 0.000000 0.000004 0.665672 -25.437347 10.101767 -8.871097 64.646450 -10.506373 -1.657932 10.121417 -5.459162 -2.247088 -25.113315 6.286606 -4.658812 -11.378279 6.289762 -1.709959 26.584244 0.129359 0.396654 -10.552383 -2.752834 -0.178816 -1.336311 0.443120 
-4.577312 97.699394 61.700600 0.117207 -4.963429 -3.487325 0.226106 3.688166 1.584993 0.562458 7.371571 2.723081 0.562459 7.371576 2.723083 -0.245114 -16.847853 -0.248872 1.049026 5.037329 -2.653377 7.783915 12.557960 -3.902964 -35.397811 5.811127 -64.819759 -33.884090 -0.097021 0.062601 3.415230 3.153000 18.106012 4.409297 -4.504580 9.988410 6.636608 2.589715 1.856947 -0.000014 0.000000 0.000017 -0.510396 0.070473 -26.025587 0.877968 0.124044 -24.521303 -0.000002 -0.000001 0.000001 -0.464754 -0.517180 -26.312766 -1.588800 -0.497806 -26.452445 0.000005 -0.000000 -0.000009 1.326994 -5.875289 -27.223630 -4.645762 -2.258587 -57.524871 -0.000004 0.000002 0.000007 3.017841 -3.640093 -33.691459 -9.009179 -4.040531 -66.339694 0.000008 -0.000002 0.000001 11.976940 10.786137 1.025936 2.958810 -2.680556 66.442742 41.560779 -0.089813 -0.068407 -0.408099 13.385427 0.041559 -3.726488 -5.470224 -3.438452 -7.529632 2.693700 -2.554688 0.000003 0.000003 -0.000014 -0.247715 -0.845529 15.347181 -0.232773 0.918435 36.485559 0.000001 0.000003 -0.000006 -0.024683 -1.164693 25.655353 -0.577106 -15.043847 23.844909 -0.000002 -0.000001 0.000002 -1.120306 -0.663811 29.416064 4.833771 -0.005177 27.941387 0.000000 -0.000002 -0.000002 -3.613259 -0.460689 35.165345 9.754898 -2.615837 31.179738 -0.000003 -0.000001 0.000001 1.128448 -25.611239 8.128816 -6.865918 58.701057 -8.168636 3.497251 6.511567 -6.084485 -1.176472 -21.627616 4.338161 -4.327050 -8.002364 5.291736 -1.418321 24.562467 0.235456 0.754355 -11.372029 -2.765393 -0.179162 -1.281278 0.443278 
-4.650829 98.027130 64.214638 -0.302674 -5.297998 -2.692144 0.561241 3.699725 1.330306 1.211094 7.391231 2.305783 1.211095 7.391231 2.305783 -0.391857 -16.532720 -0.305972 0.204042 5.108673 -2.770553 8.076078 12.581561 -3.952158 -33.956583 7.358818 -65.599732 -32.385810 -0.106042 0.063378 5.746897 3.097011 16.779830 4.216071 -4.777340 9.607972 6.636602 2.589746 1.856956 -0.000009 -0.000002 0.000018 -0.510409 0.070493 -26.025309 0.877948 0.124040 -24.521050 -0.000004 -0.000003 0.000004 -0.464744 -0.517157 -26.312500 -1.588788 -0.497821 -26.452184 0.000002 -0.000004 -0.000007 1.327006 -5.875272 -27.223367 -4.645752 -2.258583 -57.524611 -0.000009 0.000004 0.000009 3.017861 -3.640049 -33.691196 -9.009189 -4.040504 -66.339449 0.000005 -0.000001 -0.000000 12.775868 10.632153 1.126841 3.125908 -4.613170 65.488598 46.055170 -0.087722 -0.080347 0.781445 13.147646 -0.364267 -3.726504 -5.470242 -3.438443 -7.529636 2.693730 -2.554689 0.000003 0.000003 -0.000013 -0.368192 -0.848243 18.217875 -0.299170 0.972042 37.798434 0.000003 0.000006 -0.000004 0.098093 -1.249032 28.101218 -0.204313 -15.094628 24.832353 0.000003 0.000004 0.000002 -0.924617 -0.703550 31.644526 4.895069 -0.031361 28.709662 0.000000 0.000003 -0.000002 -3.351478 -0.571264 37.179373 10.022342 -2.755253 32.910546 -0.000001 -0.000001 0.000001 1.732396 -25.127021 6.257011 -5.143524 50.962664 -6.038281 8.024773 3.005162 -7.044879 -0.806647 -13.820006 4.469134 -3.909218 -5.080961 4.372352 -1.150725 22.826041 0.319967 0.791467 -12.282876 -2.676661 -0.178613 -1.369538 0.443024 
-4.671014 98.193771 66.733810 -0.614029 -5.375345 -2.152390 0.846847 3.704532 1.117221 1.766296 7.398929 1.961434 1.766294 7.398923 1.961434 -0.515326 -16.392946 -0.408293 -0.523035 4.944039 -2.919463 8.331180 12.608597 -4.111011 -32.632947 8.868465 -66.189123 -30.886539 -0.114808 0.063393 6.722212 3.107808 15.612539 4.176177 -4.961242 9.218507 6.636612 2.589709 1.856967 -0.000004 -0.000001 0.000010 -0.510413 0.070491 -26.025082 0.877941 0.124043 -24.520811 -0.000001 -0.000002 0.000007 -0.464720 -0.517145 -26.312233 -1.588772 -0.497811 -26.451992 0.000005 -0.000003 -0.000010 1.327035 -5.875257 -27.223128 -4.645742 -2.258565 -57.524372 -0.000007 0.000003 0.000007 3.017889 -3.640030 -33.690987 -9.009173 -4.040489 -66.339203 0.000005 -0.000001 0.000001 13.465356 10.500731 1.025883 3.324740 -6.404237 64.513336 50.672548 -0.082924 -0.091347 2.008697 12.188064 -0.919515 -3.726516 -5.470226 -3.438462 -7.529631 2.693708 -2.554684 0.000003 0.000004 -0.000011 -0.503207 -0.843268 21.149297 -0.373796 1.028903 39.064881 0.000000 -0.000001 -0.000007 0.213272 -1.339698 30.649350 0.176491 -15.157908 25.790412 -0.000001 0.000005 0.000002 -0.722244 -0.749859 33.952648 4.941281 -0.054724 29.420654 0.000001 0.000004 -0.000000 -3.080502 -0.692701 39.279093 10.300249 -2.916055 34.782465 0.000000 -0.000004 0.000002 2.630958 -24.022627 4.684160 -3.799993 41.635112 -4.237782 10.191905 0.748872 -7.000491 -0.431991 -4.232495 5.357808 -3.934857 -2.502465 3.654829 -0.966800 21.318704 0.362735 1.105403 -13.291836 -2.591924 -0.177495 -1.549446 0.442503 
-4.647890 98.199448 69.312767 -0.813843 -5.203965 -1.976686 1.067224 3.690916 0.971350 2.196244 7.370958 1.719216 2.196245 7.370963 1.719216 -0.603827 -16.406994 -0.528716 -1.076120 4.708574 -3.033230 8.585784 12.636684 -4.274794 -31.425321 10.314532 -66.579379 -29.409101 -0.122525 0.062638 5.694241 2.949844 14.832306 3.768512 -3.755145 12.825461 6.636614 2.589718 1.856962 -0.000007 -0.000002 0.000015 -0.510425 0.070481 -26.024860 0.877947 0.124048 -24.520589 -0.000002 -0.000004 0.000004 -0.464716 -0.517126 -26.312021 -1.588744 -0.497790 -26.451735 0.000003 -0.000003 -0.000009 1.327050 -5.875228 -27.222904 -4.645742 -2.258543 -57.524161 -0.000006 0.000003 0.000009 3.017899 -3.640004 -33.690735 -9.009158 -4.040450 -66.338984 0.000008 -0.000000 0.000000 14.137984 10.373590 0.960164 3.754461 -7.848161 63.507509 55.275215 -0.075989 -0.100508 3.256689 10.954841 -1.488375 -3.726499 -5.470246 -3.438446 -7.529638 2.693719 -2.554684 -0.000004 0.000004 -0.000008 -0.643650 -0.829321 23.988635 -0.450236 1.085356 40.205943 -0.000001 -0.000001 -0.000005 0.318019 -1.432987 33.214503 0.549643 -15.230215 26.682680 -0.000001 -0.000005 0.000002 -0.516300 -0.803496 36.281101 4.972625 -0.074289 30.056268 0.000002 -0.000000 0.000000 -2.804532 -0.824665 41.417502 10.579325 -3.093843 36.730404 -0.000001 -0.000002 0.000002 3.582189 -23.221503 3.646882 -2.955495 32.014852 -2.926622 9.265105 -0.195415 -6.636818 -0.026744 -0.262923 0.063372 -4.524743 -0.139884 3.198469 -0.890096 19.900011 0.356691 1.897119 -14.369415 -2.533956 -0.176248 -1.749101 0.441915 
-4.606698 98.042130 71.955559 -0.926143 -4.786544 -2.111493 1.212112 3.640411 0.877510 2.485268 7.269511 1.569800 2.485268 7.269511 1.569800 -0.652284 -16.524669 -0.659112 -1.505735 4.464889 -2.969102 8.878311 12.665081 -4.383699 -30.331050 11.673416 -66.781027 -27.979757 -0.127813 0.060667 3.344061 2.678642 14.297771 4.140243 -2.338437 16.060406 6.636613 2.589718 1.856946 -0.000007 -0.000001 0.000014 -0.510418 0.070479 -26.024636 0.877945 0.124035 -24.520371 -0.000001 -0.000002 0.000006 -0.464691 -0.517138 -26.311830 -1.588733 -0.497790 -26.451555 0.000002 -0.000000 -0.000011 1.327076 -5.875244 -27.222711 -4.645723 -2.258535 -57.523942 -0.000006 0.000004 0.000006 3.017938 -3.640014 -33.690540 -9.009148 -4.040434 -66.338786 0.000009 -0.000001 -0.000000 14.777302 10.250492 1.031941 4.219744 -8.744960 62.547287 59.726705 -0.067822 -0.107136 4.504282 10.010740 -2.043009 -3.726505 -5.470233 -3.438446 -7.529637 2.693706 -2.554690 0.000001 0.000002 -0.000009 -0.779818 -0.807478 26.583190 -0.522742 1.136841 41.142563 0.000001 -0.000001 -0.000005 0.410077 -1.524932 35.711429 0.899850 -15.305706 27.473200 0.000000 -0.000005 -0.000003 -0.311088 -0.864452 38.570543 4.989303 -0.089276 30.598308 -0.000002 0.000001 0.000000 -2.528595 -0.966029 43.547804 10.850567 -3.282837 38.689456 0.000001 -0.000000 -0.000001 4.099348 -22.487419 3.176562 -2.445288 21.549522 -1.868624 6.526576 -0.212653 -7.459700 -0.027834 -1.085790 0.065602 -5.142108 1.973102 3.049562 -0.900597 18.585862 0.314876 2.657705 -15.531907 -2.442344 -0.175029 -1.943601 0.441337 
-4.559014 97.401428 74.629410 -1.047221 -4.202323 -2.470735 1.296184 3.558411 0.817061 2.675293 7.105070 1.479147 2.675294 7.105071 1.479147 -0.665327 -16.700907 -0.779134 -1.868370 4.196373 -2.648507 9.246571 12.696205 -4.434640 -29.350966 12.917794 -66.806005 -26.615444 -0.130570 0.057718 0.626832 2.717900 13.589649 4.408607 -1.872866 17.013644 6.636604 2.589708 1.856938 -0.000007 -0.000004 0.000014 -0.510428 0.070475 -26.024477 0.877940 0.124045 -24.520200 -0.000004 -0.000002 0.000005 -0.464696 -0.517125 -26.311665 -1.588719 -0.497772 -26.451374 0.000003 0.000001 -0.000015 1.327081 -5.875228 -27.222527 -4.645710 -2.258520 -57.523771 -0.000009 0.000003 0.000008 3.017941 -3.639985 -33.690349 -9.009139 -4.040429 -66.338622 0.000009 -0.000001 0.000001 15.295655 10.147745 1.178199 4.843869 -8.892681 61.683705 63.886140 -0.059666 -0.111671 6.077653 9.359185 -2.693574 -3.726509 -5.470241 -3.438471 -7.529631 2.693710 -2.554689 0.000003 0.000000 -0.000013 -0.901768 -0.781156 28.780262 -0.586001 1.178158 41.795697 -0.000003 -0.000002 -0.000004 0.487871 -1.611507 38.054788 1.212158 -15.376701 28.126342 -0.000001 -0.000002 0.000000 -0.111981 -0.931835 40.761691 4.991427 -0.099054 31.028600 -0.000006 0.000001 -0.000000 -2.258478 -1.114681 45.623229 11.105467 -3.475926 40.594813 0.000002 -0.000001 0.000002 3.946162 -23.975564 3.070143 -2.475538 14.840142 -1.316017 4.101459 -2.402374 -7.367664 -0.026522 -0.215752 0.063206 -5.229817 2.436884 3.291856 -0.983476 20.279532 0.320977 2.873808 -18.232548 -3.043095 -0.173471 -2.193990 0.440584 
-4.484642 96.506645 77.466026 -1.342471 -3.664399 -2.987484 1.366198 3.475586 0.783527 2.846952 6.939462 1.414423 2.846953 6.939459 1.414423 -0.659710 -16.900384 -0.835819 -2.171026 3.911118 -2.143948 9.708568 12.730428 -4.417257 -28.490266 14.015824 -66.667988 -25.321637 -0.132230 0.054651 -1.502717 3.416259 12.230091 4.254933 -2.462830 15.573810 6.636616 2.589716 1.856959 -0.000007 -0.000002 0.000018 -0.510435 0.070481 -26.024317 0.877945 0.124026 -24.520031 -0.000000 0.000000 0.000006 -0.464673 -0.517133 -26.311502 -1.588697 -0.497760 -26.451216 0.000003 -0.000000 -0.000011 1.327083 -5.875211 -27.222380 -4.645703 -2.258513 -57.523614 -0.000007 0.000004 0.000007 3.017956 -3.639990 -33.690219 -9.009136 -4.040412 -66.338472 0.000009 -0.000001 0.000001 15.647400 10.075591 1.337291 5.501224 -8.039683 60.808327 67.609713 -0.052243 -0.115276 7.972516 8.618257 -3.735648 -3.726519 -5.470240 -3.438455 -7.529636 2.693720 -2.554704 0.000004 0.000003 -0.000013 -0.999748 -0.755512 30.427284 -0.634871 1.203562 42.086393 -0.000003 -0.000002 -0.000003 0.550279 -1.688824 40.159337 1.471895 -15.434173 28.606688 -0.000001 0.000001 -0.000000 0.074719 -1.003748 42.795394 4.979191 -0.103061 31.329019 -0.000005 0.000001 -0.000001 -2.000626 -1.267536 47.597246 11.336031 -3.664828 42.381846 0.000003 0.000000 -0.000001 3.246742 -26.132992 3.634429 -3.103179 10.287408 -0.874338 4.201936 -5.516306 -9.854932 -0.024491 1.219623 0.059308 -4.825798 2.289353 3.763307 -1.066403 23.412078 0.365871 2.710055 -21.178205 -3.854622 -0.170671 -2.641025 0.439215 
-4.314745 95.638786 80.511948 -1.915942 -3.395357 -3.511726 1.460691 3.439302 0.735928 3.070412 6.866503 1.341576 3.070413 6.866504 1.341577 -0.642504 -17.120380 -0.824018 -2.377329 3.612061 -1.580890 10.221592 12.764711 -4.350184 -27.759675 14.930247 -66.381768 -24.089845 -0.135906 0.052903 -2.899533 4.964328 9.895417 3.677681 -4.385021 11.380229 6.636608 2.589734 1.856937 -0.000002 -0.000001 0.000011 -0.510435 0.070473 -26.024190 0.877941 0.124034 -24.519891 0.000000 -0.000002 0.000005 -0.464664 -0.517119 -26.311371 -1.588691 -0.497764 -26.451048 0.000001 -0.000001 -0.000009 1.327108 -5.875219 -27.222233 -4.645693 -2.258491 -57.523464 -0.000006 0.000005 0.000007 3.017973 -3.639972 -33.690092 -9.009126 -4.040395 -66.338328 0.000008 -0.000001 0.000001 15.807038 10.041053 1.451671 6.185674 -6.288434 60.130916 70.749681 -0.045517 -0.119324 10.056315 7.707393 -4.784423 -3.726496 -5.470243 -3.438456 -7.529634 2.693703 -2.554694 0.000001 0.000004 -0.000009 -1.064401 -0.736703 31.371704 -0.663939 1.207415 41.935620 -0.000004 -0.000001 -0.000003 0.596499 -1.753161 41.939742 1.664532 -15.468831 28.879071 0.000000 -0.000000 0.000000 0.242024 -1.077403 44.612484 4.952660 -0.101002 31.481325 -0.000003 0.000000 0.000000 -1.762005 -1.420405 49.423303 11.534908 -3.840226 43.986056 0.000001 -0.000001 -0.000002 3.013632 -29.660749 4.395228 -3.927654 13.436384 -1.318722 5.265800 -11.634683 -11.547033 -0.023786 1.852556 0.057614 -4.107168 2.581180 4.046867 -1.052045 26.262610 0.447995 2.474529 -22.845458 -3.728586 -0.165774 -3.424817 0.436728 
-4.043305 94.796570 83.747902 -2.758216 -3.444215 -3.848284 1.599047 3.464200 0.653703 3.363402 6.916839 1.199769 3.363401 6.916838 1.199770 -0.600453 -17.366835 -0.793513 -2.429869 3.369189 -1.015263 10.709352 12.793380 -4.240001 -27.165650 15.631800 -65.959342 -22.926691 -0.142693 0.052880 -4.037300 7.074385 6.853288 3.763166 -5.423624 8.752262 6.636622 2.589747 1.856975 -0.000007 -0.000005 0.000016 -0.510424 0.070491 -26.024076 0.877928 0.124014 -24.519809 -0.000004 -0.000003 0.000002 -0.464659 -0.517118 -26.311260 -1.588678 -0.497771 -26.450949 0.000002 -0.000001 -0.000008 1.327118 -5.875203 -27.222144 -4.645693 -2.258491 -57.523382 -0.000005 0.000004 0.000009 3.017997 -3.639976 -33.689990 -9.009120 -4.040361 -66.338212 0.000007 -0.000001 0.000000 15.708243 10.060014 1.457024 6.900619 -3.973612 60.223902 73.164003 -0.039429 -0.124381 12.118807 6.898317 -5.366229 -3.726507 -5.470241 -3.438476 -7.529642 2.693713 -2.554684 0.000003 -0.000001 -0.000011 -1.105218 -0.723655 31.815414 -0.678627 1.195130 41.450468 -0.000005 -0.000003 -0.000004 0.625864 -1.801097 43.310714 1.775256 -15.472168 28.908280 0.000002 0.000001 0.000001 0.382569 -1.149133 46.153986 4.911964 -0.092681 31.467344 0.000002 -0.000000 0.000000 -1.549880 -1.568253 51.055179 11.695186 -3.992030 45.343003 -0.000002 -0.000001 0.000001 2.759221 -33.217170 4.866309 -4.839909 20.360678 -2.326019 5.984175 -15.443404 -9.607679 -0.024769 0.993492 0.059913 -3.232499 3.164490 3.938696 -0.882528 29.122325 0.604245 2.367694 -23.431925 -3.234832 -0.158694 -4.554652 0.432961 
-3.646430 94.289604 87.207146 -3.814549 -3.657263 -3.809602 1.770324 3.497187 0.514233 3.688820 6.987526 0.900314 3.688819 6.987523 0.900313 -0.520990 -17.583212 -0.773874 -2.317541 3.360649 -0.397859 11.148239 12.810608 -4.041977 -26.705420 16.105789 -65.408063 -21.867202 -0.150199 0.053449 -4.883065 9.349170 3.551533 3.853561 -5.359076 8.764458 6.636625 2.589713 1.856944 -0.000004 -0.000005 0.000014 -0.510420 0.070470 -26.023979 0.877927 0.124049 -24.519737 -0.000000 -0.000000 0.000001 -0.464638 -0.517104 -26.311171 -1.588699 -0.497764 -26.450884 0.000001 -0.000001 -0.000011 1.327132 -5.875192 -27.222023 -4.645698 -2.258490 -57.523286 -0.000005 0.000004 0.000008 3.018005 -3.639953 -33.689898 -9.009112 -4.040367 -66.338124 0.000008 -0.000001 0.000000 15.290511 10.143065 1.379786 7.648982 -1.424330 61.273839 73.796308 -0.036901 -0.129576 14.602869 6.567127 -5.679993 -3.726507 -5.470239 -3.438453 -7.529640 2.693706 -2.554682 0.000006 0.000005 -0.000009 -1.138186 -0.711602 32.073633 -0.688482 1.176108 40.802283 -0.000004 -0.000002 -0.000003 0.637639 -1.829569 44.186912 1.788729 -15.437734 28.658903 -0.000001 0.000001 -0.000001 0.488938 -1.214976 47.360870 4.857146 -0.077994 31.268838 -0.000001 -0.000000 0.000001 -1.371616 -1.705247 52.446639 11.810435 -4.110018 46.388224 -0.000001 0.000001 0.000002 3.021838 -33.580458 4.399521 -4.049337 22.553063 -2.450290 4.325226 -11.866046 -3.801772 -0.027691 -0.995366 0.065345 -1.890460 4.440560 3.417747 -0.500168 30.704299 0.849860 1.854486 -22.092237 -2.352090 -0.182730 -8.010745 0.927727 
-3.158013 93.970467 91.061546 -4.930722 -3.823237 -3.292126 1.909388 3.440796 0.253437 3.938581 6.882636 0.394392 3.938582 6.882635 0.394391 -0.417729 -17.634442 -0.749077 -2.160612 3.748096 0.375627 11.569544 12.813898 -3.706710 -26.359631 16.359807 -64.728104 -20.992404 -0.150790 0.051565 -5.392663 11.437883 0.462463 4.099551 -5.297296 8.526067 6.636620 2.589726 1.856968 -0.000006 -0.000005 0.000016 -0.510423 0.070480 -26.023914 0.877933 0.124038 -24.519664 -0.000005 -0.000003 0.000004 -0.464648 -0.517093 -26.311125 -1.588669 -0.497768 -26.450825 0.000002 -0.000003 -0.000007 1.327131 -5.875198 -27.221996 -4.645680 -2.258467 -57.523238 -0.000004 0.000005 0.000007 3.018015 -3.639950 -33.689823 -9.009116 -4.040349 -66.338062 0.000010 -0.000002 0.000000 14.551790 10.287052 1.324617 8.424776 1.041505 62.905428 73.461492 -0.037494 -0.132442 16.862982 6.497782 -5.808392 -3.726517 -5.470232 -3.438452 -7.529630 2.693697 -2.554675 0.000001 -0.000001 -0.000018 -1.164221 -0.700804 32.163791 -0.693691 1.151014 40.008499 -0.000000 -0.000002 -0.000004 0.635482 -1.841285 44.666681 1.718690 -15.368117 28.154989 0.000000 -0.000001 0.000000 0.553908 -1.270821 48.174154 4.788369 -0.057116 30.867660 -0.000001 -0.000001 0.000000 -1.234513 -1.825193 53.551542 11.874251 -4.184116 47.057292 -0.000001 -0.000001 0.000002 3.390044 -32.802725 3.235586 -3.264812 25.302058 -2.540647 3.436195 -7.263751 2.020270 -0.030241 -2.635336 0.069911 0.165500 5.835217 2.647163 -0.003994 32.156520 1.176855 0.309332 -20.038858 -1.342040 -0.159395 -14.103261 0.843195 
-2.666319 93.807892 95.159752 -5.728206 -3.870261 -2.363260 1.933081 3.271280 -0.131173 3.963901 6.553400 -0.310176 3.963900 6.553397 -0.310175 -0.327227 -17.482335 -0.691734 -2.147973 4.499584 1.337435 11.955818 12.803096 -3.262481 -26.125165 16.381775 -63.921165 -20.339526 -0.143153 0.046910 -5.412678 13.329980 -2.550636 4.805885 -4.870230 8.435583 6.636624 2.589734 1.856949 -0.000004 -0.000001 0.000015 -0.510425 0.070478 -26.023892 0.877932 0.124023 -24.519630 -0.000005 -0.000001 0.000003 -0.464644 -0.517098 -26.311091 -1.588686 -0.497751 -26.450777 0.000001 -0.000004 -0.000012 1.327138 -5.875180 -27.221978 -4.645695 -2.258479 -57.523184 -0.000005 0.000005 0.000005 3.018019 -3.639937 -33.689809 -9.009116 -4.040356 -66.338035 0.000008 -0.000002 0.000000 13.544956 10.482185 1.288892 9.214694 3.105261 64.826835 72.160033 -0.041008 -0.131893 18.158326 6.331590 -5.734101 -3.726495 -5.470236 -3.438457 -7.529652 2.693712 -2.554695 -0.000001 0.000005 -0.000009 -1.184139 -0.691496 32.103412 -0.694448 1.120461 39.086550 -0.000003 -0.000002 -0.000004 0.624490 -1.841883 44.921119 1.592754 -15.273324 27.459541 0.000000 0.000000 -0.000000 0.580416 -1.315658 48.640267 4.701489 -0.028771 30.242882 0.000001 -0.000000 -0.000002 -1.145617 -1.921980 54.323787 11.879944 -4.204979 47.285656 0.000000 -0.000002 -0.000000 4.852575 -31.770468 1.704303 -2.834284 27.212374 -2.506059 3.104051 -1.755145 2.585475 -0.030262 -2.650223 0.069952 2.351712 7.000559 1.763563 0.430361 33.976656 1.503659 -2.102150 -17.084320 -0.494980 -0.144161 -20.335191 1.315166 
-2.169003 94.001480 99.212013 -6.154327 -3.997285 -1.105983 1.816886 3.100864 -0.590004 3.708067 6.222780 -1.155414 3.708067 6.222778 -1.155414 -0.261033 -17.300403 -0.630606 -2.320569 5.367569 2.422734 12.214166 12.787034 -2.882334 -25.825401 14.841082 -62.248234 -19.871399 -0.132950 0.041627 -5.000137 15.206308 -5.552924 5.618187 -4.447806 8.156575 6.636617 2.589713 1.856953 -0.000007 -0.000006 0.000012 -0.510426 0.070460 -26.023892 0.877933 0.124047 -24.519614 -0.000006 -0.000003 0.000003 -0.464633 -0.517111 -26.311058 -1.588674 -0.497760 -26.450777 0.000001 -0.000003 -0.000009 1.327142 -5.875213 -27.221953 -4.645688 -2.258474 -57.523184 -0.000007 0.000005 0.000006 3.018025 -3.639970 -33.689802 -9.009120 -4.040339 -66.338028 0.000008 -0.000003 -0.000001 12.415386 10.701674 1.116639 10.001440 4.443006 66.731440 69.732755 -0.047002 -0.130604 18.365120 6.132717 -5.591077 -3.726502 -5.470244 -3.438442 -7.529640 2.693717 -2.554684 0.000001 0.000006 -0.000010 -1.198919 -0.683769 31.909916 -0.690964 1.085191 38.053880 -0.000005 -0.000004 -0.000003 0.605410 -1.832756 44.974108 1.415865 -15.161408 26.595261 0.000001 -0.000001 -0.000001 0.577868 -1.351055 48.863419 4.594137 0.006840 29.404357 -0.000000 0.000000 0.000001 -1.105402 -1.993446 54.772643 11.827023 -4.172083 47.081426 -0.000002 0.000001 -0.000002 7.581475 -29.662630 -0.625053 -2.392839 28.130906 -2.344871 1.385479 0.148287 3.295755 -0.028271 -1.376675 0.066405 3.158675 7.914119 0.364343 0.925507 35.871190 1.888771 -4.196189 -11.375146 -0.057307 -0.367044 -29.113927 2.349384 
-1.667739 94.446121 102.950409 -6.523934 -4.309646 0.124705 1.618129 3.055871 -1.036409 3.281133 6.140655 -1.999651 3.281133 6.140659 -1.999651 -0.179132 -17.296817 -0.664279 -2.473010 5.990995 3.530603 12.278354 12.782144 -2.781538 -25.654361 12.448006 -60.165805 -19.555841 -0.126644 0.038267 -4.460973 17.053869 -8.007877 6.299889 -4.082265 7.942679 6.636615 2.589716 1.856962 -0.000009 -0.000000 0.000018 -0.510428 0.070481 -26.023927 0.877940 0.124039 -24.519640 -0.000006 -0.000004 0.000007 -0.464621 -0.517112 -26.311084 -1.588684 -0.497755 -26.450790 0.000003 -0.000001 -0.000011 1.327131 -5.875210 -27.221982 -4.645683 -2.258482 -57.523211 -0.000008 0.000004 0.000007 3.018027 -3.639964 -33.689802 -9.009128 -4.040349 -66.338048 0.000003 -0.000001 -0.000000 11.407739 10.893655 0.689887 10.766787 5.048745 68.368384 66.935225 -0.053910 -0.131651 17.996077 5.900921 -5.370510 -3.726488 -5.470237 -3.438438 -7.529643 2.693710 -2.554698 0.000003 0.000001 -0.000008 -1.209393 -0.677664 31.600789 -0.683492 1.045907 36.927910 -0.000006 -0.000000 -0.000006 0.578978 -1.815335 44.849385 1.193090 -15.040777 25.584818 0.000002 -0.000001 0.000000 0.549478 -1.377815 48.871100 4.468758 0.047474 28.380011 -0.000001 -0.000001 0.000000 -1.106506 -2.042435 54.959565 11.723524 -4.095324 46.525855 -0.000001 -0.000001 -0.000000 9.727400 -26.750882 -2.648272 -1.839908 28.493862 -2.078749 -0.413639 -0.281405 3.985877 -0.026402 -0.134612 0.062987 2.231114 7.589275 -1.598340 1.707152 38.686922 2.533669 -4.775816 -1.229369 -0.630620 -1.370853 -42.774719 4.201507 
-1.141336 94.870544 106.254478 -6.698191 -4.804080 1.019892 1.442450 3.168290 -1.381953 2.900608 6.370131 -2.677117 2.900608 6.370128 -2.677116 -0.033326 -17.467516 -0.858681 -2.318007 6.079945 4.480775 12.154550 12.794353 -3.010675 -26.204050 10.104508 -58.281185 -19.395212 -0.125473 0.037485 -4.125174 18.871968 -9.455935 6.428182 -3.916158 8.174600 6.636608 2.589692 1.856956 -0.000009 -0.000000 0.000015 -0.510427 0.070471 -26.023950 0.877938 0.124058 -24.519725 -0.000001 -0.000003 0.000004 -0.464640 -0.517109 -26.311151 -1.588680 -0.497755 -26.450838 -0.000003 -0.000002 -0.000009 1.327120 -5.875193 -27.222033 -4.645685 -2.258483 -57.523266 -0.000009 0.000004 0.000007 3.018006 -3.639963 -33.689874 -9.009117 -4.040353 -66.338117 0.000007 -0.000000 -0.000001 10.721802 11.016721 0.070887 11.500484 5.204110 69.560293 63.802320 -0.062530 -0.135823 17.529908 5.635803 -5.069405 -3.726514 -5.470235 -3.438459 -7.529637 2.693714 -2.554709 0.000001 -0.000001 -0.000013 -1.216440 -0.673147 31.193412 -0.672282 1.003382 35.726148 -0.000001 -0.000002 -0.000003 0.545827 -1.791057 44.570813 0.929891 -14.919759 24.450810 -0.000000 -0.000001 0.000002 0.498645 -1.397217 48.690882 4.327906 0.091018 27.197789 0.000000 0.000002 0.000001 -1.143862 -2.071253 54.916510 11.574837 -3.982631 45.663773 -0.000002 0.000004 -0.000003 10.357315 -23.738165 -3.837144 -1.375862 28.688663 -1.844803 -1.071634 -1.385438 4.412761 -0.025752 0.309315 0.061772 1.323519 4.657179 -3.585781 2.280223 45.399291 3.326936 -4.658263 8.301071 -0.828265 -2.843229 -49.402809 6.428021 
-0.597268 95.109802 109.208115 -6.672802 -5.492513 1.492375 1.319765 3.364582 -1.589890 2.626644 6.764172 -3.092465 2.626644 6.764170 -3.092467 0.165010 -17.592206 -1.130340 -1.769687 5.650102 5.033966 11.852063 12.808784 -3.411385 -27.653592 7.921545 -56.594162 -19.461197 -0.125982 0.038026 -4.116455 20.897642 -9.716451 6.289280 -3.883300 8.516554 6.636604 2.589701 1.856940 -0.000006 -0.000004 0.000012 -0.510424 0.070477 -26.024061 0.877936 0.124049 -24.519773 -0.000002 -0.000000 0.000003 -0.464655 -0.517110 -26.311263 -1.588686 -0.497769 -26.450951 -0.000003 -0.000003 -0.000009 1.327131 -5.875199 -27.222122 -4.645694 -2.258476 -57.523355 -0.000006 0.000004 0.000007 3.018009 -3.639967 -33.689963 -9.009127 -4.040369 -66.338205 0.000009 -0.000000 -0.000001 10.351872 11.076566 -0.508471 12.187399 5.025212 70.335307 60.389261 -0.072952 -0.140304 16.965075 5.364284 -4.721103 -3.726512 -5.470242 -3.438444 -7.529642 2.693720 -2.554707 -0.000001 0.000002 -0.000009 -1.220947 -0.670244 30.705334 -0.657672 0.958342 34.465944 0.000003 -0.000001 -0.000004 0.506618 -1.761378 44.162268 0.632224 -14.806192 23.215950 0.000002 -0.000004 0.000002 0.428887 -1.410700 48.350216 4.174203 0.135346 25.885572 -0.000000 0.000002 -0.000001 -1.212247 -2.082929 54.675395 11.386155 -3.842331 44.540022 -0.000001 -0.000002 0.000002 10.600261 -21.095700 -4.384629 -1.079013 29.309520 -1.717651 -1.112564 -2.799048 4.738409 -0.025890 0.215274 0.062029 1.914713 0.201025 -4.842087 3.155418 53.635696 4.519027 -4.433300 15.863920 -0.665011 -4.458597 -47.289426 8.586577 
-0.065510 95.237221 111.961067 -6.563595 -6.322751 1.651628 1.197706 3.552922 -1.689714 2.342858 7.137805 -3.254886 2.342859 7.137808 -3.254885 0.338917 -17.461505 -1.291149 -1.055232 5.099128 5.107318 11.310819 12.802524 -3.790377 -29.609171 5.591708 -54.749106 -19.874488 -0.125873 0.039263 -4.266420 23.072215 -9.099607 6.167863 -4.142586 8.013463 6.636615 2.589707 1.856966 -0.000004 -0.000001 0.000014 -0.510427 0.070479 -26.024190 0.877930 0.124035 -24.519887 -0.000004 0.000000 0.000008 -0.464651 -0.517126 -26.311359 -1.588718 -0.497774 -26.451062 0.000004 -0.000003 -0.000007 1.327116 -5.875217 -27.222235 -4.645699 -2.258487 -57.523464 -0.000010 0.000004 0.000006 3.017997 -3.639990 -33.690065 -9.009136 -4.040394 -66.338301 0.000002 -0.000001 -0.000000 10.075035 11.120650 -0.847891 12.815446 4.625034 70.892705 56.744167 -0.084654 -0.142799 16.305422 5.105569 -4.351483 -3.726513 -5.470246 -3.438454 -7.529627 2.693716 -2.554678 0.000001 0.000001 -0.000012 -1.223703 -0.668867 30.153957 -0.640130 0.911466 33.164786 0.000000 -0.000003 -0.000004 0.461954 -1.727762 43.647508 0.306534 -14.706927 21.903054 0.000001 -0.000001 0.000001 0.343686 -1.419880 47.876570 4.010345 0.178622 24.471321 0.000001 0.000000 0.000001 -1.306394 -2.080753 54.268076 11.162816 -3.682871 43.199423 0.000000 0.000000 -0.000002 10.966043 -18.716313 -4.545561 -0.894149 30.385500 -1.670487 -1.166405 -4.951037 5.083386 -0.026389 -0.126382 0.062962 3.297559 -4.548276 -5.542428 4.409538 61.302327 6.087524 -3.559558 18.007852 -0.059635 -1.392085 -23.155711 4.187681 
0.414595 95.681633 114.753487 -6.404472 -7.057280 1.550210 1.020775 3.674532 -1.707595 1.935019 7.373194 -3.201026 1.935022 7.373198 -3.201025 0.420839 -17.065018 -1.232296 -0.505331 4.910735 4.878341 10.435204 12.764082 -4.116500 -32.447965 3.373132 -52.849890 -20.656787 -0.122209 0.040083 -4.446371 24.942563 -7.929632 6.232501 -4.540549 6.811829 6.636616 2.589730 1.856955 -0.000006 -0.000005 0.000012 -0.510433 0.070482 -26.024325 0.877934 0.124029 -24.520043 -0.000001 0.000002 0.000005 -0.464676 -0.517124 -26.311495 -1.588714 -0.497786 -26.451197 0.000004 -0.000001 -0.000010 1.327099 -5.875224 -27.222385 -4.645709 -2.258490 -57.523614 -0.000007 0.000005 0.000008 3.017967 -3.639993 -33.690226 -9.009124 -4.040385 -66.338445 0.000005 -0.000001 -0.000000 9.625465 11.197100 -1.000732 13.422488 4.119618 71.283631 52.927033 -0.095953 -0.140092 15.552264 4.847003 -3.955430 -3.726512 -5.470230 -3.438455 -7.529648 2.693690 -2.554682 0.000003 0.000005 -0.000009 -1.225559 -0.668982 29.556742 -0.620160 0.863479 31.840095 0.000001 0.000001 -0.000006 0.412488 -1.691575 43.050399 -0.040062 -14.627639 20.534984 -0.000000 0.000002 0.000000 0.246542 -1.426210 47.297376 3.839046 0.219173 22.983004 0.000001 0.000002 -0.000002 -1.421066 -2.068126 53.726299 10.910459 -3.512385 41.686827 0.000000 -0.000002 0.000000 10.917584 -15.641852 -4.448269 -0.646582 29.853613 -1.511034 -1.364734 -6.782664 5.331745 -0.026392 -0.126380 0.062964 4.649180 -9.938761 -5.694004 5.748549 67.065259 7.682625 -2.264747 15.744833 0.427254 -0.521489 -13.265086 2.788682 
0.797334 96.215141 117.588272 -5.781801 -7.535508 1.186059 0.761601 3.739960 -1.652682 1.379998 7.494292 -2.992075 1.379996 7.494295 -2.992077 0.414114 -16.551387 -0.999147 -0.237779 5.176863 4.579311 9.223390 12.700557 -4.533165 -35.077874 1.551174 -50.948020 -21.750920 -0.116589 0.041014 -4.537723 26.059248 -6.496753 6.355515 -4.864972 5.712629 6.636609 2.589721 1.856947 -0.000004 -0.000004 0.000011 -0.510427 0.070482 -26.024505 0.877931 0.124031 -24.520241 -0.000003 -0.000003 0.000002 -0.464682 -0.517119 -26.311680 -1.588726 -0.497784 -26.451390 0.000001 -0.000003 -0.000012 1.327092 -5.875228 -27.222557 -4.645718 -2.258511 -57.523799 -0.000009 0.000006 0.000009 3.017953 -3.639998 -33.690390 -9.009136 -4.040415 -66.338643 0.000006 0.000000 0.000001 8.932757 11.315773 -1.134164 14.050360 3.610206 71.567993 48.501464 -0.107815 -0.133432 14.721786 4.579124 -3.526716 -3.726509 -5.470246 -3.438451 -7.529648 2.693715 -2.554693 -0.000001 0.000000 -0.000011 -1.227273 -0.670607 28.931131 -0.598416 0.815005 30.509253 -0.000001 -0.000001 -0.000004 0.358975 -1.654242 42.394772 -0.400023 -14.572603 19.134744 0.000002 0.000001 0.000003 0.140894 -1.431226 46.640210 3.663024 0.255644 21.448599 0.000002 0.000000 -0.000001 -1.551066 -2.048385 53.081939 10.635154 -3.338455 40.047158 0.000000 0.000003 -0.000001 10.598357 -12.489418 -4.136417 -0.438085 28.548526 -1.346003 -2.067509 -8.172737 5.587944 -0.026391 -0.126391 0.062962 5.063930 -14.249040 -5.460069 6.228782 69.409325 8.279520 -0.828668 11.874131 0.622228 -0.331304 -10.913842 1.987195 
1.088188 96.674339 120.383347 -4.458371 -7.876034 0.588136 0.413498 3.797557 -1.498906 0.694611 7.601277 -2.698046 0.694610 7.601275 -2.698044 0.370628 -16.039393 -0.702826 -0.118558 5.607324 4.296282 7.578287 12.226940 -4.872419 -37.682423 0.046431 -49.078652 -23.093988 -0.110662 0.042566 -4.451860 25.945083 -4.494969 6.412739 -4.721700 5.987011 6.636622 2.589725 1.856957 -0.000009 -0.000000 0.000016 -0.510419 0.070486 -26.024711 0.877957 0.124047 -24.520441 -0.000002 -0.000004 0.000004 -0.464705 -0.517131 -26.311898 -1.588737 -0.497794 -26.451612 0.000003 -0.000004 -0.000010 1.327066 -5.875233 -27.222790 -4.645721 -2.258538 -57.524017 -0.000009 0.000006 0.000006 3.017931 -3.640002 -33.690622 -9.009154 -4.040440 -66.338841 0.000006 -0.000001 0.000001 7.616878 11.240852 -1.608401 14.680201 2.784622 71.673102 43.412641 -0.121148 -0.125272 13.832638 4.293088 -3.058560 -3.726503 -5.470229 -3.438468 -7.529628 2.693713 -2.554693 0.000004 0.000005 -0.000012 -1.229596 -0.673676 28.294579 -0.575596 0.766630 29.189732 -0.000000 0.000001 -0.000003 0.302228 -1.617036 41.704428 -0.765558 -14.544318 17.725558 0.000000 0.000001 -0.000002 0.029976 -1.436058 45.932496 3.485116 0.286884 19.896114 -0.000001 0.000002 -0.000003 -1.691350 -2.024585 52.366825 10.343353 -3.167792 38.325445 0.000003 0.000005 -0.000003 10.617985 -9.574413 -3.521830 -0.327421 27.259437 -1.235044 -3.786348 -9.412137 5.984255 -0.026388 -0.126381 0.062962 4.589070 -17.418106 -4.883009 5.435370 68.676282 7.479428 0.244512 8.701685 1.030794 -0.265957 -12.168304 0.962293 
1.327988 97.102272 123.103943 -2.780221 -8.246232 -0.142986 0.016806 3.879003 -1.276489 -0.074543 7.757198 -2.345145 -0.074541 7.757204 -2.345144 0.332587 -15.570844 -0.429392 0.010901 5.892450 3.996036 5.952964 11.739691 -5.210064 -40.241579 -1.061682 -47.385465 -24.625154 -0.105642 0.045198 -4.266925 24.725510 -1.805905 6.447746 -4.302238 7.062981 6.636608 2.589712 1.856956 -0.000009 -0.000000 0.000014 -0.510409 0.070490 -26.024979 0.877929 0.124035 -24.520709 -0.000003 -0.000003 0.000007 -0.464722 -0.517140 -26.312167 -1.588741 -0.497794 -26.451851 0.000003 0.000000 -0.000009 1.327061 -5.875250 -27.223037 -4.645746 -2.258549 -57.524277 -0.000007 0.000003 0.000008 3.017898 -3.640026 -33.690875 -9.009177 -4.040472 -66.339080 0.000006 -0.000001 0.000001 6.369975 11.147086 -2.088291 15.303134 1.848179 71.678409 38.273115 -0.134708 -0.116246 12.898324 3.977456 -2.544674 -3.726490 -5.470244 -3.438461 -7.529636 2.693726 -2.554694 -0.000004 -0.000001 -0.000013 -1.233264 -0.678196 27.664542 -0.552572 0.718860 27.898982 0.000000 -0.000001 -0.000006 0.243101 -1.581260 41.003207 -1.128507 -14.543699 16.330808 -0.000001 0.000002 0.000001 -0.083065 -1.441633 45.201799 3.308126 0.312095 18.353528 0.000001 0.000003 0.000000 -1.837040 -1.999444 51.612905 10.042094 -3.006149 36.566883 0.000002 0.000000 0.000000 11.047174 -6.586758 -2.592318 -0.259927 25.723058 -1.132482 -6.245151 -10.403866 6.429873 -0.026390 -0.126392 0.062964 3.641744 -19.226991 -4.067974 3.940642 65.133545 5.876832 0.522662 5.973504 1.745368 -0.165573 -14.855890 0.056729 
1.540712 97.516457 125.756119 -1.165047 -8.583076 -0.894754 -0.368536 3.967514 -1.012045 -0.819260 7.928844 -1.944780 -0.819261 7.928846 -1.944780 0.311366 -15.175239 -0.228773 0.173420 5.954285 3.669549 4.489299 11.247623 -5.368101 -41.812482 -1.441199 -46.343397 -26.303651 -0.101819 0.048717 -4.127180 22.884332 0.995658 6.409888 -3.907154 8.232846 6.636610 2.589708 1.856961 -0.000006 -0.000002 0.000015 -0.510396 0.070472 -26.025261 0.877953 0.124058 -24.520989 -0.000003 -0.000003 0.000004 -0.464752 -0.517156 -26.312431 -1.588768 -0.497815 -26.452139 0.000004 -0.000001 -0.000006 1.327020 -5.875266 -27.223319 -4.645747 -2.258578 -57.524550 -0.000004 0.000004 0.000005 3.017859 -3.640067 -33.691127 -9.009176 -4.040504 -66.339394 0.000008 -0.000000 -0.000003 5.256714 11.025401 -2.543459 15.910079 1.201585 71.736930 33.707250 -0.144929 -0.102332 11.926560 3.613283 -1.983571 -3.726505 -5.470230 -3.438431 -7.529625 2.693710 -2.554701 0.000003 0.000005 -0.000011 -1.238978 -0.684168 27.058494 -0.530312 0.672184 26.654344 0.000000 0.000001 -0.000010 0.182571 -1.548036 40.314956 -1.480824 -14.569886 14.973863 0.000001 -0.000003 -0.000003 -0.195314 -1.448658 44.475695 3.134726 0.330723 16.848953 0.000001 0.000000 -0.000001 -1.983466 -1.975282 50.852131 9.738679 -2.858149 34.816760 0.000001 0.000003 -0.000001 11.535503 -3.495796 -1.506018 -0.197207 23.737044 -1.011673 -8.625008 -11.118432 6.732263 -0.026475 -0.186328 0.063127 2.595242 -19.811630 -3.147808 2.514207 59.221203 4.272554 -0.157630 3.106709 1.944664 -0.192876 -14.280931 0.174450 
1.716600 97.821777 128.371582 0.058420 -8.690292 -1.470928 -0.674449 4.022032 -0.762573 -1.411932 8.034800 -1.554893 -1.411934 8.034801 -1.554895 0.300027 -14.888609 -0.106212 0.326754 5.940338 3.345510 3.192197 10.759010 -5.341464 -42.487298 -1.286062 -45.907877 -28.098860 -0.098380 0.052337 -4.030152 20.780104 3.774739 6.220821 -3.740342 9.039100 6.636613 2.589721 1.856964 -0.000012 -0.000003 0.000016 -0.510400 0.070491 -26.025585 0.877949 0.124046 -24.521323 -0.000003 -0.000003 0.000003 -0.464768 -0.517168 -26.312761 -1.588800 -0.497829 -26.452479 0.000002 -0.000002 -0.000009 1.326999 -5.875285 -27.223640 -4.645761 -2.258607 -57.524885 -0.000005 0.000004 0.000008 3.017826 -3.640082 -33.691482 -9.009193 -4.040528 -66.339715 0.000007 0.000001 -0.000000 4.267719 10.880641 -2.943597 16.476009 1.223021 71.996095 30.333806 -0.149961 -0.089081 10.920414 3.193439 -1.361242 -3.726500 -5.470262 -3.438451 -7.529637 2.693717 -2.554711 -0.000001 0.000008 -0.000012 -1.247416 -0.691626 26.493824 -0.509796 0.626977 25.473312 0.000000 0.000003 -0.000005 0.121690 -1.518533 39.663506 -1.814557 -14.620373 13.678285 0.000000 -0.000001 -0.000001 -0.304001 -1.457536 43.781646 2.967696 0.342554 15.410345 -0.000001 -0.000002 -0.000006 -2.126115 -1.954020 50.116458 9.440742 -2.727298 33.120479 0.000002 -0.000000 0.000000 11.900710 -0.634947 -0.566688 -0.121231 21.667413 -0.885476 -10.408859 -11.798896 6.839395 -0.026718 -0.348661 0.063571 1.817946 -19.652990 -2.340611 1.477462 51.636237 3.020815 -1.851451 0.708011 1.301334 -0.318891 -10.196588 1.426951 
1.846947 97.954765 130.984909 0.815345 -8.514214 -1.736919 -0.872702 4.022138 -0.578068 -1.799216 8.033982 -1.253262 -1.799216 8.033978 -1.253263 0.290225 -14.708843 -0.020865 0.469751 6.040779 3.036011 2.027034 10.277768 -5.232920 -43.007058 -1.000869 -45.675463 -29.974415 -0.094220 0.055193 -3.884457 18.455137 6.722386 5.736874 -3.764824 9.799927 6.636629 2.589715 1.856957 -0.000006 -0.000003 0.000013 -0.510383 0.070484 -26.025982 0.877953 0.124053 -24.521663 -0.000004 -0.000002 0.000004 -0.464772 -0.517180 -26.313121 -1.588843 -0.497832 -26.452838 0.000003 -0.000001 -0.000012 1.326963 -5.875291 -27.223992 -4.645798 -2.258628 -57.525260 -0.000004 0.000005 0.000005 3.017794 -3.640107 -33.691821 -9.009196 -4.040573 -66.340084 0.000009 -0.000000 0.000000 3.365582 10.723462 -3.233320 16.979939 1.969413 72.484317 28.064851 -0.150412 -0.078720 9.886262 2.710924 -0.665984 -3.726505 -5.470239 -3.438436 -7.529646 2.693703 -2.554693 -0.000001 0.000005 -0.000014 -1.259261 -0.700484 25.988042 -0.492162 0.583596 24.373223 0.000000 -0.000003 -0.000004 0.061530 -1.493674 39.072633 -2.122110 -14.691134 12.467669 -0.000001 0.000001 0.000002 -0.406608 -1.468351 43.147299 2.809607 0.347536 14.065774 0.000003 0.000000 0.000006 -2.260806 -1.937063 49.437982 9.156116 -2.615964 31.523577 0.000001 -0.000001 0.000002 12.202319 1.868425 0.048728 -0.010061 19.796516 -0.759913 -11.656071 -12.612637 6.825256 -0.026949 -0.504203 0.063999 1.540707 -19.159543 -1.845422 0.820995 43.095519 2.131321 -4.415126 -0.664318 0.990349 -0.163665 -4.868981 0.804609 
1.945653 97.928688 133.609833 1.260841 -8.144948 -1.702654 -0.984203 3.980422 -0.477437 -2.024245 7.950671 -1.071397 -2.024245 7.950671 -1.071398 0.279011 -14.600988 0.062972 0.603643 6.256841 2.765168 0.988922 9.806581 -5.143455 -43.396444 -0.619584 -45.622713 -32.509119 -0.089028 0.058414 -3.712531 15.953005 9.758401 5.215252 -3.940063 10.180142 6.636609 2.589739 1.856941 -0.000011 -0.000001 0.000010 -0.510370 0.070497 -26.026361 0.877952 0.124055 -24.522105 -0.000004 -0.000002 0.000004 -0.464809 -0.517180 -26.313526 -1.588860 -0.497863 -26.453249 0.000003 -0.000002 -0.000010 1.326935 -5.875313 -27.224386 -4.645801 -2.258647 -57.525656 -0.000009 0.000008 0.000011 3.017748 -3.640128 -33.692227 -9.009233 -4.040622 -66.340480 0.000004 -0.000000 -0.000001 2.505305 10.563577 -3.404419 17.407968 3.022350 73.064480 26.552702 -0.147599 -0.070667 8.837909 2.155427 0.110574 -3.726507 -5.470241 -3.438429 -7.529628 2.693713 -2.554687 0.000004 0.000005 -0.000013 -1.275182 -0.710779 25.558554 -0.478596 0.542318 23.371615 0.000003 0.000001 -0.000006 0.003249 -1.474415 38.566212 -2.396215 -14.777019 11.365747 0.000000 -0.000001 0.000001 -0.500760 -1.481045 42.600262 2.663063 0.345911 12.843310 0.000000 -0.000002 0.000000 -2.383470 -1.925629 48.848762 8.892575 -2.525512 30.071670 0.000000 -0.000001 -0.000001 12.521482 4.169766 0.358104 0.148925 18.046610 -0.625915 -12.648918 -13.517101 6.752965 -0.027172 -0.654409 0.064411 1.755574 -18.641063 -1.724128 0.444756 34.382909 1.514876 -7.263003 -1.687021 2.173313 -0.162775 -4.482701 0.433757 
2.041020 97.802391 136.260757 1.580866 -7.650513 -1.420493 -1.051965 3.918251 -0.451476 -2.168092 7.826727 -0.998508 -2.168092 7.826731 -0.998508 0.259158 -14.549782 0.139721 0.673753 6.380143 2.520426 0.086669 9.346476 -5.122033 -43.682079 -0.173904 -45.722929 -35.186061 -0.083439 0.060315 -3.538002 13.321163 12.806943 4.820022 -4.142684 10.274025 6.636594 2.589739 1.856948 -0.000011 -0.000000 0.000018 -0.510386 0.070503 -26.026829 0.877954 0.124060 -24.522561 -0.000004 -0.000003 0.000004 -0.464854 -0.517205 -26.314002 -1.588915 -0.497869 -26.453688 -0.000001 -0.000003 -0.000011 1.326905 -5.875336 -27.224840 -4.645827 -2.258689 -57.526100 -0.000009 0.000006 0.000008 3.017694 -3.640152 -33.692698 -9.009248 -4.040680 -66.340917 0.000006 -0.000000 -0.000001 1.651059 10.400577 -3.578302 17.750424 4.301247 73.711620 25.609697 -0.143048 -0.064527 7.790660 1.515505 0.977037 -3.726507 -5.470233 -3.438466 -7.529640 2.693704 -2.554695 0.000004 0.000005 -0.000013 -1.295864 -0.722377 25.222828 -0.470333 0.503417 22.485804 0.000003 -0.000003 -0.000007 -0.052026 -1.461563 38.168040 -2.630084 -14.871917 10.396187 0.000000 0.000001 0.000002 -0.584228 -1.495372 42.168133 2.530458 0.338038 11.771010 -0.000001 0.000002 -0.000003 -2.490268 -1.920548 48.380962 8.657859 -2.456497 28.810489 0.000001 -0.000001 -0.000001 12.628232 6.575354 0.343589 0.363698 15.960808 -0.466173 -13.342999 -14.291926 6.585209 -0.027473 -0.851795 0.064955 2.544359 -18.496588 -1.976748 0.261281 26.412017 1.092176 -10.013713 -3.151021 4.159600 -0.168294 -3.865117 0.436075 
2.137882 97.546654 138.989517 1.879773 -7.041102 -0.905527 -1.106422 3.836192 -0.482529 -2.288407 7.662858 -1.014792 -2.288409 7.662859 -1.014792 0.218125 -14.545463 0.182053 0.615483 6.253145 2.214854 -0.668459 8.898250 -5.184247 -43.885379 0.308491 -45.948650 -37.867849 -0.077628 0.060128 -3.381785 10.614887 15.792461 4.458103 -4.332137 10.349444 6.636605 2.589730 1.856950 -0.000011 -0.000001 0.000016 -0.510374 0.070510 -26.027305 0.877973 0.124064 -24.523031 -0.000003 -0.000002 0.000004 -0.464889 -0.517229 -26.314461 -1.588927 -0.497889 -26.454178 0.000002 -0.000002 -0.000010 1.326862 -5.875358 -27.225317 -4.645849 -2.258731 -57.526592 -0.000006 0.000003 0.000004 3.017646 -3.640198 -33.693163 -9.009283 -4.040722 -66.341388 0.000006 -0.000000 -0.000003 0.775789 10.227203 -3.928774 17.994745 5.730241 74.395520 25.053561 -0.137291 -0.059460 6.686319 0.686402 2.185982 -3.726514 -5.470250 -3.438447 -7.529643 2.693726 -2.554682 0.000003 0.000003 -0.000010 -1.322049 -0.735258 24.998316 -0.468692 0.467210 21.733256 0.000003 -0.000003 -0.000005 -0.103179 -1.455906 37.902031 -2.817431 -14.969217 9.582774 -0.000001 0.000000 0.000001 -0.654846 -1.510954 41.878526 2.414176 0.324428 10.876884 -0.000002 -0.000002 0.000000 -2.577433 -1.922543 48.066756 8.459605 -2.408952 27.785746 0.000001 0.000000 0.000002 12.456173 9.098029 0.007148 0.627116 13.605847 -0.295136 -13.822462 -14.994639 6.358831 -0.027888 -1.126786 0.065714 3.845267 -19.528274 -2.726888 0.232816 20.733705 0.837006 -12.923988 -5.668868 6.207573 -0.167698 -4.314350 0.434913 
2.187601 97.122147 141.843552 2.238838 -6.367111 -0.204400 -1.159781 3.730897 -0.550114 -2.409310 7.451952 -1.098871 -2.409309 7.451952 -1.098871 0.147344 -14.573204 0.213683 0.408921 5.916303 1.828780 -1.239606 8.466833 -5.243179 -44.026009 0.799317 -46.273299 -40.416729 -0.072022 0.058082 -3.265014 7.897534 18.643083 4.122936 -4.541153 10.335597 6.636603 2.589722 1.856950 -0.000006 0.000001 0.000015 -0.510380 0.070507 -26.027845 0.877996 0.124067 -24.523562 -0.000002 -0.000004 0.000005 -0.464932 -0.517238 -26.315022 -1.588978 -0.497915 -26.454711 0.000001 -0.000002 -0.000010 1.326812 -5.875393 -27.225860 -4.645861 -2.258761 -57.527111 -0.000006 0.000002 0.000006 3.017595 -3.640225 -33.693672 -9.009304 -4.040781 -66.341935 0.000004 -0.000003 -0.000001 -0.127240 10.046160 -4.402187 18.126012 7.234983 75.081196 24.701908 -0.130868 -0.054897 5.472926 -0.341805 3.722444 -3.726502 -5.470235 -3.438446 -7.529638 2.693718 -2.554702 0.000004 0.000003 -0.000012 -1.354475 -0.749139 24.902463 -0.474940 0.433934 21.131338 0.000001 -0.000003 -0.000006 -0.149112 -1.458076 37.791901 -2.952319 -15.062285 8.949260 0.000001 0.000000 0.000001 -0.710456 -1.527350 41.759066 2.316430 0.305713 10.189043 -0.000001 -0.000001 -0.000001 -2.641170 -1.932204 47.938205 8.305211 -2.382628 27.043150 -0.000000 0.000000 -0.000002 12.010562 11.679407 -0.542312 0.909031 11.226307 -0.132836 -14.192028 -15.772676 6.094297 -0.028445 -1.491103 0.066721 6.319411 -22.138948 -4.161010 0.404880 18.319674 0.775211 -17.462446 -9.251833 9.044576 -0.162931 -5.569846 0.431071 
2.107581 96.487671 144.855194 2.728832 -5.813633 0.539216 -1.216318 3.637422 -0.631614 -2.541969 7.263916 -1.224903 -2.541970 7.263910 -1.224903 0.052296 -14.672107 0.302311 0.084018 5.435910 1.494150 -1.579828 8.061206 -5.130118 -44.106524 1.180313 -46.577703 -42.687337 -0.067504 0.056335 -3.212065 5.241527 21.292324 3.850719 -4.681025 10.400058 6.636610 2.589724 1.856951 -0.000004 -0.000001 0.000010 -0.510361 0.070500 -26.028425 0.877986 0.124074 -24.524131 -0.000004 -0.000001 0.000005 -0.464976 -0.517273 -26.315587 -1.589017 -0.497926 -26.455250 0.000001 -0.000001 -0.000009 1.326759 -5.875433 -27.226433 -4.645887 -2.258786 -57.527678 -0.000009 0.000005 0.000009 3.017524 -3.640277 -33.694245 -9.009318 -4.040811 -66.342502 0.000009 -0.000002 -0.000000 -1.003298 9.869442 -4.703194 18.137726 8.736183 75.732106 24.504427 -0.125600 -0.051486 4.178635 -1.434691 5.188607 -3.726485 -5.470227 -3.438441 -7.529639 2.693712 -2.554663 -0.000001 0.000005 -0.000011 -1.401641 -0.771272 25.051110 -0.503207 0.405430 20.888143 -0.000001 -0.000003 -0.000004 -0.190470 -1.477475 37.942152 -2.973057 -15.145893 8.683073 -0.000001 0.000001 0.000001 -0.746045 -1.540391 41.909245 2.252447 0.277133 9.903575 -0.000001 0.000002 0.000004 -2.673652 -1.946858 48.088821 8.219318 -2.386863 26.746812 0.000001 0.000000 0.000002 11.237511 14.176525 -1.054808 1.132898 9.437934 -0.010599 -14.393186 -16.958810 5.818257 -0.029124 -2.018047 0.068250 8.129204 -24.969775 -5.693550 0.773431 16.920011 0.772623 -21.895257 -11.323156 12.474389 -0.160871 -6.362455 0.428686 
1.857448 95.731682 148.077164 3.350608 -5.597433 1.077367 -1.284915 3.617733 -0.683232 -2.700303 7.223585 -1.303485 -2.700301 7.223582 -1.303485 -0.045443 -14.904555 0.451151 -0.282306 4.777851 1.322415 -1.695572 7.682232 -4.809025 -44.266763 1.525668 -46.962444 -44.528257 -0.064762 0.056830 -3.249174 2.724289 23.679863 3.534708 -4.852846 10.451981 6.636610 2.589709 1.856947 -0.000004 -0.000004 0.000011 -0.510345 0.070535 -26.029036 0.878022 0.124062 -24.524754 -0.000006 -0.000002 0.000004 -0.465017 -0.517284 -26.316200 -1.589045 -0.497942 -26.455872 0.000006 -0.000001 -0.000010 1.326719 -5.875456 -27.227029 -4.645927 -2.258830 -57.528286 -0.000006 0.000004 0.000007 3.017458 -3.640321 -33.694839 -9.009354 -4.040890 -66.343130 0.000005 -0.000001 -0.000001 -1.756398 9.690433 -4.749544 18.006884 10.151571 76.307953 24.494288 -0.124763 -0.051082 2.837726 -2.453299 6.177058 -3.726493 -5.470230 -3.438439 -7.529644 2.693721 -2.554682 0.000003 0.000004 -0.000012 -1.468912 -0.805848 25.498141 -0.562457 0.383062 21.125406 0.000000 -0.000002 -0.000007 -0.229554 -1.518556 38.390864 -2.849230 -15.218710 8.884641 -0.000001 -0.000000 0.000002 -0.761459 -1.547047 42.359457 2.229121 0.236458 10.120465 0.000000 0.000000 0.000001 -2.674741 -1.963103 48.539781 8.209372 -2.424553 26.953050 -0.000000 -0.000000 0.000002 10.235149 17.347721 -1.216012 1.330759 7.147976 0.140586 -14.436139 -18.093449 5.319162 -0.030463 -2.844651 0.070553 6.789733 -26.894430 -5.506655 1.350177 16.205933 0.744481 -22.322682 -10.636391 11.761317 -0.159445 -7.039423 0.426638 
1.447349 94.977951 151.598663 4.135021 -5.771785 1.162027 -1.380097 3.675941 -0.650652 -2.892592 7.341603 -1.199212 -2.892593 7.341604 -1.199212 -0.129613 -15.195523 0.587869 -0.604475 4.005185 1.217665 -1.650615 7.321194 -4.428504 -44.433693 1.837069 -47.962142 -45.799909 -0.063722 0.059843 -3.395892 0.424481 25.745585 3.144861 -5.116819 10.395347 6.636611 2.589716 1.856951 -0.000007 -0.000002 0.000013 -0.510336 0.070524 -26.029699 0.878027 0.124100 -24.525420 -0.000003 -0.000002 0.000003 -0.465052 -0.517320 -26.316867 -1.589108 -0.497971 -26.456552 0.000002 -0.000003 -0.000010 1.326658 -5.875483 -27.227687 -4.645967 -2.258915 -57.528949 -0.000005 0.000003 0.000007 3.017379 -3.640367 -33.695526 -9.009380 -4.040974 -66.343772 0.000005 -0.000001 -0.000000 -2.387987 9.489899 -4.818369 17.683988 11.411364 76.762365 24.644016 -0.128846 -0.053860 1.500615 -3.449009 6.583233 -3.726509 -5.470236 -3.438465 -7.529631 2.693705 -2.554676 0.000001 0.000005 -0.000010 -1.552450 -0.848048 26.167787 -0.645983 0.366820 21.731036 0.000001 -0.000003 -0.000007 -0.267929 -1.574493 39.062480 -2.621460 -15.286138 9.446657 0.000000 -0.000001 0.000003 -0.761267 -1.549044 43.033781 2.236064 0.187356 10.723258 -0.000001 0.000001 0.000005 -2.651694 -1.981008 49.215020 8.256674 -2.487584 27.545827 0.000001 0.000000 0.000000 9.108900 19.432394 -0.559575 1.069369 7.870613 -0.010192 -14.232117 -19.529512 5.225074 -0.032575 -4.096061 0.074058 4.181130 -28.116020 -3.639450 0.188585 18.846317 0.692300 -17.473000 -8.752267 4.074993 -0.155928 -8.125319 0.423058 
1.009602 94.385262 155.504929 5.176767 -6.222371 0.676192 -1.482675 3.713868 -0.457206 -3.093280 7.419797 -0.871746 -3.093283 7.419797 -0.871746 -0.200116 -15.327356 0.660385 -0.840507 3.499226 1.010204 -1.478899 6.972844 -4.088881 -44.414367 2.137027 -49.962352 -45.570903 -0.063686 0.060168 -3.943788 -1.121298 27.038383 2.837110 -5.596795 9.738205 6.636615 2.589724 1.856942 -0.000006 -0.000004 0.000011 -0.510342 0.070520 -26.030423 0.878035 0.124062 -24.526139 -0.000006 -0.000004 0.000004 -0.465114 -0.517350 -26.317566 -1.589142 -0.498006 -26.457265 0.000002 -0.000000 -0.000009 1.326581 -5.875534 -27.228394 -4.645972 -2.258944 -57.529659 -0.000008 0.000005 0.000008 3.017314 -3.640426 -33.696236 -9.009405 -4.041028 -66.344455 0.000002 0.000002 0.000003 -3.041578 9.275679 -5.085893 17.102305 12.472427 77.045606 24.980794 -0.130201 -0.055646 0.160672 -4.491889 6.656175 -3.726512 -5.470235 -3.438448 -7.529644 2.693721 -2.554682 -0.000001 0.000003 -0.000012 -1.648335 -0.893266 26.984479 -0.746789 0.356923 22.593000 0.000002 -0.000002 -0.000006 -0.307093 -1.638672 39.881430 -2.329811 -15.356075 10.261856 -0.000000 -0.000000 -0.000000 -0.750095 -1.548309 43.856143 2.263201 0.132937 11.595614 -0.000001 -0.000000 -0.000004 -2.611813 -2.000857 50.038441 8.342500 -2.568944 28.409018 0.000000 0.000000 -0.000001 7.785309 19.780868 0.774601 0.697447 12.458167 -0.230613 -13.996245 -20.589913 5.578152 -0.036860 -6.542998 0.081087 2.450161 -28.152474 -1.604370 -0.315167 22.762509 0.684443 -14.190813 -4.125625 -2.404890 -0.153812 -8.879423 0.420547 
0.597491 94.023010 159.681427 6.371308 -6.777394 -0.308498 -1.564354 3.657259 -0.120803 -3.238399 7.310407 -0.327631 -3.238398 7.310407 -0.327631 -0.254059 -15.188042 0.659008 -0.972374 3.745303 0.683911 -1.140156 6.641375 -3.725510 -44.040783 2.444365 -53.046183 -43.663422 -0.063804 0.056188 -4.914870 -1.822977 27.302307 3.071664 -5.817802 8.893976 6.636601 2.589731 1.856949 -0.000007 -0.000005 0.000010 -0.510310 0.070547 -26.031162 0.878035 0.124090 -24.526890 -0.000003 -0.000003 0.000004 -0.465181 -0.517366 -26.318319 -1.589202 -0.498029 -26.458027 -0.000002 -0.000001 -0.000010 1.326515 -5.875548 -27.229125 -4.646030 -2.258998 -57.530431 -0.000008 0.000005 0.000007 3.017225 -3.640458 -33.696970 -9.009456 -4.041130 -66.345247 0.000007 -0.000001 0.000001 -3.779177 9.065107 -5.440414 16.203604 13.271297 77.113389 25.496702 -0.125720 -0.054641 -1.111479 -5.468970 6.485301 -3.726507 -5.470237 -3.438417 -7.529636 2.693702 -2.554710 -0.000001 0.000003 -0.000014 -1.752098 -0.937297 27.872428 -0.857651 0.352970 23.599251 0.000002 -0.000001 -0.000002 -0.348067 -1.704780 40.772104 -2.013938 -15.434143 11.222727 0.000001 0.000000 0.000003 -0.732916 -1.546882 44.750515 2.300757 0.076103 12.621157 -0.000001 -0.000000 -0.000001 -2.562853 -2.022946 50.933831 8.448377 -2.661576 29.426501 0.000000 0.000000 -0.000003 6.759712 20.445002 2.805758 0.442873 16.442987 -0.501928 -13.782210 -19.686337 5.656793 -0.048529 -12.483923 0.099131 0.185145 -27.617563 -0.022563 -0.436986 26.274155 0.743366 -11.805849 2.476153 -2.201588 -0.156487 -8.516770 0.422043 
0.143300 93.967323 163.812943 7.356981 -7.312768 -1.704860 -1.612633 3.559114 0.315535 -3.289293 7.122098 0.442600 -3.289294 7.122102 0.442600 -0.283331 -14.916375 0.595403 -0.967690 4.830562 0.292873 -0.580088 6.330466 -3.189848 -43.303003 2.761070 -56.891053 -41.081115 -0.064078 0.051777 -5.920822 -2.304973 26.751819 3.790810 -5.580527 8.339411 6.636610 2.589733 1.856960 -0.000007 -0.000003 0.000015 -0.510304 0.070538 -26.031977 0.878043 0.124102 -24.527686 -0.000003 -0.000004 0.000003 -0.465235 -0.517387 -26.319137 -1.589256 -0.498076 -26.458821 0.000001 -0.000003 -0.000009 1.326458 -5.875601 -27.229931 -4.646056 -2.259046 -57.531223 -0.000011 0.000003 0.000006 3.017136 -3.640508 -33.697753 -9.009487 -4.041225 -66.346033 0.000007 -0.000002 -0.000000 -4.432243 8.844830 -5.731724 14.470073 13.752444 76.819254 26.140085 -0.119095 -0.052505 -2.633856 -6.265431 6.218904 -3.726503 -5.470254 -3.438429 -7.529646 2.693721 -2.554689 0.000001 0.000004 -0.000016 -1.858713 -0.976622 28.756001 -0.971216 0.353663 24.637785 0.000002 -0.000001 -0.000005 -0.391365 -1.766925 41.658864 -1.712777 -15.520838 12.221648 0.000000 0.000002 0.000001 -0.715441 -1.546603 45.640874 2.339394 0.019722 13.683543 -0.000001 -0.000000 -0.000004 -2.513394 -2.047204 51.825085 8.556287 -2.757699 30.482219 -0.000000 0.000000 -0.000000 6.984616 19.780397 5.801135 0.056462 21.990648 -0.836898 -13.819997 -16.505265 5.396219 -0.070772 -21.528722 0.129976 -3.631473 -25.874821 2.363772 -0.790283 29.616431 0.653368 -9.022454 3.303694 -2.385713 -0.162647 -7.252236 0.426580 
-0.331476 94.166138 167.666534 7.966569 -7.822153 -3.219999 -1.627382 3.515867 0.780111 -3.265619 7.046137 1.312980 -3.265617 7.046129 1.312980 -0.309570 -14.717613 0.536037 -0.902198 6.239365 -0.165730 0.163502 6.028550 -2.315099 -42.174031 3.087295 -61.192423 -38.821791 -0.066059 0.050724 -6.579077 -3.213576 25.619396 5.153557 -4.754039 8.149881 6.636606 2.589730 1.856956 -0.000006 -0.000000 0.000020 -0.510314 0.070550 -26.032827 0.878061 0.124111 -24.528558 -0.000003 -0.000002 0.000004 -0.465299 -0.517427 -26.319982 -1.589339 -0.498071 -26.459659 0.000004 -0.000001 -0.000010 1.326381 -5.875628 -27.230777 -4.646112 -2.259120 -57.532084 -0.000011 0.000006 0.000008 3.017020 -3.640577 -33.698603 -9.009516 -4.041304 -66.346880 0.000008 -0.000001 -0.000000 -4.785331 8.587182 -5.920932 12.816771 13.668290 76.364534 26.852394 -0.115288 -0.052127 -4.422047 -6.763355 5.950647 -3.726505 -5.470243 -3.438439 -7.529635 2.693716 -2.554677 0.000003 0.000004 -0.000014 -1.962445 -1.008310 29.559508 -1.080291 0.356529 25.596556 0.000000 -0.000002 -0.000004 -0.436845 -1.819591 42.466066 -1.464380 -15.610426 13.151087 -0.000001 -0.000001 -0.000000 -0.704131 -1.549129 46.451212 2.370166 -0.033263 14.666373 -0.000000 -0.000001 -0.000002 -2.472837 -2.073093 52.636197 8.648767 -2.848473 31.460104 0.000000 0.000000 -0.000000 8.088479 16.646505 9.286833 -1.344651 30.148875 -1.891747 -13.627329 -9.291369 5.151654 -0.170849 -31.749158 1.036461 -7.797596 -23.515909 4.754362 -1.317853 32.312877 0.410920 -6.003165 -0.969136 -2.962071 -0.168954 -5.875375 0.431202 
-0.813078 94.374016 171.199432 8.492994 -8.444343 -4.330168 -1.629916 3.585095 1.131652 -3.228225 7.192275 1.969783 -3.228224 7.192280 1.969785 -0.389296 -14.621374 0.553658 -1.094275 7.169042 -0.634858 0.894691 5.707439 -1.119352 -40.439334 3.440231 -65.381118 -36.830122 -0.071810 0.052927 -6.725639 -4.629196 23.688353 6.054066 -4.561533 7.078970 6.636610 2.589732 1.856962 -0.000000 -0.000001 0.000014 -0.510277 0.070538 -26.033727 0.878065 0.124132 -24.529475 -0.000004 -0.000006 0.000006 -0.465360 -0.517459 -26.320882 -1.589406 -0.498120 -26.460585 0.000004 -0.000001 -0.000012 1.326295 -5.875672 -27.231664 -4.646118 -2.259183 -57.532985 -0.000009 0.000009 0.000009 3.016940 -3.640645 -33.699501 -9.009563 -4.041373 -66.347768 0.000007 0.000000 -0.000001 -4.798533 8.284169 -6.043478 11.707503 12.997380 75.911972 27.592001 -0.116663 -0.055078 -6.065188 -6.546143 5.249927 -3.726507 -5.470241 -3.438434 -7.529639 2.693712 -2.554687 0.000001 0.000004 -0.000015 -2.057168 -1.030312 30.207290 -1.177715 0.358156 26.363553 0.000002 -0.000001 -0.000003 -0.484012 -1.857813 43.117967 -1.305559 -15.691704 13.903531 -0.000001 -0.000002 -0.000001 -0.706122 -1.555989 47.105489 2.384487 -0.079963 15.453300 -0.000000 -0.000001 -0.000002 -2.451312 -2.099805 53.290997 8.708825 -2.924149 32.244254 -0.000000 -0.000000 0.000001 7.902678 10.629815 12.418425 -2.613837 40.646903 -3.331966 -12.685231 4.321930 -1.256386 -3.084104 -50.861495 7.059194 -10.139770 -20.660998 6.233591 -1.750661 33.866735 0.175809 -3.921844 -4.450225 -3.428200 -0.173031 -5.015470 0.433943 
-1.266278 94.470116 174.378036 9.266489 -9.300539 -4.766819 -1.615342 3.784942 1.311588 -3.173539 7.596309 2.322494 -3.173536 7.596308 2.322495 -0.558759 -14.473051 0.618004 -1.884991 7.037474 -0.947063 1.369353 5.352715 0.003675 -37.640592 3.858190 -67.384959 -34.515121 -0.083686 0.057188 -6.587467 -6.206866 20.902114 5.905794 -5.256678 5.530251 6.636613 2.589726 1.856962 -0.000007 -0.000000 0.000016 -0.510268 0.070570 -26.034694 0.878082 0.124117 -24.530416 -0.000003 0.000002 0.000006 -0.465428 -0.517498 -26.321847 -1.589472 -0.498146 -26.461522 0.000002 -0.000000 -0.000011 1.326223 -5.875722 -27.232603 -4.646169 -2.259256 -57.533948 -0.000006 0.000007 0.000006 3.016837 -3.640712 -33.700468 -9.009607 -4.041516 -66.348690 0.000008 0.000002 0.000000 -4.590936 7.955394 -6.068025 11.066072 11.924926 75.503049 28.330243 -0.123247 -0.061759 -7.468191 -6.854667 4.102972 -3.726495 -5.470243 -3.438457 -7.529642 2.693725 -2.554687 0.000003 0.000005 -0.000011 -2.136440 -1.041051 30.623659 -1.256464 0.354204 26.826794 0.000000 -0.000002 -0.000005 -0.532078 -1.876972 43.538843 -1.272179 -15.750795 14.371331 -0.000000 0.000000 0.000003 -0.728820 -1.568683 47.527632 2.374041 -0.117658 15.927947 -0.000000 -0.000001 -0.000006 -2.459272 -2.126300 53.713485 8.719935 -2.974662 32.718754 0.000000 0.000000 -0.000001 6.290355 4.981033 13.541560 -3.881711 51.076127 -5.015203 -11.392476 14.008610 -0.156652 -4.196543 -54.259665 7.455160 -10.961212 -17.963993 6.686748 -1.961390 35.357581 0.059570 -3.085265 -7.650903 -3.624666 -0.174324 -4.720766 0.434863 
-1.679259 94.622246 177.392792 10.121281 -10.360563 -4.796061 -1.506417 4.028589 1.399315 -2.903359 8.081484 2.448646 -2.903358 8.081478 2.448647 -0.785484 -14.127672 0.632897 -3.201157 5.962846 -1.018804 1.512260 4.982129 0.567594 -34.530151 4.295076 -68.855096 -32.094075 -0.099643 0.062022 -6.327077 -7.944015 17.726993 5.564806 -5.364855 5.879683 6.636609 2.589732 1.856941 -0.000011 -0.000003 0.000016 -0.510251 0.070551 -26.035720 0.878099 0.124141 -24.531434 -0.000006 -0.000000 0.000006 -0.465513 -0.517542 -26.322863 -1.589545 -0.498179 -26.462537 0.000003 -0.000003 -0.000008 1.326142 -5.875793 -27.233612 -4.646224 -2.259318 -57.534925 -0.000005 0.000004 0.000009 3.016711 -3.640788 -33.701465 -9.009652 -4.041612 -66.349721 0.000006 0.000004 0.000001 -4.261899 7.617607 -5.933929 11.083299 10.628609 75.207247 29.046677 -0.133937 -0.071665 -7.290744 -8.042418 2.271078 -3.726510 -5.470235 -3.438445 -7.529641 2.693711 -2.554678 -0.000001 0.000004 -0.000010 -2.192465 -1.031835 30.657724 -1.310927 0.340689 26.860482 0.000002 -0.000002 -0.000006 -0.582942 -1.862917 43.578704 -1.454605 -15.760072 14.451220 -0.000000 0.000000 0.000001 -0.791412 -1.594741 47.566752 2.328198 -0.142676 15.967582 0.000000 -0.000000 -0.000002 -2.521588 -2.156674 53.752383 8.657943 -2.988278 32.765285 -0.000000 -0.000000 -0.000003 3.965955 -0.281695 13.604655 -5.774147 59.892945 -7.285485 -9.921700 18.899444 2.271837 -1.195779 -36.442181 1.856981 -11.346301 -14.905728 6.591180 -2.047537 36.140105 0.011005 -2.922544 -10.426071 -3.713826 -0.174060 -4.774406 0.434700 
-2.065977 94.945015 180.361237 10.406002 -11.355497 -4.617871 -1.221930 4.207094 1.466283 -2.253151 8.430107 2.462216 -2.253149 8.430102 2.462216 -0.989724 -13.598626 0.535591 -4.532658 4.783436 -1.003401 1.508070 4.619068 0.550256 -31.477255 4.734624 -69.890348 -29.793910 -0.117223 0.066212 -6.090564 -9.809802 14.630339 5.762098 -4.718929 7.185591 6.636602 2.589714 1.856948 -0.000009 0.000000 0.000016 -0.510254 0.070583 -26.036755 0.878113 0.124143 -24.532487 -0.000003 -0.000000 0.000004 -0.465589 -0.517553 -26.323877 -1.589626 -0.498235 -26.463611 -0.000000 -0.000000 -0.000010 1.326039 -5.875818 -27.234652 -4.646276 -2.259402 -57.536011 -0.000004 0.000006 0.000007 3.016592 -3.640855 -33.702465 -9.009694 -4.041712 -66.350794 0.000005 -0.000000 0.000000 -3.807121 7.257789 -5.784818 11.868639 9.298694 75.048691 29.731807 -0.146258 -0.083070 -5.569166 -9.627272 -0.185756 -3.726512 -5.470247 -3.438452 -7.529641 2.693724 -2.554697 0.000004 0.000003 -0.000012 -2.227439 -1.002250 30.320818 -1.345193 0.318933 26.524679 0.000002 -0.000003 -0.000007 -0.637382 -1.815605 43.249120 -1.857165 -15.717630 14.207692 -0.000000 0.000001 -0.000000 -0.894067 -1.636448 47.234460 2.252144 -0.156803 15.638266 -0.000000 -0.000000 -0.000004 -2.637835 -2.194051 53.419224 8.530777 -2.970467 32.451294 -0.000000 0.000000 -0.000001 2.114708 -5.897796 13.510591 -8.319006 65.989811 -10.096105 -9.814597 16.063061 1.823408 0.042411 -1.799613 -0.607865 -11.189799 -11.464028 6.407658 -2.074166 35.715172 -0.007434 -3.081869 -12.528433 -3.784136 -0.173298 -4.943479 0.434168 
-2.383894 95.484604 183.304352 9.622350 -12.370467 -4.112067 -0.732985 4.323932 1.473547 -1.230098 8.654501 2.397688 -1.230096 8.654495 2.397687 -1.107479 -12.998664 0.296086 -5.432706 4.324952 -1.091657 1.651403 4.274036 0.397917 -28.850818 5.161857 -70.583066 -27.844446 -0.134429 0.069865 -6.047289 -11.739652 12.103473 6.339415 -4.034693 8.000138 6.636606 2.589720 1.856955 -0.000009 -0.000004 0.000017 -0.510212 0.070573 -26.037893 0.878119 0.124178 -24.533643 -0.000003 -0.000001 0.000006 -0.465662 -0.517616 -26.325019 -1.589698 -0.498249 -26.464717 0.000001 -0.000001 -0.000007 1.325960 -5.875895 -27.235764 -4.646325 -2.259461 -57.537111 -0.000006 0.000004 0.000007 3.016474 -3.640935 -33.703582 -9.009751 -4.041852 -66.351880 0.000006 -0.000003 -0.000001 -3.215822 6.863841 -5.809836 13.289437 8.133143 75.009622 30.380453 -0.157753 -0.094146 -3.785243 -10.997716 -2.497728 -3.726506 -5.470232 -3.438448 -7.529636 2.693696 -2.554706 0.000003 0.000005 -0.000007 -2.250287 -0.962379 29.780598 -1.366628 0.292475 25.986408 0.000001 -0.000001 -0.000006 -0.693381 -1.751259 42.716925 -2.386972 -15.650376 13.785033 -0.000000 0.000000 -0.000002 -1.015447 -1.687438 46.698666 2.161082 -0.165292 15.106751 -0.000000 -0.000000 -0.000001 -2.780165 -2.236107 52.882371 8.369702 -2.937069 31.939536 0.000000 0.000000 -0.000002 1.812765 -10.238232 12.980747 -9.884156 68.178183 -11.754607 -9.667223 9.951614 0.435325 -0.922854 -11.189691 2.963231 -10.595728 -7.520775 6.005530 -1.975285 34.005097 0.044387 -2.771258 -13.867912 -4.011828 -0.172626 -5.101908 0.433658 
-2.587895 96.404312 186.244614 7.877664 -13.364944 -3.233274 -0.106378 4.394594 1.369085 0.005646 8.788514 2.253624 0.005645 8.788514 2.253625 -1.132427 -12.416948 -0.056007 -5.857837 4.742057 -1.266874 2.093022 3.944949 0.511458 -27.025204 5.556779 -71.024521 -26.460373 -0.151828 0.074711 -6.437410 -13.637904 10.697780 6.566007 -3.796052 8.261016 6.636601 2.589727 1.856955 -0.000006 -0.000001 0.000012 -0.510211 0.070591 -26.039058 0.878149 0.124163 -24.534793 -0.000004 -0.000002 0.000005 -0.465763 -0.517648 -26.326199 -1.589783 -0.498321 -26.465880 0.000003 -0.000003 -0.000008 1.325848 -5.875938 -27.236908 -4.646371 -2.259570 -57.538285 -0.000006 0.000007 0.000009 3.016340 -3.641030 -33.704743 -9.009802 -4.041946 -66.353034 0.000006 -0.000001 0.000001 -2.506733 6.447979 -5.878199 14.680983 7.143356 74.975833 30.965680 -0.168149 -0.104765 -3.429141 -11.988291 -4.256097 -3.726509 -5.470243 -3.438452 -7.529641 2.693732 -2.554710 0.000003 0.000004 -0.000008 -2.269452 -0.921984 29.204782 -1.382909 0.265524 25.412586 0.000002 -0.000003 -0.000004 -0.748329 -1.685629 42.148954 -2.950866 -15.580855 13.328201 -0.000000 0.000000 -0.000000 -1.135142 -1.740117 46.127368 2.069998 -0.172651 14.539859 0.000000 0.000001 0.000004 -2.921759 -2.279112 52.310250 8.206076 -2.902632 31.392840 -0.000000 0.000001 -0.000002 2.876745 -12.805227 11.655558 -8.787197 65.737989 -10.518577 -7.971402 5.241571 -1.728096 -1.898658 -16.815996 5.133765 -10.130075 -2.605666 5.115276 -1.741560 30.165343 0.150961 -1.377864 -14.033684 -4.445741 -0.171835 -5.243805 0.433236 
-2.777297 96.772949 189.126938 5.787895 -13.921607 -2.175455 0.532770 4.456059 1.165006 1.239693 8.905175 1.992773 1.239693 8.905178 1.992772 -1.100137 -11.899455 -0.422108 -6.024475 5.592628 -1.346306 2.752318 3.617917 0.965782 -26.373032 5.903363 -71.303289 -25.866620 -0.168680 0.081572 -7.605655 -15.382582 11.068881 6.514556 -3.562611 9.023295 6.636601 2.589723 1.856954 -0.000009 -0.000003 0.000012 -0.510189 0.070594 -26.040303 0.878162 0.124193 -24.536008 -0.000003 -0.000001 0.000006 -0.465842 -0.517706 -26.327410 -1.589876 -0.498329 -26.467097 0.000002 -0.000000 -0.000012 1.325742 -5.876000 -27.238111 -4.646436 -2.259645 -57.539494 -0.000007 0.000004 0.000010 3.016196 -3.641090 -33.705945 -9.009864 -4.042120 -66.354243 0.000006 0.000000 0.000000 -1.698543 6.020534 -5.757163 16.037272 6.404439 74.990874 31.456750 -0.178302 -0.114773 -2.751360 -13.142938 -6.168961 -3.726499 -5.470249 -3.438449 -7.529645 2.693717 -2.554695 0.000001 0.000004 -0.000014 -2.292145 -0.890513 28.760974 -1.402074 0.242364 24.970260 0.000004 -0.000001 -0.000005 -0.798411 -1.633875 41.711904 -3.454591 -15.522904 12.982795 0.000000 -0.000000 -0.000001 -1.234405 -1.785153 45.688426 1.993716 -0.182454 14.104431 -0.000001 -0.000000 -0.000000 -3.037691 -2.317213 51.871400 8.071524 -2.879475 30.974317 0.000001 -0.000001 -0.000000 3.995407 -14.885069 9.865769 -7.028836 60.946044 -8.501845 -4.527536 1.916315 -4.803194 -1.348680 -16.629970 5.537677 -10.166965 0.634394 3.902452 -1.484282 28.589550 0.270415 0.627874 -15.168923 -4.920899 -0.171196 -5.384485 0.432788 
